{
"type": "FeatureCollection",
"name": "comunas_web",
"crs": { "type": "name", "properties": { "name": "urn:ogc:def:crs:OGC:1.3:CRS84" } },
"features": [
{ "type": "Feature", "properties": { "comuna_id": "31580391B46161609447844", "comuna": "Cholchol", "region": "Región de La Araucanía" }, "geometry": { "type": "Polygon", "coordinates": [ [ [ -72.765917884999965, -38.584280146999959 ], [ -72.765826665999953, -38.587516886999936 ], [ -72.77173430299996, -38.585867100999963 ], [ -72.770290018999958, -38.58956625999997 ], [ -72.784221120999973, -38.58668401999995 ], [ -72.782968765999954, -38.590377109999963 ], [ -72.789241306999941, -38.588899322999964 ], [ -72.792125995999982, -38.594097687999977 ], [ -72.795729376999986, -38.584602801999949 ], [ -72.790630199999953, -38.546450619999973 ], [ -72.804931068999963, -38.528762891999975 ], [ -72.803128270999935, -38.523856044999945 ], [ -72.811456279999959, -38.514109026999961 ], [ -72.845503703999952, -38.520707448999929 ], [ -72.854497220999974, -38.512195237999947 ], [ -72.873025067999947, -38.506377648999944 ], [ -72.869841109999982, -38.496129767999946 ], [ -72.874919449999936, -38.493700711999963 ], [ -72.874023937999937, -38.485965982999971 ], [ -72.883619575999944, -38.485692754999945 ], [ -72.884475204999944, -38.498630542999933 ], [ -72.890637828999957, -38.489936119999982 ], [ -72.921200839999983, -38.492576886999984 ], [ -72.917764625999951, -38.48960253599995 ], [ -72.921751474999951, -38.485293965999972 ], [ -72.942867994999972, -38.482868162999978 ], [ -72.951413877999983, -38.471482648999938 ], [ -72.977195363999954, -38.457836733999955 ], [ -72.986801478999951, -38.460088801999973 ], [ -72.996726028999944, -38.479125883999984 ], [ -73.058926336999946, -38.477533118999929 ], [ -73.062286386999972, -38.488553555999943 ], [ -73.050573142999951, -38.496218502999966 ], [ -73.007817415999966, -38.505560942999978 ], [ -73.041866517999949, -38.597468825999954 ], [ -73.03502, -38.59952 ], [ -73.047092905999989, -38.621125640999935 ], [ -73.045144582999967, -38.629019582999945 ], [ -73.039328373999979, -38.629156179999939 ], [ -73.029831199999933, -38.638926549999951 ], [ -73.030953540999974, -38.643317816999968 ], [ -73.00675, -38.64867 ], [ -72.99637874299998, -38.641030134999937 ], [ -72.98663309899996, -38.642627911999966 ], [ -72.969502708999983, -38.634917247999965 ], [ -72.96287, -38.62641 ], [ -72.915520000999948, -38.645580000999985 ], [ -72.90802, -38.659880000999976 ], [ -72.887149998999973, -38.64799 ], [ -72.8827, -38.67141 ], [ -72.873627983999938, -38.687165301999983 ], [ -72.837685435999958, -38.70985645199994 ], [ -72.812128521999966, -38.713870183999973 ], [ -72.799700536999978, -38.708463237999979 ], [ -72.788475276999975, -38.683766682999931 ], [ -72.771383730999958, -38.672702633999961 ], [ -72.762558683999941, -38.66142074399994 ], [ -72.763477311999964, -38.653431109999929 ], [ -72.75669316699998, -38.653887753999982 ], [ -72.759196657999951, -38.64138771699993 ], [ -72.769012934999978, -38.632181996999975 ], [ -72.757873942999936, -38.59631658099994 ], [ -72.765917884999965, -38.584280146999959 ] ] ] } },
{ "type": "Feature", "properties": { "comuna_id": "31580391B78102184130185", "comuna": "Cunco", "region": "Región de La Araucanía" }, "geometry": { "type": "Polygon", "coordinates": [ [ [ -71.560258416999943, -39.002737018999937 ], [ -71.590638101999957, -39.003780388999985 ], [ -71.602240268999935, -38.99569351599996 ], [ -71.631153838999978, -38.993902069999933 ], [ -71.658492928999976, -39.008243772999947 ], [ -71.684981728999958, -39.013332628999933 ], [ -71.715030487999968, -38.991623467999943 ], [ -71.711216060999959, -38.984128072999965 ], [ -71.722507202999964, -38.97489901199998 ], [ -71.734995105999985, -38.948380616999941 ], [ -71.753227274999972, -38.94586580899994 ], [ -71.760216105999973, -38.93102823199996 ], [ -71.757576752999967, -38.918559727999934 ], [ -71.770376644999942, -38.903320262999955 ], [ -71.790056924999988, -38.891090735999967 ], [ -71.803542428999947, -38.888337796999963 ], [ -71.809267244999944, -38.874312336999935 ], [ -71.815254806999974, -38.881780793999951 ], [ -71.82729835899994, -38.879165232999981 ], [ -71.828645134999988, -38.883493039999962 ], [ -71.854820873999984, -38.884631823999939 ], [ -71.848329566999951, -38.874769121999975 ], [ -71.829642969999952, -38.864013467999939 ], [ -71.828586170999984, -38.853971328999933 ], [ -71.801363231999972, -38.816527676999954 ], [ -71.794943502999956, -38.790739118999966 ], [ -71.797765828999957, -38.765692912999953 ], [ -71.779023419999987, -38.74203119699996 ], [ -71.758685224999965, -38.725850184999956 ], [ -71.77960307099994, -38.727993570999956 ], [ -71.792948990999946, -38.735978569999929 ], [ -71.829174225999964, -38.780429266999931 ], [ -71.850703306999947, -38.774203203999946 ], [ -71.870894674999988, -38.778257294999946 ], [ -71.87541325799998, -38.78506165999994 ], [ -71.887360425999987, -38.784734440999955 ], [ -71.891438215999983, -38.789993573999936 ], [ -71.877456592999977, -38.81682398099997 ], [ -71.881082744999958, -38.823859573999982 ], [ -71.895433796999953, -38.81315125499998 ], [ -71.915449585999966, -38.810882782999954 ], [ -71.949629183999946, -38.796447562999958 ], [ -72.021370920999971, -38.808184880999931 ], [ -72.048420487999977, -38.823247180999942 ], [ -72.070393085999967, -38.829382790999944 ], [ -72.087042044999976, -38.827335577999975 ], [ -72.093870490999961, -38.820994527999972 ], [ -72.108832356999983, -38.824468950999972 ], [ -72.136686123999937, -38.821016583999949 ], [ -72.164619850999941, -38.805695467999954 ], [ -72.178486160999967, -38.803692692999959 ], [ -72.185995803999958, -38.808555282999976 ], [ -72.226313778999952, -38.807745132999969 ], [ -72.233415900999944, -38.815133709999941 ], [ -72.24170890299996, -38.814444271999946 ], [ -72.237627732999954, -38.815931378999949 ], [ -72.241289652999967, -38.820446603999983 ], [ -72.24886946099997, -38.821028577999982 ], [ -72.247747304999962, -38.825595564999958 ], [ -72.252202505999946, -38.824138266999967 ], [ -72.263657765999938, -38.832835925999973 ], [ -72.274853289999953, -38.829387371999985 ], [ -72.292918078999946, -38.835076776999983 ], [ -72.29495396599998, -38.841356756999971 ], [ -72.314776216999974, -38.841425915999935 ], [ -72.321502102999943, -38.851914010999963 ], [ -72.326368909999985, -38.850230434999958 ], [ -72.322849105999978, -38.853064808999932 ], [ -72.326525978999939, -38.855130968999958 ], [ -72.335133886999984, -38.85366013099997 ], [ -72.334444719999965, -38.849833282999953 ], [ -72.344422258999941, -38.852002450999976 ], [ -72.337123029999987, -38.863696990999983 ], [ -72.325090193999984, -38.866520120999951 ], [ -72.329398989999959, -38.878334615999961 ], [ -72.322790379999958, -38.879874478999966 ], [ -72.346187569999984, -38.940007672999968 ], [ -72.325136230999988, -38.949041576999946 ], [ -72.340810234999935, -38.988031532999969 ], [ -72.350811267999973, -38.985674499999959 ], [ -72.358079696999937, -39.006178911999939 ], [ -72.350310380999986, -39.005667832999961 ], [ -72.315180043999987, -39.031017515999963 ], [ -72.301003295999976, -39.032007193999959 ], [ -72.311080414999935, -39.061546915999941 ], [ -72.309703691999971, -39.071122596999942 ], [ -72.275140385999975, -39.092057156999942 ], [ -72.267095082999958, -39.111339932999954 ], [ -72.24084395899996, -39.099696176999942 ], [ -72.228327684999954, -39.10262913899993 ], [ -72.214820157999952, -39.096453688999929 ], [ -72.182760665999979, -39.105549756999949 ], [ -72.164631619999966, -39.100177534999943 ], [ -72.139085384999987, -39.102454213999977 ], [ -72.082232146999957, -39.126996402999964 ], [ -72.063154053999938, -39.125085701999978 ], [ -72.044615777999979, -39.141605684999945 ], [ -71.994932651999989, -39.130575766999982 ], [ -71.975624240999934, -39.120333249999931 ], [ -71.960924466999984, -39.120536664999975 ], [ -71.950667705999933, -39.133219008999959 ], [ -71.917087435999974, -39.148018401999934 ], [ -71.909096019999936, -39.156559737999942 ], [ -71.909201188999987, -39.171606162999979 ], [ -71.891438520999941, -39.185807240999964 ], [ -71.871448001999966, -39.181024210999965 ], [ -71.868227741999988, -39.161501053999984 ], [ -71.854934778999962, -39.147053932999938 ], [ -71.820089742999983, -39.150002284999971 ], [ -71.811224470999946, -39.136785434999979 ], [ -71.817439044999958, -39.126780316999941 ], [ -71.79673272399998, -39.126324426999929 ], [ -71.740759339999954, -39.099445969999977 ], [ -71.730974839999988, -39.108460072999947 ], [ -71.681789150999975, -39.116444104999971 ], [ -71.664223236999987, -39.127253989999929 ], [ -71.645571468999947, -39.115725321999946 ], [ -71.615663099999949, -39.106867453999939 ], [ -71.632189808999954, -39.080125009999961 ], [ -71.594774395999934, -39.077747772999942 ], [ -71.564472427999988, -39.066611123999962 ], [ -71.538386837999951, -39.070142679999947 ], [ -71.534175310999956, -39.067409220999934 ], [ -71.543945057999963, -39.063410466999983 ], [ -71.538995960999955, -39.058140204999972 ], [ -71.54530260599995, -39.045628093999937 ], [ -71.554049117999966, -39.042472827999973 ], [ -71.554034797999975, -39.037118349999957 ], [ -71.563422137999964, -39.029960654999968 ], [ -71.556954588999986, -39.021188190999965 ], [ -71.563749794999978, -39.008527835999985 ], [ -71.560258416999943, -39.002737018999937 ] ] ] } },
{ "type": "Feature", "properties": { "comuna_id": "31580391B50358480496831", "comuna": "Freire", "region": "Región de La Araucanía" }, "geometry": { "type": "Polygon", "coordinates": [ [ [ -72.333814806999953, -38.908127975999946 ], [ -72.35001, -38.89898 ], [ -72.37214081999997, -38.898123233999968 ], [ -72.383849889999965, -38.890490056999965 ], [ -72.401651727999933, -38.89059862199997 ], [ -72.433894172999942, -38.87944054999997 ], [ -72.45449883699996, -38.884267947999945 ], [ -72.510431706999952, -38.87742461199997 ], [ -72.514711900999941, -38.869606438999938 ], [ -72.509810992999974, -38.86765511699997 ], [ -72.514786603999937, -38.865676704999942 ], [ -72.543553924999969, -38.867688880999935 ], [ -72.538923583999974, -38.875080829999945 ], [ -72.542481286999987, -38.876490665999938 ], [ -72.550204254999983, -38.867752378999967 ], [ -72.552962939999986, -38.872010171999932 ], [ -72.558943617999944, -38.867819294999947 ], [ -72.558871202999967, -38.871885683999949 ], [ -72.566244550999954, -38.873068644999933 ], [ -72.564079381999989, -38.867964360999963 ], [ -72.57135875299997, -38.871362748999957 ], [ -72.586969093999983, -38.863609987999951 ], [ -72.602465137999957, -38.862895988999981 ], [ -72.601586267999949, -38.853175927999985 ], [ -72.621976878999988, -38.852749193999955 ], [ -72.624957570999982, -38.838889366999979 ], [ -72.634636973999989, -38.837155393999979 ], [ -72.632362228999966, -38.828633474999947 ], [ -72.636742158999937, -38.825814569999977 ], [ -72.640126021999947, -38.832321684999954 ], [ -72.648090280999952, -38.828983652999966 ], [ -72.656578846999935, -38.838209914999936 ], [ -72.670237704999977, -38.830880899999954 ], [ -72.684632471999976, -38.838036472999931 ], [ -72.704227784999944, -38.831815305999953 ], [ -72.710766347999936, -38.836930038999981 ], [ -72.706867511999974, -38.844170880999968 ], [ -72.714711088999934, -38.846189137999943 ], [ -72.720986107999977, -38.843557396999984 ], [ -72.721181883999975, -38.83818443399997 ], [ -72.739032170999963, -38.835967620999952 ], [ -72.779765475999966, -38.841692970999929 ], [ -72.789906008999935, -38.833568775999936 ], [ -72.804673690999948, -38.83326719799993 ], [ -72.813159611999936, -38.826482666999937 ], [ -72.817677905999972, -38.834952724999937 ], [ -72.808270113999981, -38.836805003999984 ], [ -72.808532839999941, -38.847208873999932 ], [ -72.799192369999957, -38.853305567999939 ], [ -72.818380098999967, -38.905321218999973 ], [ -72.826278616999957, -38.911529410999947 ], [ -72.870995719999939, -38.910304368999959 ], [ -72.914807532999987, -39.02205199399998 ], [ -72.905389715999945, -39.025008843999956 ], [ -72.896197254999947, -39.018544851999934 ], [ -72.889022373999978, -39.023510944999941 ], [ -72.857305872999973, -39.022264438999969 ], [ -72.850339576999943, -39.031756018999943 ], [ -72.821446780999963, -39.034974648999935 ], [ -72.810466362999989, -39.027447859999938 ], [ -72.806274409999958, -39.013340674999938 ], [ -72.799637827999959, -39.013644839999984 ], [ -72.794110531999934, -39.006739366999966 ], [ -72.770066146999966, -38.995929106999938 ], [ -72.74577280799997, -39.00008063699994 ], [ -72.740609359999951, -39.005626415999984 ], [ -72.731791857999951, -39.002118461999942 ], [ -72.724076871999955, -39.006783026999983 ], [ -72.706179348999967, -39.005429185999958 ], [ -72.695023655999989, -38.995023549999985 ], [ -72.684215200999972, -38.992683128999943 ], [ -72.677303329999972, -38.983322437999959 ], [ -72.666017910999983, -38.983998784999983 ], [ -72.665029096999945, -38.977148202999956 ], [ -72.638288060999969, -38.972183278999978 ], [ -72.623969077999959, -38.98512446899997 ], [ -72.612873920999959, -38.984419239999966 ], [ -72.600713780999968, -38.990700618999938 ], [ -72.585648494999987, -38.986863958999947 ], [ -72.563195173999986, -38.997173552999982 ], [ -72.554507280999985, -39.007201471999963 ], [ -72.547400130999961, -39.003936955999961 ], [ -72.541000025999949, -39.010792776999949 ], [ -72.529023651999978, -39.008774351999932 ], [ -72.517590152999958, -39.017036824999934 ], [ -72.523259565999979, -39.022411778999981 ], [ -72.523516401999984, -39.033940954999935 ], [ -72.512871577999988, -39.041832188999933 ], [ -72.503736291999985, -39.055331962999958 ], [ -72.505871398999943, -39.062302790999979 ], [ -72.495730787999946, -39.07228956199998 ], [ -72.483149228999935, -39.069561637999982 ], [ -72.475095350999936, -39.076725819999979 ], [ -72.417937994999988, -39.090907665999964 ], [ -72.411302965999937, -39.10184762199998 ], [ -72.380976988999976, -39.108964821999962 ], [ -72.379545663999977, -39.115494340999931 ], [ -72.369420679999962, -39.119563171999971 ], [ -72.358127937999939, -39.088158376999957 ], [ -72.332130985999981, -39.094105167999942 ], [ -72.318767406999939, -39.059712074999936 ], [ -72.311040349999985, -39.061556467999935 ], [ -72.301003295999976, -39.032007193999959 ], [ -72.315180043999987, -39.031017515999963 ], [ -72.350310380999986, -39.005667832999961 ], [ -72.358079696999937, -39.006178911999939 ], [ -72.350811267999973, -38.985674499999959 ], [ -72.340810234999935, -38.988031532999969 ], [ -72.325136230999988, -38.949041576999946 ], [ -72.346187569999984, -38.940007672999968 ], [ -72.333814806999953, -38.908127975999946 ] ] ] } },
{ "type": "Feature", "properties": { "comuna_id": "31580391B85398807334146", "comuna": "Galvarino", "region": "Región de La Araucanía" }, "geometry": { "type": "Polygon", "coordinates": [ [ [ -72.765826665999953, -38.587516886999936 ], [ -72.761692727999957, -38.580020499999932 ], [ -72.762497421999967, -38.584178604999977 ], [ -72.75326666899997, -38.582137927999952 ], [ -72.740778439999985, -38.564293196999984 ], [ -72.715768171999969, -38.56568991499995 ], [ -72.708340715999952, -38.549211758999945 ], [ -72.690491281999982, -38.553177056999971 ], [ -72.684039475999953, -38.549862932999929 ], [ -72.635206215999972, -38.55201305199995 ], [ -72.627814512999976, -38.542401398999971 ], [ -72.634708184999965, -38.51320409899995 ], [ -72.609859062999988, -38.485967666999954 ], [ -72.614655685999935, -38.457088183999929 ], [ -72.609572620999984, -38.448741464999955 ], [ -72.617257604999963, -38.448319443999935 ], [ -72.629629073999979, -38.433478356999956 ], [ -72.648824201999957, -38.422823978999929 ], [ -72.660769903999949, -38.422802191999949 ], [ -72.671563756999944, -38.415600078999944 ], [ -72.690356685999973, -38.417964449999943 ], [ -72.69151661899997, -38.408054473999982 ], [ -72.68243874999996, -38.390178357999957 ], [ -72.673677245999954, -38.387217853999971 ], [ -72.700079272999972, -38.36608135299997 ], [ -72.737128881999979, -38.364038461999939 ], [ -72.742496765999988, -38.367956444999948 ], [ -72.752486579999982, -38.361923377999972 ], [ -72.762953254999957, -38.345938090999937 ], [ -72.750004646999969, -38.34306638399994 ], [ -72.757305963999954, -38.33774877299993 ], [ -72.762051761999942, -38.340321342999971 ], [ -72.767104764999942, -38.33360569499996 ], [ -72.775563481999939, -38.334166480999954 ], [ -72.777635483999973, -38.320862659999932 ], [ -72.794619469999986, -38.321903539999937 ], [ -72.804191180999965, -38.327006607999976 ], [ -72.808115715999975, -38.336994857999969 ], [ -72.815616868999939, -38.332305337999969 ], [ -72.840951921999988, -38.338584210999954 ], [ -72.850971997999977, -38.344092099999955 ], [ -72.849521493999987, -38.349030865999964 ], [ -72.860500461999948, -38.346286842999973 ], [ -72.872019631999933, -38.349806807999983 ], [ -72.874617594999961, -38.345050461999961 ], [ -72.878782430999934, -38.351956420999954 ], [ -72.892933835999941, -38.358089303999975 ], [ -72.913289736999957, -38.355782274999967 ], [ -72.927473262999968, -38.363800362999939 ], [ -72.95567811899997, -38.360298435999937 ], [ -72.959924095999952, -38.378122264999945 ], [ -72.95722551199998, -38.389101652999955 ], [ -72.976114851999967, -38.39405420099996 ], [ -72.984896510999988, -38.407663740999965 ], [ -73.004149385999938, -38.41033727599995 ], [ -72.990929219999941, -38.42023649999993 ], [ -72.981643905999988, -38.420611427999972 ], [ -72.979330827999945, -38.432759838999971 ], [ -72.984220816999937, -38.437051944999951 ], [ -72.989064545999952, -38.461598214999981 ], [ -72.976925021999989, -38.457932551999932 ], [ -72.951413877999983, -38.471482648999938 ], [ -72.942867994999972, -38.482868162999978 ], [ -72.921751474999951, -38.485293965999972 ], [ -72.917764625999951, -38.48960253599995 ], [ -72.921200839999983, -38.492576886999984 ], [ -72.890637828999957, -38.489936119999982 ], [ -72.884475204999944, -38.498630542999933 ], [ -72.883619575999944, -38.485692754999945 ], [ -72.874023937999937, -38.485965982999971 ], [ -72.874919449999936, -38.493700711999963 ], [ -72.869841109999982, -38.496129767999946 ], [ -72.873025067999947, -38.506377648999944 ], [ -72.854497220999974, -38.512195237999947 ], [ -72.845503703999952, -38.520707448999929 ], [ -72.811456279999959, -38.514109026999961 ], [ -72.790630199999953, -38.546450619999973 ], [ -72.794762537999986, -38.590611415999945 ], [ -72.791039673999933, -38.594241034999982 ], [ -72.789782880999951, -38.58913397799995 ], [ -72.782968765999954, -38.590377109999963 ], [ -72.784221120999973, -38.58668401999995 ], [ -72.770290018999958, -38.58956625999997 ], [ -72.77173430299996, -38.585867100999963 ], [ -72.765826665999953, -38.587516886999936 ] ] ] } },
{ "type": "Feature", "properties": { "comuna_id": "31580391B66667746690857", "comuna": "Nueva Imperial", "region": "Región de La Araucanía" }, "geometry": { "type": "Polygon", "coordinates": [ [ [ -73.050573142999951, -38.496218502999966 ], [ -73.053074884999944, -38.518836022999949 ], [ -73.065751500999966, -38.523732286999973 ], [ -73.086785620999933, -38.517178112999943 ], [ -73.100734885999941, -38.520309802999975 ], [ -73.094999611999981, -38.530561921999947 ], [ -73.098536942999942, -38.558685618999959 ], [ -73.12610290799995, -38.569015287999946 ], [ -73.125745326999947, -38.580579176999947 ], [ -73.120145372999957, -38.587126522999938 ], [ -73.122608395999976, -38.597046167999963 ], [ -73.100326477999943, -38.607611773999963 ], [ -73.103774617999989, -38.615668819999939 ], [ -73.094005157999959, -38.643806753999968 ], [ -73.101244486999974, -38.665857982999967 ], [ -73.078171761999954, -38.685769695999966 ], [ -73.070806129999937, -38.704089868999972 ], [ -73.079915017999951, -38.717212825999979 ], [ -73.096137590999945, -38.714891275999946 ], [ -73.081319982999958, -38.733089374999963 ], [ -73.078411418999963, -38.746674177999978 ], [ -73.067437059999975, -38.75660886199995 ], [ -73.064263848999985, -38.766325174999963 ], [ -73.069061351999949, -38.77874049299993 ], [ -73.076417625999966, -38.783459942999968 ], [ -73.075392103999945, -38.805066008999972 ], [ -73.09730424299994, -38.812041366999949 ], [ -73.100832112999967, -38.821485808999967 ], [ -73.098400451999964, -38.840581435999979 ], [ -73.088858001999938, -38.842661964999934 ], [ -73.086558882999952, -38.848265930999958 ], [ -73.092845780999937, -38.855617222999967 ], [ -73.099156782999955, -38.854703226999959 ], [ -73.103165695999962, -38.862826283999937 ], [ -73.094922483999937, -38.901713755999936 ], [ -73.067002647999971, -38.891537298999936 ], [ -73.040880327999957, -38.899837631999958 ], [ -73.034738345999983, -38.912428496999951 ], [ -73.029438385999981, -38.912924459999942 ], [ -73.02136016299994, -38.907280912999965 ], [ -73.018393540999966, -38.89699130799994 ], [ -73.003149274999942, -38.89980738099996 ], [ -72.993859631999953, -38.894724062999956 ], [ -72.960185960999979, -38.901979998999934 ], [ -72.955170537999948, -38.892892038999946 ], [ -72.935851386999957, -38.897510783999962 ], [ -72.934433198999955, -38.902832751999938 ], [ -72.888771271999985, -38.888974571999938 ], [ -72.878544085999977, -38.891827811999974 ], [ -72.88082008899994, -38.902930033999951 ], [ -72.872717419999958, -38.913243353999974 ], [ -72.866056785999945, -38.907613172999959 ], [ -72.852477265999937, -38.912387578999983 ], [ -72.824108873999933, -38.91090516099996 ], [ -72.818380098999967, -38.905321218999973 ], [ -72.799192369999957, -38.853305567999939 ], [ -72.808532839999941, -38.847208873999932 ], [ -72.808270113999981, -38.836805003999984 ], [ -72.817677905999972, -38.834952724999937 ], [ -72.814152040999943, -38.821274435999953 ], [ -72.840279374999966, -38.808833640999978 ], [ -72.826471527999956, -38.784585472999936 ], [ -72.812197827999967, -38.741811570999971 ], [ -72.81856737399994, -38.738710568999977 ], [ -72.814011069999935, -38.716584266999973 ], [ -72.826776233999965, -38.709057733999941 ], [ -72.841917155999965, -38.707807566999975 ], [ -72.873627983999938, -38.687165301999983 ], [ -72.8827, -38.67141 ], [ -72.887149998999973, -38.64799 ], [ -72.90802, -38.659880000999976 ], [ -72.915520000999948, -38.645580000999985 ], [ -72.96287, -38.62641 ], [ -72.969502708999983, -38.634917247999965 ], [ -72.98663309899996, -38.642627911999966 ], [ -72.99637874299998, -38.641030134999937 ], [ -73.00675, -38.64867 ], [ -73.030953540999974, -38.643317816999968 ], [ -73.029831199999933, -38.638926549999951 ], [ -73.039328373999979, -38.629156179999939 ], [ -73.045144582999967, -38.629019582999945 ], [ -73.047092905999989, -38.621125640999935 ], [ -73.03502, -38.59952 ], [ -73.041866517999949, -38.597468825999954 ], [ -73.007817415999966, -38.505560942999978 ], [ -73.050573142999951, -38.496218502999966 ] ] ] } },
{ "type": "Feature", "properties": { "comuna_id": "31580391B53556165552341", "comuna": "Perquenco", "region": "Región de La Araucanía" }, "geometry": { "type": "Polygon", "coordinates": [ [ [ -72.609572620999984, -38.448741464999955 ], [ -72.605333266999935, -38.462019551999958 ], [ -72.597409187999972, -38.461092336999968 ], [ -72.592459801999951, -38.470365141999935 ], [ -72.583497681999972, -38.472819963999939 ], [ -72.589148183999953, -38.477569746999961 ], [ -72.578124092999985, -38.485402194999949 ], [ -72.579211240999939, -38.49726871699994 ], [ -72.571906706999982, -38.496748885999978 ], [ -72.57598668299994, -38.489476163999939 ], [ -72.566460100999961, -38.494054931999983 ], [ -72.55070462599997, -38.487440219999939 ], [ -72.555209532999982, -38.494685725999943 ], [ -72.546184565999965, -38.502107633999969 ], [ -72.550309165999977, -38.507531619999952 ], [ -72.546412244999942, -38.511194521999982 ], [ -72.537126942999976, -38.508903850999957 ], [ -72.53119660699997, -38.514172716999951 ], [ -72.523334957999964, -38.50823466099996 ], [ -72.51727819499996, -38.510930212999938 ], [ -72.517056038999954, -38.504874348999977 ], [ -72.501956448999977, -38.492229314999975 ], [ -72.502686872999959, -38.487597620999964 ], [ -72.491343565999955, -38.486483868999983 ], [ -72.485210937999966, -38.478541210999936 ], [ -72.476727331999939, -38.475586560999943 ], [ -72.462632262999989, -38.480414291999978 ], [ -72.446422713999937, -38.479414080999959 ], [ -72.434133241999973, -38.475709496999968 ], [ -72.430797230999985, -38.467704239999932 ], [ -72.423308918999965, -38.465882238999939 ], [ -72.346643021999967, -38.482642680999959 ], [ -72.32124775799997, -38.473694731999956 ], [ -72.304488494999987, -38.454461410999954 ], [ -72.292761619999965, -38.455429049999964 ], [ -72.275814471999979, -38.447552194999957 ], [ -72.262289020999958, -38.451496825999982 ], [ -72.256430400999989, -38.437322030999951 ], [ -72.259228140999937, -38.431004376999965 ], [ -72.253796558999966, -38.432053267999947 ], [ -72.23496694399995, -38.383554357999969 ], [ -72.266008322999937, -38.39616853299998 ], [ -72.271860703999948, -38.40342627299998 ], [ -72.358061644999964, -38.383152520999943 ], [ -72.350145097999985, -38.359896029999959 ], [ -72.387914735999971, -38.35189079099996 ], [ -72.418480980999959, -38.359241017999977 ], [ -72.438042736999989, -38.358096379999949 ], [ -72.456839679999973, -38.36989824799997 ], [ -72.471406187999946, -38.365643285999965 ], [ -72.494940455999938, -38.370019567999975 ], [ -72.522788979999973, -38.359028051999985 ], [ -72.548705577999954, -38.418477895999956 ], [ -72.556531686999961, -38.41501717999995 ], [ -72.570656396999937, -38.425743850999936 ], [ -72.58758291099997, -38.426883737999958 ], [ -72.638103416999968, -38.422738874999936 ], [ -72.640262487999962, -38.427509021999981 ], [ -72.617257604999963, -38.448319443999935 ], [ -72.609572620999984, -38.448741464999955 ] ] ] } },
{ "type": "Feature", "properties": { "comuna_id": "31580391B18043967606800", "comuna": "Pitrufquén", "region": "Región de La Araucanía" }, "geometry": { "type": "Polygon", "coordinates": [ [ [ -72.905389715999945, -39.025008843999956 ], [ -72.931133043999978, -39.024983436999946 ], [ -72.961012315999938, -39.018833973999961 ], [ -72.972603035999953, -39.011559987999931 ], [ -72.986096550999946, -39.020386646999953 ], [ -72.996910700999933, -39.020203298999945 ], [ -72.987270477999971, -39.026794253999981 ], [ -72.979309753999985, -39.024630189999982 ], [ -72.976072354999985, -39.03236504299997 ], [ -72.984891195999978, -39.042029551999974 ], [ -72.977458785999943, -39.05463640399995 ], [ -72.978625156999954, -39.06683234999997 ], [ -72.987242962999971, -39.074560211999938 ], [ -72.983661978999976, -39.096723071999975 ], [ -72.987680198999954, -39.109939611999948 ], [ -72.975168407999945, -39.123319031999984 ], [ -72.969980648999979, -39.139353270999948 ], [ -72.942577773999972, -39.149780887999952 ], [ -72.927608246999966, -39.142695863999961 ], [ -72.865766880999956, -39.134545728999967 ], [ -72.828152362999958, -39.148324660999947 ], [ -72.815845309999986, -39.099236961999964 ], [ -72.78057851799997, -39.102267624999968 ], [ -72.753443869999955, -39.034885444999929 ], [ -72.751125744999968, -39.038462597999967 ], [ -72.742495788999975, -39.035727229999964 ], [ -72.741311489999987, -39.030811307999954 ], [ -72.734200529999953, -39.031485313999951 ], [ -72.72942388499996, -39.034448635999979 ], [ -72.735942798999986, -39.037685038999939 ], [ -72.723582372999942, -39.03838262599993 ], [ -72.731058101999963, -39.044101704999946 ], [ -72.718854599999986, -39.042627434999929 ], [ -72.712250438999945, -39.052210835999972 ], [ -72.708385302999943, -39.041180938999958 ], [ -72.701689396999939, -39.042871468999977 ], [ -72.704472319999979, -39.050504649999937 ], [ -72.590226770999948, -39.078820014999962 ], [ -72.596439332999978, -39.094644197999969 ], [ -72.504902813999934, -39.116263407999952 ], [ -72.511234109999975, -39.132851098999936 ], [ -72.471098308999956, -39.141824199999974 ], [ -72.47926765699998, -39.16102802599994 ], [ -72.449069920999989, -39.16754052899995 ], [ -72.455252474999952, -39.183701013999951 ], [ -72.402697979999971, -39.197087175999968 ], [ -72.409001477999936, -39.214682276999952 ], [ -72.319861024999966, -39.238104666999959 ], [ -72.31052587299996, -39.227888849999943 ], [ -72.316489823999973, -39.229268447999971 ], [ -72.321546953999984, -39.217922760999954 ], [ -72.318280409999943, -39.21199863399994 ], [ -72.32947871999994, -39.199351397999976 ], [ -72.325934738999933, -39.191100658999972 ], [ -72.333496373999935, -39.189178960999982 ], [ -72.329290707999974, -39.169815079999978 ], [ -72.335311309999952, -39.15692486699993 ], [ -72.346364982999944, -39.149332282999978 ], [ -72.338484987999948, -39.146536382999955 ], [ -72.35320747999998, -39.131227517999946 ], [ -72.356318257999988, -39.121503859999962 ], [ -72.376386071999946, -39.117428616999973 ], [ -72.380976988999976, -39.108964821999962 ], [ -72.411302965999937, -39.10184762199998 ], [ -72.417937994999988, -39.090907665999964 ], [ -72.475095350999936, -39.076725819999979 ], [ -72.483149228999935, -39.069561637999982 ], [ -72.495730787999946, -39.07228956199998 ], [ -72.505871398999943, -39.062302790999979 ], [ -72.503736291999985, -39.055331962999958 ], [ -72.512871577999988, -39.041832188999933 ], [ -72.523516401999984, -39.033940954999935 ], [ -72.523259565999979, -39.022411778999981 ], [ -72.518212164999966, -39.016045173999942 ], [ -72.530079995999984, -39.008428296999966 ], [ -72.54202401699996, -39.01047379299996 ], [ -72.546699348999937, -39.004010680999954 ], [ -72.554507280999985, -39.007201471999963 ], [ -72.563195173999986, -38.997173552999982 ], [ -72.58502165699997, -38.987029055999983 ], [ -72.600713780999968, -38.990700618999938 ], [ -72.612873920999959, -38.984419239999966 ], [ -72.623969077999959, -38.98512446899997 ], [ -72.63988732699994, -38.972045825999942 ], [ -72.665029096999945, -38.977148202999956 ], [ -72.667474366999954, -38.984711068999957 ], [ -72.677303329999972, -38.983322437999959 ], [ -72.684215200999972, -38.992683128999943 ], [ -72.695023655999989, -38.995023549999985 ], [ -72.706179348999967, -39.005429185999958 ], [ -72.724076871999955, -39.006783026999983 ], [ -72.731791857999951, -39.002118461999942 ], [ -72.740609359999951, -39.005626415999984 ], [ -72.74577280799997, -39.00008063699994 ], [ -72.770066146999966, -38.995929106999938 ], [ -72.794110531999934, -39.006739366999966 ], [ -72.799637827999959, -39.013644839999984 ], [ -72.806274409999958, -39.013340674999938 ], [ -72.810466362999989, -39.027447859999938 ], [ -72.821446780999963, -39.034974648999935 ], [ -72.850339576999943, -39.031756018999943 ], [ -72.857305872999973, -39.022264438999969 ], [ -72.889022373999978, -39.023510944999941 ], [ -72.896197254999947, -39.018544851999934 ], [ -72.905389715999945, -39.025008843999956 ] ] ] } },
{ "type": "Feature", "properties": { "comuna_id": "31580391B24380590633185", "comuna": "Temuco", "region": "Región de La Araucanía" }, "geometry": { "type": "Polygon", "coordinates": [ [ [ -72.815611428999944, -38.714542556999959 ], [ -72.813107038999988, -38.724471710999978 ], [ -72.81856737399994, -38.738710568999977 ], [ -72.812197827999967, -38.741811570999971 ], [ -72.824774653999953, -38.778177705999951 ], [ -72.81237512499996, -38.782307255999967 ], [ -72.80514777999997, -38.777316859999985 ], [ -72.79002090299997, -38.782184647999941 ], [ -72.753894634999938, -38.775321780999946 ], [ -72.725640060999979, -38.775859717999936 ], [ -72.718600981999941, -38.764898956999957 ], [ -72.690080166999962, -38.765937337999958 ], [ -72.681510891999949, -38.774568297999963 ], [ -72.668481076999967, -38.767835088999959 ], [ -72.663813894999976, -38.758659350999949 ], [ -72.650140427999986, -38.76464432299997 ], [ -72.618339656999979, -38.762399542999958 ], [ -72.550338869999962, -38.732412387999943 ], [ -72.549563783999986, -38.722729749999985 ], [ -72.539374191999968, -38.710328815999958 ], [ -72.517654827999934, -38.698140218999981 ], [ -72.511690611999938, -38.689960344999974 ], [ -72.511566353999967, -38.680556760999934 ], [ -72.51954841099996, -38.678844034999941 ], [ -72.484894500999985, -38.662931194999942 ], [ -72.469449043999987, -38.645062766999956 ], [ -72.507899026999951, -38.634860256999957 ], [ -72.521821832999933, -38.649591794999935 ], [ -72.53292892199994, -38.632618469999954 ], [ -72.547844872999974, -38.642769071999965 ], [ -72.562073818999977, -38.640376913999944 ], [ -72.576978211999972, -38.630683786999953 ], [ -72.578360663999945, -38.620918096999958 ], [ -72.589999624999962, -38.611394689999941 ], [ -72.586692018999941, -38.598860392999939 ], [ -72.592064362999963, -38.590439874999959 ], [ -72.589692885999966, -38.581814941999937 ], [ -72.613393849999966, -38.573521522999954 ], [ -72.62978093199996, -38.555179025999962 ], [ -72.708340715999952, -38.549211758999945 ], [ -72.715768171999969, -38.56568991499995 ], [ -72.740778439999985, -38.564293196999984 ], [ -72.75326666899997, -38.582137927999952 ], [ -72.762497421999967, -38.584178604999977 ], [ -72.761692727999957, -38.580020499999932 ], [ -72.765823095999963, -38.583891373999961 ], [ -72.757873942999936, -38.59631658099994 ], [ -72.769012934999978, -38.632181996999975 ], [ -72.759196657999951, -38.64138771699993 ], [ -72.75669316699998, -38.653887753999982 ], [ -72.763477311999964, -38.653431109999929 ], [ -72.762558683999941, -38.66142074399994 ], [ -72.771383730999958, -38.672702633999961 ], [ -72.788475276999975, -38.683766682999931 ], [ -72.799700536999978, -38.708463237999979 ], [ -72.815611428999944, -38.714542556999959 ] ] ] } },
{ "type": "Feature", "properties": { "comuna_id": "31580391B12207793585466", "comuna": "Teodoro Schmidt", "region": "Región de La Araucanía" }, "geometry": { "type": "Polygon", "coordinates": [ [ [ -72.872717419999958, -38.913243353999974 ], [ -72.88082008899994, -38.902930033999951 ], [ -72.878544085999977, -38.891827811999974 ], [ -72.888771271999985, -38.888974571999938 ], [ -72.934433198999955, -38.902832751999938 ], [ -72.935851386999957, -38.897510783999962 ], [ -72.955170537999948, -38.892892038999946 ], [ -72.960185960999979, -38.901979998999934 ], [ -72.993859631999953, -38.894724062999956 ], [ -73.003149274999942, -38.89980738099996 ], [ -73.018393540999966, -38.89699130799994 ], [ -73.02136016299994, -38.907280912999965 ], [ -73.030168610999965, -38.912943113999972 ], [ -73.034738345999983, -38.912428496999951 ], [ -73.040880327999957, -38.899837631999958 ], [ -73.067002647999971, -38.891537298999936 ], [ -73.097888138999963, -38.902612747999967 ], [ -73.131847920999974, -38.891899223999985 ], [ -73.13652611599997, -38.896671936999951 ], [ -73.154921759999979, -38.894837971999948 ], [ -73.168395253999961, -38.901298432999965 ], [ -73.177081707999946, -38.894667918999971 ], [ -73.186279811999952, -38.908867941999972 ], [ -73.182596562999947, -38.934402465999938 ], [ -73.209201958999984, -38.959066782999969 ], [ -73.221110495999937, -38.960842430999946 ], [ -73.249322753999934, -38.948914330999969 ], [ -73.25855390199996, -38.937728408999931 ], [ -73.286998765999954, -38.928192882999952 ], [ -73.30992871899997, -38.948794372999942 ], [ -73.327833778999945, -38.953211406999969 ], [ -73.324696392999954, -38.96636407099993 ], [ -73.330404372999965, -38.966489169999932 ], [ -73.282774586999949, -39.084108139999955 ], [ -73.267013600999974, -39.142677101999936 ], [ -73.22523141299996, -39.25599176999998 ], [ -73.215579214999934, -39.232778140999983 ], [ -73.232538962999968, -39.214562052999952 ], [ -73.233158186999958, -39.207771517999959 ], [ -73.225781708999989, -39.203371064999942 ], [ -73.212725764999959, -39.204436594999947 ], [ -73.20554194999994, -39.190264022999941 ], [ -73.18006249299998, -39.187982531999978 ], [ -73.161354589999974, -39.148611715999948 ], [ -73.182711021999978, -39.125735554999949 ], [ -73.185265743999935, -39.116482099999985 ], [ -73.164368259999947, -39.09021318899994 ], [ -73.142147704999957, -39.082948325999951 ], [ -73.138869306999936, -39.071413191999966 ], [ -73.120273502999964, -39.057290593999937 ], [ -73.121974182999963, -39.043085810999969 ], [ -73.110167214999933, -39.041054541999983 ], [ -73.10348894699996, -39.026184559999933 ], [ -73.074129922999987, -39.008915703999946 ], [ -73.044423335999966, -39.021353745999932 ], [ -72.986096550999946, -39.020386646999953 ], [ -72.972603035999953, -39.011559987999931 ], [ -72.961012315999938, -39.018833973999961 ], [ -72.931133043999978, -39.024983436999946 ], [ -72.914807532999987, -39.02205199399998 ], [ -72.872717419999958, -38.913243353999974 ] ] ] } },
{ "type": "Feature", "properties": { "comuna_id": "31580391B16964266135421", "comuna": "Vilcún", "region": "Región de La Araucanía" }, "geometry": { "type": "Polygon", "coordinates": [ [ [ -71.77960307099994, -38.727993570999956 ], [ -71.728856116999964, -38.723103118999973 ], [ -71.725542927999982, -38.711517368999978 ], [ -71.730645395999943, -38.69688008199995 ], [ -71.704111712999975, -38.676714646999983 ], [ -71.682131956999967, -38.66836963999998 ], [ -71.768320417999973, -38.637925400999961 ], [ -71.800027526999941, -38.636946407999972 ], [ -71.794579947999978, -38.623420106999959 ], [ -71.813122188999955, -38.615849158999936 ], [ -71.818440678999934, -38.596927980999965 ], [ -71.839294037999935, -38.594369417999985 ], [ -71.83449346499998, -38.576773755999966 ], [ -71.840023238999947, -38.569238552999934 ], [ -71.874512350999964, -38.578173552999942 ], [ -71.886080602999982, -38.602116553999963 ], [ -71.895103464999977, -38.605777856999964 ], [ -71.947480775999963, -38.606700547999935 ], [ -72.005905479999967, -38.620654793999961 ], [ -72.032710839999936, -38.602696436999963 ], [ -72.085931463999941, -38.600312881999969 ], [ -72.103142486999957, -38.586911362999956 ], [ -72.111050109999951, -38.59521472299997 ], [ -72.129861323999933, -38.602073037999958 ], [ -72.157124583999973, -38.595808441999964 ], [ -72.154915836999976, -38.591021247999947 ], [ -72.160574370999939, -38.587156817999983 ], [ -72.148946243999944, -38.589691243999937 ], [ -72.135209163999946, -38.572188910999955 ], [ -72.156981981999934, -38.567243392999956 ], [ -72.160180818999947, -38.575692920999984 ], [ -72.221835327999941, -38.557748414999935 ], [ -72.230836155999953, -38.561529734999965 ], [ -72.242272312999944, -38.557933983999931 ], [ -72.244242224999937, -38.561568392999959 ], [ -72.253409316999978, -38.55755714999998 ], [ -72.258441320999964, -38.566696039999954 ], [ -72.268802095999945, -38.562654749999979 ], [ -72.288349757999981, -38.568511795999939 ], [ -72.297213476999957, -38.566311900999949 ], [ -72.301482488999966, -38.570934506999947 ], [ -72.299332202999949, -38.576179654999976 ], [ -72.309870496999963, -38.573764813999958 ], [ -72.306727524999985, -38.58181265199994 ], [ -72.32157727799995, -38.610459143999947 ], [ -72.33977869499995, -38.615114847999962 ], [ -72.354456892999963, -38.624991281999939 ], [ -72.366146136999987, -38.625457003999941 ], [ -72.369840794999959, -38.632926639999937 ], [ -72.396486035999942, -38.637339569999938 ], [ -72.404244772999959, -38.642356690999975 ], [ -72.408619482999939, -38.652895047999948 ], [ -72.432534248999957, -38.658806993999974 ], [ -72.440563681999947, -38.670189092999976 ], [ -72.460839954999983, -38.665315722999935 ], [ -72.454094320999957, -38.648511132999943 ], [ -72.469449043999987, -38.645062766999956 ], [ -72.484894500999985, -38.662931194999942 ], [ -72.51954841099996, -38.678844034999941 ], [ -72.511566353999967, -38.680556760999934 ], [ -72.513063230999933, -38.684951078999973 ], [ -72.489110823999965, -38.685616623999977 ], [ -72.468459, -38.697741808999979 ], [ -72.448833150999974, -38.700887069999965 ], [ -72.449085774999958, -38.70444813499995 ], [ -72.456336748999945, -38.703763035999941 ], [ -72.462383819999957, -38.715470031999985 ], [ -72.46712968199995, -38.714211234999937 ], [ -72.471739381999953, -38.727052961999959 ], [ -72.434752156999934, -38.720834006999951 ], [ -72.426859783999987, -38.726623050999933 ], [ -72.379461853999942, -38.738011720999964 ], [ -72.39337093499995, -38.74768039099996 ], [ -72.382630210999935, -38.746271865999972 ], [ -72.386393111999951, -38.752037697999981 ], [ -72.394791410999972, -38.75704460999998 ], [ -72.403424883999946, -38.754732652999962 ], [ -72.402548759999945, -38.761413384999969 ], [ -72.414227743999959, -38.766489375999981 ], [ -72.417417410999974, -38.774208100999942 ], [ -72.412439475999975, -38.77722480999995 ], [ -72.419762290999984, -38.786280965999936 ], [ -72.413076803999957, -38.789484838999954 ], [ -72.423832100999959, -38.79660905399993 ], [ -72.422589699999946, -38.802537955999981 ], [ -72.426668123999946, -38.800660482999945 ], [ -72.433874578999962, -38.812558773999967 ], [ -72.438338403999978, -38.810872557999971 ], [ -72.452218045999984, -38.820624360999943 ], [ -72.441469902999984, -38.823134355999969 ], [ -72.429976687999954, -38.819566503999965 ], [ -72.434320353999965, -38.842317072999947 ], [ -72.412109933999943, -38.855614069999945 ], [ -72.401475846999972, -38.855924533999939 ], [ -72.405417470999964, -38.848940785999957 ], [ -72.390521332999981, -38.849496248999969 ], [ -72.386138090999964, -38.842921458999967 ], [ -72.37738898899994, -38.847282868999969 ], [ -72.379350433999946, -38.850505022999982 ], [ -72.334444719999965, -38.849833282999953 ], [ -72.335133886999984, -38.85366013099997 ], [ -72.326525978999939, -38.855130968999958 ], [ -72.322849105999978, -38.853064808999932 ], [ -72.326368909999985, -38.850230434999958 ], [ -72.321502102999943, -38.851914010999963 ], [ -72.314776216999974, -38.841425915999935 ], [ -72.29495396599998, -38.841356756999971 ], [ -72.292918078999946, -38.835076776999983 ], [ -72.274853289999953, -38.829387371999985 ], [ -72.263657765999938, -38.832835925999973 ], [ -72.252202505999946, -38.824138266999967 ], [ -72.247747304999962, -38.825595564999958 ], [ -72.24886946099997, -38.821028577999982 ], [ -72.241289652999967, -38.820446603999983 ], [ -72.237627732999954, -38.815931378999949 ], [ -72.24170890299996, -38.814444271999946 ], [ -72.233415900999944, -38.815133709999941 ], [ -72.226313778999952, -38.807745132999969 ], [ -72.185995803999958, -38.808555282999976 ], [ -72.178486160999967, -38.803692692999959 ], [ -72.164619850999941, -38.805695467999954 ], [ -72.136686123999937, -38.821016583999949 ], [ -72.108832356999983, -38.824468950999972 ], [ -72.093870490999961, -38.820994527999972 ], [ -72.087042044999976, -38.827335577999975 ], [ -72.070393085999967, -38.829382790999944 ], [ -72.048420487999977, -38.823247180999942 ], [ -72.021370920999971, -38.808184880999931 ], [ -71.949629183999946, -38.796447562999958 ], [ -71.915449585999966, -38.810882782999954 ], [ -71.895433796999953, -38.81315125499998 ], [ -71.881082744999958, -38.823859573999982 ], [ -71.877456592999977, -38.81682398099997 ], [ -71.891438215999983, -38.789993573999936 ], [ -71.887360425999987, -38.784734440999955 ], [ -71.87541325799998, -38.78506165999994 ], [ -71.870894674999988, -38.778257294999946 ], [ -71.850703306999947, -38.774203203999946 ], [ -71.829174225999964, -38.780429266999931 ], [ -71.792948990999946, -38.735978569999929 ], [ -71.77960307099994, -38.727993570999956 ] ] ] } },
{ "type": "Feature", "properties": { "comuna_id": "31580391B34933890788388", "comuna": "Angol", "region": "Región de La Araucanía" }, "geometry": { "type": "Polygon", "coordinates": [ [ [ -72.709483389999946, -37.624392506999982 ], [ -72.727218588999961, -37.626074838999955 ], [ -72.731868125999938, -37.616229913999973 ], [ -72.741430599999944, -37.618195905999983 ], [ -72.756833254999947, -37.612208795999948 ], [ -72.765963061999969, -37.595800929999939 ], [ -72.775911192999956, -37.596090276999973 ], [ -72.771550549999972, -37.583100126999966 ], [ -72.776078068999936, -37.581732787999954 ], [ -72.784291671999938, -37.591180519999966 ], [ -72.802366976999963, -37.59603937299994 ], [ -72.840253994999955, -37.596441432999939 ], [ -72.852678300999969, -37.590228039999943 ], [ -72.868693033999989, -37.599616301999959 ], [ -72.867093095999962, -37.603745423999953 ], [ -72.871369580999954, -37.605869415999962 ], [ -72.910568793999971, -37.606818177999969 ], [ -72.927426548999961, -37.619705354999951 ], [ -72.932362090999959, -37.614679774999956 ], [ -72.946208621999972, -37.613433800999985 ], [ -72.996157065999967, -37.618027644999984 ], [ -73.006971097999951, -37.620385556999963 ], [ -73.003998402999969, -37.625218626999981 ], [ -73.012074337999934, -37.630410000999973 ], [ -73.022167643999978, -37.629673594999929 ], [ -73.029211820999933, -37.621779711999977 ], [ -73.041913350999948, -37.617556154999932 ], [ -73.057034881999982, -37.626247261999936 ], [ -73.070827020999957, -37.620896238999933 ], [ -73.074069773999952, -37.629272191999974 ], [ -73.058551079999972, -37.640239576999932 ], [ -73.069823976999942, -37.650238383999977 ], [ -73.068234278999967, -37.659863938999933 ], [ -73.078344203999961, -37.662286613999981 ], [ -73.080226017999962, -37.676281030999974 ], [ -73.104527542999961, -37.677160759999936 ], [ -73.105953914999986, -37.687475200999984 ], [ -73.124374197999941, -37.689477463999935 ], [ -73.116495938999947, -37.695183206999957 ], [ -73.110557074999974, -37.721171058999971 ], [ -73.103047705999984, -37.726334695999981 ], [ -73.081675488999963, -37.720991693999963 ], [ -73.068697492999945, -37.709361021999939 ], [ -73.044562994999978, -37.708924755999931 ], [ -73.023674222999944, -37.721010013999944 ], [ -73.016298667999934, -37.752852522999945 ], [ -73.023320307999938, -37.757440638999981 ], [ -73.024269387999936, -37.76444332799997 ], [ -73.039701470999944, -37.773152965999941 ], [ -73.041618062999987, -37.781223336999972 ], [ -73.033363970999972, -37.78627866599993 ], [ -73.023418296999978, -37.804396394999969 ], [ -73.038393231999976, -37.830678000999967 ], [ -73.047689736999985, -37.83733097399994 ], [ -73.04540835399996, -37.842306186999963 ], [ -73.033505079999941, -37.837426685999958 ], [ -73.012505508999936, -37.849615576999952 ], [ -73.013397438999959, -37.859198560999971 ], [ -73.009100075999982, -37.859281290999945 ], [ -72.962876729999948, -37.847030185999984 ], [ -72.962970130999963, -37.853822215999969 ], [ -72.955072607999966, -37.845606378999946 ], [ -72.936160710999957, -37.839678077999963 ], [ -72.803021445999946, -37.837639448999937 ], [ -72.784017378999977, -37.861345975999939 ], [ -72.771908891999942, -37.865085884999985 ], [ -72.784199122999951, -37.871409212999936 ], [ -72.78261458999998, -37.889427228999978 ], [ -72.777368727999942, -37.893593119999935 ], [ -72.751990577999948, -37.89560850099997 ], [ -72.725189571999977, -37.906113415999982 ], [ -72.711020916999985, -37.903577581999969 ], [ -72.691462262999949, -37.91668294599998 ], [ -72.690142655999978, -37.907142802999942 ], [ -72.658832378999989, -37.891381120999938 ], [ -72.640319569999974, -37.90917981399997 ], [ -72.64233715599994, -37.920710380999935 ], [ -72.631958118999933, -37.922649899999954 ], [ -72.636375180999948, -37.934636035999972 ], [ -72.620391506999965, -37.945045590999939 ], [ -72.621221236999986, -37.963439510999933 ], [ -72.627301369999941, -37.971431852999956 ], [ -72.619810768999969, -37.970279921999975 ], [ -72.623218363999968, -37.977589794999972 ], [ -72.618621616999974, -37.980114789999959 ], [ -72.619296642999984, -37.98703808099998 ], [ -72.603684581999971, -37.996198223999954 ], [ -72.603239746999975, -38.021121658999959 ], [ -72.589156804999959, -38.018521674999931 ], [ -72.570718672999988, -38.023358610999935 ], [ -72.563086846999965, -38.016344495999931 ], [ -72.565488540999979, -38.000015798999982 ], [ -72.546376042999952, -38.002657115999966 ], [ -72.541290689999983, -37.990094260999967 ], [ -72.545093702999964, -37.966710228999943 ], [ -72.554936166999937, -37.951546836999967 ], [ -72.55112081599998, -37.946693059999973 ], [ -72.55786792899994, -37.942006983999931 ], [ -72.533756538999967, -37.932518011999946 ], [ -72.514795533999973, -37.934706368999969 ], [ -72.505779673999939, -37.925465866999957 ], [ -72.507939745999977, -37.916851842999961 ], [ -72.527864573999977, -37.917986652999957 ], [ -72.513620897999942, -37.894377629999951 ], [ -72.529444086999945, -37.889369813999963 ], [ -72.507540898999935, -37.870283708999978 ], [ -72.517772753999964, -37.856759450999959 ], [ -72.490679353999951, -37.846774309999944 ], [ -72.482362389999935, -37.838133721999952 ], [ -72.486397706999981, -37.828869715999929 ], [ -72.496455086999958, -37.826558570999964 ], [ -72.502056630999959, -37.819464130999961 ], [ -72.506185454999979, -37.82127806799997 ], [ -72.505083003999971, -37.83092148399993 ], [ -72.512974462999978, -37.824762201999931 ], [ -72.528475729999968, -37.836584051999978 ], [ -72.544403533999969, -37.813348902999962 ], [ -72.546372383999937, -37.799703301999955 ], [ -72.563905645999967, -37.80723799499998 ], [ -72.56208389699998, -37.802002487999971 ], [ -72.579314497999974, -37.793518008999968 ], [ -72.577263222999989, -37.789239978999944 ], [ -72.591443215999959, -37.786008657999957 ], [ -72.594283106999967, -37.79118690699994 ], [ -72.597035944999959, -37.789227899999958 ], [ -72.62048602699997, -37.76280066399994 ], [ -72.624998422999965, -37.734748113999956 ], [ -72.639522038999985, -37.731385730999932 ], [ -72.653688406999947, -37.736113369999941 ], [ -72.664470589999951, -37.728711833999967 ], [ -72.665715045999946, -37.721972813999969 ], [ -72.679800603999979, -37.715924334999954 ], [ -72.692766176999953, -37.702865276999944 ], [ -72.693138425999962, -37.69674360099998 ], [ -72.700066660999937, -37.698535418999938 ], [ -72.710002561999943, -37.692556493999973 ], [ -72.702273758999979, -37.68407063799998 ], [ -72.702152493999961, -37.656160150999938 ], [ -72.697057667999957, -37.649753543999964 ], [ -72.701893836999943, -37.640368713999976 ], [ -72.699501117999944, -37.634970359999954 ], [ -72.709483389999946, -37.624392506999982 ] ] ] } },
{ "type": "Feature", "properties": { "comuna_id": "31580391B76441458871791", "comuna": "Collipulli", "region": "Región de La Araucanía" }, "geometry": { "type": "Polygon", "coordinates": [ [ [ -72.537873574999935, -37.935341642999958 ], [ -72.523162230999958, -37.944122337999943 ], [ -72.480911593999963, -37.945204825999951 ], [ -72.484681833999957, -37.957627339999931 ], [ -72.502603530999977, -37.977944624999964 ], [ -72.482055927999966, -37.996288816999936 ], [ -72.464861001999964, -37.96765402699998 ], [ -72.456602418999978, -37.964421976999972 ], [ -72.447186547999934, -37.983272762999945 ], [ -72.432285669999942, -37.978875855999945 ], [ -72.437302906999946, -37.968765601999962 ], [ -72.432059151999965, -37.96691089199993 ], [ -72.419959993999953, -37.988701325999955 ], [ -72.407521523999947, -37.996008783999969 ], [ -72.406246674999977, -38.001698905999945 ], [ -72.392106938999973, -38.006666681999945 ], [ -72.381344522999939, -38.017904958999964 ], [ -72.381601982999939, -38.023501196999973 ], [ -72.373723308999956, -38.022011508999981 ], [ -72.358116431999974, -38.028639080999938 ], [ -72.340771932999985, -38.043305053999973 ], [ -72.339136403999987, -38.050423716999944 ], [ -72.331177245999982, -38.048861464999959 ], [ -72.294076932999985, -38.064881468999943 ], [ -72.280763199999967, -38.060159428999953 ], [ -72.269568813999967, -38.062111376999951 ], [ -72.263867596999944, -38.071626187999982 ], [ -72.254674396999974, -38.075494025999944 ], [ -72.225653792999935, -38.081642001999967 ], [ -72.214958280999952, -38.089246463999984 ], [ -72.206972977999953, -38.086388180999961 ], [ -72.192579241999965, -38.090523883999936 ], [ -72.174110613999972, -38.107538968999961 ], [ -72.148970238999937, -38.113585755999964 ], [ -72.141392093999968, -38.121334333999982 ], [ -72.117138096999952, -38.123332306999941 ], [ -72.078644258999987, -38.149444525999968 ], [ -72.057825998999988, -38.154827111999964 ], [ -72.03485199499994, -38.173140975999956 ], [ -71.999739301999966, -38.168118279999931 ], [ -71.984969112999977, -38.177132603999951 ], [ -71.96765290999997, -38.178803295999955 ], [ -71.954074198999933, -38.172341976999974 ], [ -71.945661310999981, -38.17758994199994 ], [ -71.944489980999947, -38.191692644999932 ], [ -71.915411959999972, -38.201944756999978 ], [ -71.852888184999983, -38.195606530999953 ], [ -71.836489215999961, -38.199091194999937 ], [ -71.836491741999964, -38.207276108999963 ], [ -71.817387917999952, -38.200249431999964 ], [ -71.762906137999948, -38.204557345999945 ], [ -71.741366893999952, -38.198754608999934 ], [ -71.717223669999953, -38.210265822999929 ], [ -71.707400259999986, -38.203082418999941 ], [ -71.707770893999964, -38.185917600999971 ], [ -71.693486819999976, -38.176369439999974 ], [ -71.694206923999957, -38.168705240999941 ], [ -71.721449684999982, -38.146239031999983 ], [ -71.709127112999965, -38.134885177999934 ], [ -71.705929773999969, -38.124014921999958 ], [ -71.705319000999964, -38.102326208999955 ], [ -71.698026647999939, -38.084253162999971 ], [ -71.70058546599995, -38.069787395999981 ], [ -71.734706391999964, -38.042946375999975 ], [ -71.776567226999987, -38.030303132999961 ], [ -71.787495751999984, -38.037645729999952 ], [ -71.815227043999982, -38.041930107999974 ], [ -71.831311133999975, -38.051911880999967 ], [ -71.847791623999967, -38.054542296999955 ], [ -71.879052826999953, -38.078331850999973 ], [ -71.895207030999984, -38.073526674999982 ], [ -71.904244411999969, -38.059196153999949 ], [ -71.931116133999979, -38.045400068999982 ], [ -71.933991765999963, -38.039329244999976 ], [ -71.93033649299997, -38.029826247999949 ], [ -71.947143189999963, -38.019989546999966 ], [ -71.95664727999997, -38.002250563999951 ], [ -71.965964139999983, -38.000493136999978 ], [ -71.966329450999979, -37.99394173099995 ], [ -71.982167059999938, -37.992313485999944 ], [ -71.983887137999943, -37.99684459599996 ], [ -71.996276619999946, -37.996822713999961 ], [ -72.008084592999978, -38.007004532999929 ], [ -72.020790747999968, -38.003457674999936 ], [ -72.023792317999948, -38.010236909999946 ], [ -72.049189651999939, -38.01418524199994 ], [ -72.067067744999974, -38.008239852999964 ], [ -72.068611114999953, -38.003380935999985 ], [ -72.102013906999957, -37.99871302899993 ], [ -72.104475220999973, -37.992100943999958 ], [ -72.112959209999985, -37.992711977999932 ], [ -72.112870689999966, -37.981560871999932 ], [ -72.122637073999954, -37.980964746999973 ], [ -72.120397492999984, -37.977395066999975 ], [ -72.128715743999976, -37.969499803999952 ], [ -72.127279072999954, -37.96370395699995 ], [ -72.135215098999936, -37.962078669999983 ], [ -72.129126595999935, -37.953075405999982 ], [ -72.142967275999979, -37.95325863599993 ], [ -72.14613467099997, -37.944047366999939 ], [ -72.162246713999934, -37.941727998999966 ], [ -72.177772307999987, -37.927438760999962 ], [ -72.189272102999951, -37.926533054999936 ], [ -72.207628854999939, -37.904724958999964 ], [ -72.23760374799997, -37.889017512999942 ], [ -72.245249564999938, -37.878472840999962 ], [ -72.251828988999989, -37.876902962999964 ], [ -72.256401124999968, -37.883511436999981 ], [ -72.269877507999979, -37.87990702999997 ], [ -72.276084949999984, -37.882689874999983 ], [ -72.287698825999939, -37.875365640999973 ], [ -72.30628227699998, -37.875500340999963 ], [ -72.317741210999941, -37.881560977999982 ], [ -72.355449905999933, -37.851881544999969 ], [ -72.386778829999969, -37.850158592999946 ], [ -72.392510024999979, -37.843215549999968 ], [ -72.400157279999974, -37.842612594999935 ], [ -72.403245535999986, -37.828829089999942 ], [ -72.415298463999989, -37.822835039999973 ], [ -72.412775463999935, -37.82037067899995 ], [ -72.424107833999983, -37.807160561999979 ], [ -72.425930361999974, -37.796548057999985 ], [ -72.446599271999958, -37.783359048999955 ], [ -72.449262787999942, -37.773055261999957 ], [ -72.462530148999974, -37.764992950999954 ], [ -72.461657942999977, -37.784619624999948 ], [ -72.485699935999946, -37.775923403999968 ], [ -72.494250609999938, -37.779544595999937 ], [ -72.504446207999933, -37.774914658999933 ], [ -72.52561383799997, -37.777819009999973 ], [ -72.513453607999963, -37.796449730999939 ], [ -72.49184523699995, -37.80649353299998 ], [ -72.496455086999958, -37.826558570999964 ], [ -72.486397706999981, -37.828869715999929 ], [ -72.482141052999964, -37.84000509699996 ], [ -72.517772753999964, -37.856759450999959 ], [ -72.507540898999935, -37.870283708999978 ], [ -72.529444086999945, -37.889369813999963 ], [ -72.513620897999942, -37.894377629999951 ], [ -72.527864573999977, -37.917986652999957 ], [ -72.507939745999977, -37.916851842999961 ], [ -72.505779673999939, -37.925465866999957 ], [ -72.514795533999973, -37.934706368999969 ], [ -72.537873574999935, -37.935341642999958 ] ] ] } },
{ "type": "Feature", "properties": { "comuna_id": "31580391B14651317920264", "comuna": "Curacautín", "region": "Región de La Araucanía" }, "geometry": { "type": "Polygon", "coordinates": [ [ [ -71.682131956999967, -38.66836963999998 ], [ -71.690756562999979, -38.647374274999947 ], [ -71.686102637999966, -38.640530552999962 ], [ -71.685397832999968, -38.610707683999976 ], [ -71.680825562999985, -38.606103059999953 ], [ -71.641065112999968, -38.598513697999977 ], [ -71.635555629999942, -38.593187070999932 ], [ -71.593193547999988, -38.596170719999975 ], [ -71.587202733999959, -38.573417310999957 ], [ -71.535327429999938, -38.548944222999978 ], [ -71.511363765999988, -38.550916150999967 ], [ -71.501317601999972, -38.546928270999956 ], [ -71.497498631999974, -38.540593755999964 ], [ -71.490277816999935, -38.541853272999958 ], [ -71.459676558999945, -38.519907258999979 ], [ -71.45802820199998, -38.504748983999946 ], [ -71.462606034999965, -38.501371080999945 ], [ -71.459334793999972, -38.495916880999971 ], [ -71.464062883999986, -38.488254231999974 ], [ -71.449234042999933, -38.472519089999935 ], [ -71.46194270999996, -38.456937449999941 ], [ -71.460200920999966, -38.451677651999944 ], [ -71.478715438999984, -38.444219006999958 ], [ -71.484815676999972, -38.435588768999935 ], [ -71.464185943999951, -38.415437295999936 ], [ -71.480279973999984, -38.402055133999966 ], [ -71.476293464999969, -38.389482647999955 ], [ -71.489037001999975, -38.389187714999935 ], [ -71.493618381999966, -38.381675215999962 ], [ -71.508664322999948, -38.380353997999975 ], [ -71.508517797999957, -38.371383076999962 ], [ -71.521920111999975, -38.363620897999965 ], [ -71.536284474999945, -38.367749042999947 ], [ -71.54868980699996, -38.381064521999974 ], [ -71.575400441999989, -38.383073101999969 ], [ -71.592853672999979, -38.377204744999972 ], [ -71.618960613999946, -38.324223744999983 ], [ -71.649382663999972, -38.314368153999965 ], [ -71.663813184999981, -38.299476671999969 ], [ -71.673750728999948, -38.299286526999936 ], [ -71.706497347999971, -38.269912479999959 ], [ -71.710020051999948, -38.258681011999954 ], [ -71.69211097799996, -38.254920389999938 ], [ -71.688620598999933, -38.241403520999938 ], [ -71.72422127699997, -38.204431796999984 ], [ -71.741366893999952, -38.198754608999934 ], [ -71.775992920999954, -38.204732448999948 ], [ -71.808754155999964, -38.199614289999943 ], [ -71.836491741999964, -38.207276108999963 ], [ -71.836489215999961, -38.199091194999937 ], [ -71.852888184999983, -38.195606530999953 ], [ -71.874092897999958, -38.195351197999969 ], [ -71.899316544999976, -38.20201035599996 ], [ -71.930150698999967, -38.197332808999931 ], [ -71.926040441999987, -38.209313445999953 ], [ -71.95791726899995, -38.295104185999946 ], [ -71.972045969999954, -38.330710360999944 ], [ -71.984924260999946, -38.341879200999983 ], [ -71.982208722999985, -38.347752243999935 ], [ -71.986707500999955, -38.349206758999969 ], [ -71.985499821999952, -38.353007181999942 ], [ -71.979627801999982, -38.350338315999977 ], [ -71.977962231999982, -38.358210308999958 ], [ -71.985578240999985, -38.364863876999948 ], [ -71.98984354199996, -38.360804411999936 ], [ -71.998831616999951, -38.365552421999951 ], [ -72.00161546399994, -38.38367573599993 ], [ -72.01953059899995, -38.398490680999942 ], [ -72.029040592999934, -38.400355316999935 ], [ -72.03946538699995, -38.412736873999961 ], [ -72.085919113999978, -38.419211292999933 ], [ -72.093222551999986, -38.446527079999953 ], [ -72.087583853999945, -38.447796357999948 ], [ -72.111381454999957, -38.507975668999961 ], [ -72.106672901999957, -38.50856028499993 ], [ -72.105137647999982, -38.503335216999972 ], [ -72.094549789999974, -38.509395082999959 ], [ -72.039307359999952, -38.513951395999982 ], [ -72.017984622999961, -38.524922555999979 ], [ -71.944379749999939, -38.529032452999957 ], [ -71.93027097099997, -38.537274460999981 ], [ -71.906420590999971, -38.540099248999979 ], [ -71.896242820999987, -38.549676407999982 ], [ -71.86663462599995, -38.550748194999983 ], [ -71.854305005999947, -38.561422764999975 ], [ -71.852351717999966, -38.569999580999934 ], [ -71.840023238999947, -38.569238552999934 ], [ -71.834531410999944, -38.57626836999998 ], [ -71.839294037999935, -38.594369417999985 ], [ -71.819548947999976, -38.595847163999963 ], [ -71.813122188999955, -38.615849158999936 ], [ -71.794579947999978, -38.623420106999959 ], [ -71.800027526999941, -38.636946407999972 ], [ -71.768320417999973, -38.637925400999961 ], [ -71.682131956999967, -38.66836963999998 ] ] ] } },
{ "type": "Feature", "properties": { "comuna_id": "31580391B37553691538573", "comuna": "Ercilla", "region": "Región de La Araucanía" }, "geometry": { "type": "Polygon", "coordinates": [ [ [ -72.573892633999947, -38.022633587999962 ], [ -72.572394146999955, -38.061936010999943 ], [ -72.563412672999959, -38.073545445999969 ], [ -72.538849974999948, -38.069996032999939 ], [ -72.522033629999953, -38.085847934999947 ], [ -72.496754510999949, -38.085460688999945 ], [ -72.46324478799994, -38.098141103999978 ], [ -72.443474354999978, -38.121667412999955 ], [ -72.453355192999936, -38.139283193999972 ], [ -72.450147280999943, -38.147671794999951 ], [ -72.426143602999957, -38.142848422999975 ], [ -72.410270805999971, -38.152234544999942 ], [ -72.395564684999954, -38.147818969999946 ], [ -72.388403180999944, -38.154030172999967 ], [ -72.368470253999988, -38.157750491999934 ], [ -72.357433902999958, -38.15094272999994 ], [ -72.332872124999938, -38.147697153999957 ], [ -72.328529275999983, -38.150964481999949 ], [ -72.318050573999983, -38.146743273999959 ], [ -72.313327545999982, -38.151223702999971 ], [ -72.305808320999972, -38.147489812999936 ], [ -72.286768968999979, -38.160700554999949 ], [ -72.280640181999956, -38.155565675999981 ], [ -72.263376695999966, -38.163434678999977 ], [ -72.23149357799997, -38.159890190999931 ], [ -72.222900461999984, -38.168729424999981 ], [ -72.179328372999976, -38.175882486999967 ], [ -72.158683799999949, -38.170282269999973 ], [ -72.117040654999983, -38.177689172999976 ], [ -72.083908784999949, -38.17495200299993 ], [ -72.013724569999965, -38.18830285599995 ], [ -72.002451746999952, -38.184190343999944 ], [ -71.989832347999936, -38.188143367999942 ], [ -71.98446064999996, -38.177235583999959 ], [ -71.999739301999966, -38.168118279999931 ], [ -72.03485199499994, -38.173140975999956 ], [ -72.057825998999988, -38.154827111999964 ], [ -72.078644258999987, -38.149444525999968 ], [ -72.117138096999952, -38.123332306999941 ], [ -72.141392093999968, -38.121334333999982 ], [ -72.148970238999937, -38.113585755999964 ], [ -72.174110613999972, -38.107538968999961 ], [ -72.192579241999965, -38.090523883999936 ], [ -72.206972977999953, -38.086388180999961 ], [ -72.214958280999952, -38.089246463999984 ], [ -72.225653792999935, -38.081642001999967 ], [ -72.254674396999974, -38.075494025999944 ], [ -72.263867596999944, -38.071626187999982 ], [ -72.269568813999967, -38.062111376999951 ], [ -72.280763199999967, -38.060159428999953 ], [ -72.294076932999985, -38.064881468999943 ], [ -72.331177245999982, -38.048861464999959 ], [ -72.339136403999987, -38.050423716999944 ], [ -72.340771932999985, -38.043305053999973 ], [ -72.358116431999974, -38.028639080999938 ], [ -72.373723308999956, -38.022011508999981 ], [ -72.381601982999939, -38.023501196999973 ], [ -72.381344522999939, -38.017904958999964 ], [ -72.392106938999973, -38.006666681999945 ], [ -72.406246674999977, -38.001698905999945 ], [ -72.407521523999947, -37.996008783999969 ], [ -72.419959993999953, -37.988701325999955 ], [ -72.432059151999965, -37.96691089199993 ], [ -72.437302906999946, -37.968765601999962 ], [ -72.432285669999942, -37.978875855999945 ], [ -72.447186547999934, -37.983272762999945 ], [ -72.456602418999978, -37.964421976999972 ], [ -72.464861001999964, -37.96765402699998 ], [ -72.482055927999966, -37.996288816999936 ], [ -72.502603530999977, -37.977944624999964 ], [ -72.484681833999957, -37.957627339999931 ], [ -72.480911593999963, -37.945204825999951 ], [ -72.523162230999958, -37.944122337999943 ], [ -72.537873574999935, -37.935341642999958 ], [ -72.55786792899994, -37.942006983999931 ], [ -72.55112081599998, -37.946693059999973 ], [ -72.554936166999937, -37.951546836999967 ], [ -72.545093702999964, -37.966710228999943 ], [ -72.541999493999981, -37.993974072999947 ], [ -72.546376042999952, -38.002657115999966 ], [ -72.565488540999979, -38.000015798999982 ], [ -72.563086846999965, -38.016344495999931 ], [ -72.573892633999947, -38.022633587999962 ] ] ] } },
{ "type": "Feature", "properties": { "comuna_id": "31580391B85927419089970", "comuna": "Los Sauces", "region": "Región de La Araucanía" }, "geometry": { "type": "Polygon", "coordinates": [ [ [ -72.962876729999948, -37.847030185999984 ], [ -73.018152903999976, -37.860269812999945 ], [ -73.020081870999945, -37.874503385999958 ], [ -73.029287294999961, -37.877903807999985 ], [ -73.031862906999947, -37.885426914999982 ], [ -73.011491743999954, -37.893041830999948 ], [ -73.028197561999946, -37.898933296999985 ], [ -73.02091001399998, -37.902961588999972 ], [ -73.027403703999937, -37.904225415999974 ], [ -73.026227859999949, -37.907810280999968 ], [ -73.033045365999953, -37.905747903999952 ], [ -73.028191592999974, -37.909400371999936 ], [ -73.031352492999986, -37.911755514999982 ], [ -73.028590845999986, -37.916709805999972 ], [ -72.996264005999933, -37.933230770999955 ], [ -72.990813805999949, -37.930610225999942 ], [ -72.992157480999936, -37.936626388999969 ], [ -72.999894716999961, -37.935494107999943 ], [ -72.991063588999964, -37.947972235999941 ], [ -72.994878832999973, -37.959150982999972 ], [ -72.970648934999986, -37.978081330999942 ], [ -72.968463628999984, -37.984535801999982 ], [ -72.949944840999933, -37.986922353999944 ], [ -72.954724237999983, -37.990605265999932 ], [ -72.955439740999964, -38.01196988199996 ], [ -72.933311146999984, -38.018608778999976 ], [ -72.894549516999973, -38.053081218999978 ], [ -72.900649073999944, -38.064278070999933 ], [ -72.873321614999952, -38.080535822999934 ], [ -72.890651032999983, -38.108242201999929 ], [ -72.871282171999951, -38.117225479999945 ], [ -72.858576092999954, -38.133029440999962 ], [ -72.817315077999979, -38.129813420999938 ], [ -72.808808854999938, -38.121245532999978 ], [ -72.78851565399998, -38.124068628999964 ], [ -72.764019977999965, -38.111008075999962 ], [ -72.761838710999939, -38.105517129999953 ], [ -72.755332393999936, -38.109344495999949 ], [ -72.739992868999934, -38.091253270999971 ], [ -72.705240512999978, -38.110052271999962 ], [ -72.687081512999953, -38.107849812999973 ], [ -72.675823468999965, -38.111612626999943 ], [ -72.666430215999981, -38.123747971999933 ], [ -72.658428501999936, -38.120088189999933 ], [ -72.639985279999962, -38.12198153099996 ], [ -72.630945193999935, -38.116370163999932 ], [ -72.633709320999969, -38.110789400999977 ], [ -72.614016334999974, -38.103447732999939 ], [ -72.601896653999972, -38.107252603999939 ], [ -72.56108289499997, -38.079998524999951 ], [ -72.572394146999955, -38.061936010999943 ], [ -72.572329206999939, -38.034538436999981 ], [ -72.576239612999984, -38.02721254599993 ], [ -72.572950102999982, -38.023024620999934 ], [ -72.589156804999959, -38.018521674999931 ], [ -72.603239746999975, -38.021121658999959 ], [ -72.603684581999971, -37.996198223999954 ], [ -72.619296642999984, -37.98703808099998 ], [ -72.618621616999974, -37.980114789999959 ], [ -72.623218363999968, -37.977589794999972 ], [ -72.619810768999969, -37.970279921999975 ], [ -72.627301369999941, -37.971431852999956 ], [ -72.621221236999986, -37.963439510999933 ], [ -72.620391506999965, -37.945045590999939 ], [ -72.636375180999948, -37.934636035999972 ], [ -72.631958118999933, -37.922649899999954 ], [ -72.64233715599994, -37.920710380999935 ], [ -72.640319569999974, -37.90917981399997 ], [ -72.658832378999989, -37.891381120999938 ], [ -72.690142655999978, -37.907142802999942 ], [ -72.691462262999949, -37.91668294599998 ], [ -72.711020916999985, -37.903577581999969 ], [ -72.725189571999977, -37.906113415999982 ], [ -72.751990577999948, -37.89560850099997 ], [ -72.777368727999942, -37.893593119999935 ], [ -72.78261458999998, -37.889427228999978 ], [ -72.784199122999951, -37.871409212999936 ], [ -72.771908891999942, -37.865085884999985 ], [ -72.784017378999977, -37.861345975999939 ], [ -72.803021445999946, -37.837639448999937 ], [ -72.936160710999957, -37.839678077999963 ], [ -72.955072607999966, -37.845606378999946 ], [ -72.962970130999963, -37.853822215999969 ], [ -72.962876729999948, -37.847030185999984 ] ] ] } },
{ "type": "Feature", "properties": { "comuna_id": "31580391B80531295211575", "comuna": "Lumaco", "region": "Región de La Araucanía" }, "geometry": { "type": "Polygon", "coordinates": [ [ [ -72.987914505999981, -38.468442372999959 ], [ -72.988848176999966, -38.451080669999953 ], [ -72.979330827999945, -38.432759838999971 ], [ -72.981643905999988, -38.420611427999972 ], [ -72.990929219999941, -38.42023649999993 ], [ -73.004149385999938, -38.41033727599995 ], [ -72.984896510999988, -38.407663740999965 ], [ -72.976114851999967, -38.39405420099996 ], [ -72.95722551199998, -38.389101652999955 ], [ -72.959924095999952, -38.378122264999945 ], [ -72.95567811899997, -38.360298435999937 ], [ -72.927097044999982, -38.363775647999944 ], [ -72.913289736999957, -38.355782274999967 ], [ -72.899785344999941, -38.357406067999932 ], [ -72.891148658999953, -38.351064237999935 ], [ -72.896930631999965, -38.331546243999981 ], [ -72.883714740999949, -38.326589699999943 ], [ -72.894176019999975, -38.325192922999975 ], [ -72.890456306999965, -38.323055704999945 ], [ -72.892091391999941, -38.316961808999963 ], [ -72.898106462999976, -38.318441652999979 ], [ -72.900533400999961, -38.309835236999959 ], [ -72.89012205299997, -38.306339700999956 ], [ -72.893214009999951, -38.288041641999939 ], [ -72.88659378899996, -38.287027482999974 ], [ -72.897491882999987, -38.282062513999961 ], [ -72.854601053999943, -38.273257881999939 ], [ -72.83692383999994, -38.27645485599993 ], [ -72.817736777999983, -38.270829573999947 ], [ -72.81754895499995, -38.277407298999947 ], [ -72.80562314499997, -38.275993875999973 ], [ -72.814581462999968, -38.243798134999963 ], [ -72.807290914999953, -38.231658033999963 ], [ -72.813730645999954, -38.207393335999939 ], [ -72.809927272999971, -38.207247002999964 ], [ -72.815603243999988, -38.204678308999974 ], [ -72.815973990999964, -38.191397187999939 ], [ -72.823619750999967, -38.187771421999969 ], [ -72.81185024499996, -38.182425477999971 ], [ -72.790470867999943, -38.18328844399997 ], [ -72.787413859999958, -38.157086528999969 ], [ -72.793880328999933, -38.133542775999956 ], [ -72.78851565399998, -38.124068628999964 ], [ -72.808808854999938, -38.121245532999978 ], [ -72.817315077999979, -38.129813420999938 ], [ -72.858576092999954, -38.133029440999962 ], [ -72.871282171999951, -38.117225479999945 ], [ -72.890651032999983, -38.108242201999929 ], [ -72.873321614999952, -38.080535822999934 ], [ -72.885789970999951, -38.070891809999978 ], [ -72.897296793999942, -38.076090059999956 ], [ -72.914894997999966, -38.071673923999981 ], [ -72.928486724999971, -38.112534660999984 ], [ -72.943224980999958, -38.124705026999948 ], [ -72.98084130999996, -38.127776987999937 ], [ -72.973109653999984, -38.117457932999969 ], [ -72.972845071999984, -38.11368015499994 ], [ -72.979685232999941, -38.116011963999938 ], [ -72.992601748999959, -38.110078530999942 ], [ -73.037041242999976, -38.130319274999977 ], [ -73.040378472999976, -38.148790985999938 ], [ -73.048487146999946, -38.15657743099996 ], [ -73.064544068999965, -38.154362517999971 ], [ -73.088556558999983, -38.142489366999939 ], [ -73.088956941999982, -38.150811713999929 ], [ -73.07686092299997, -38.172098732999984 ], [ -73.092433764999953, -38.191857829999947 ], [ -73.112313397999969, -38.186100773999954 ], [ -73.122387063999952, -38.188439826999968 ], [ -73.129600725999978, -38.182785000999957 ], [ -73.138368793999973, -38.215684463999935 ], [ -73.153450447999944, -38.219698275999974 ], [ -73.161546926999961, -38.216901665999956 ], [ -73.174035898999989, -38.227171900999963 ], [ -73.201472985999942, -38.231266526999946 ], [ -73.198951853999972, -38.241808118999984 ], [ -73.20581954499994, -38.250210642999946 ], [ -73.222273782999935, -38.257655603999979 ], [ -73.221991288999959, -38.271680420999985 ], [ -73.265461132999974, -38.285340029999929 ], [ -73.282905138999979, -38.305422549999946 ], [ -73.323567138999977, -38.336268648999976 ], [ -73.341029091999985, -38.365313656999945 ], [ -73.309169535999956, -38.373901114999967 ], [ -73.308868009999969, -38.381042542999978 ], [ -73.301195481999969, -38.383107741999936 ], [ -73.309031827999945, -38.411822023999946 ], [ -73.300098269999978, -38.416874342999961 ], [ -73.299695478999979, -38.422919103999959 ], [ -73.286677860999987, -38.424878624999963 ], [ -73.279668164999975, -38.433892679999929 ], [ -73.272194204999948, -38.435406468999929 ], [ -73.288386580999941, -38.45092920299993 ], [ -73.285846344999982, -38.45804574899995 ], [ -73.275500787999988, -38.449909813999966 ], [ -73.238215693999962, -38.448613813999941 ], [ -73.225188402999947, -38.426786608999976 ], [ -73.228615120999962, -38.400607501999957 ], [ -73.210849461999942, -38.394640902999981 ], [ -73.204848935999962, -38.402446599999962 ], [ -73.183356823999986, -38.406840439999939 ], [ -73.150024646999952, -38.398660366999934 ], [ -73.144386716999975, -38.428245034999975 ], [ -73.135389789999977, -38.437484749999953 ], [ -73.142599948999987, -38.440165571999955 ], [ -73.139965721999943, -38.467641856999933 ], [ -73.135165110999935, -38.472246342999938 ], [ -73.12805691899996, -38.471054477999985 ], [ -73.123711302999936, -38.44906902699995 ], [ -73.115878794999958, -38.442498727999975 ], [ -73.090017006999972, -38.451494912999976 ], [ -73.070697308999968, -38.474248787999954 ], [ -73.060479517999966, -38.478420261999929 ], [ -72.996726028999944, -38.479125883999984 ], [ -72.987914505999981, -38.468442372999959 ] ] ] } },
{ "type": "Feature", "properties": { "comuna_id": "31580391B8028692183436", "comuna": "Purén", "region": "Región de La Araucanía" }, "geometry": { "type": "Polygon", "coordinates": [ [ [ -73.033505079999941, -37.837426685999958 ], [ -73.070836374999942, -37.854240309999966 ], [ -73.081498507999981, -37.866948738999952 ], [ -73.093656537999948, -37.871324779999952 ], [ -73.11111187299997, -37.869789861999948 ], [ -73.12491197099996, -37.877130898999951 ], [ -73.123353032999944, -37.884828033999952 ], [ -73.130332959999976, -37.895775404999938 ], [ -73.110547112999939, -37.907930761999978 ], [ -73.113057823999952, -37.939474712999981 ], [ -73.122302685999955, -37.946805131999952 ], [ -73.120029669999951, -37.95941518199993 ], [ -73.128605770999968, -37.972897318999969 ], [ -73.140089280999973, -37.974685816999965 ], [ -73.140150673999983, -37.978258405999952 ], [ -73.184887796999988, -37.986751798999933 ], [ -73.18119732699995, -38.003776331999973 ], [ -73.193675592999966, -38.013315218999935 ], [ -73.20629684499994, -38.04073092699997 ], [ -73.201963379999938, -38.046582527999931 ], [ -73.20626520999997, -38.053105580999954 ], [ -73.18282656699995, -38.063450829999965 ], [ -73.169000290999975, -38.056750716999943 ], [ -73.155622476999952, -38.075520935999975 ], [ -73.124039125999957, -38.076680517999932 ], [ -73.099648470999966, -38.095003314999929 ], [ -73.080652233999956, -38.09573123399997 ], [ -73.073183892999964, -38.12822502399996 ], [ -73.078960477999942, -38.139317181999957 ], [ -73.088556558999983, -38.142489366999939 ], [ -73.050368439999943, -38.156711834999953 ], [ -73.040378472999976, -38.148790985999938 ], [ -73.037041242999976, -38.130319274999977 ], [ -72.994021734999933, -38.110286904999953 ], [ -72.979685232999941, -38.116011963999938 ], [ -72.972845071999984, -38.11368015499994 ], [ -72.98084130999996, -38.127776987999937 ], [ -72.943224980999958, -38.124705026999948 ], [ -72.928486724999971, -38.112534660999984 ], [ -72.914894997999966, -38.071673923999981 ], [ -72.904360736999934, -38.07592423899996 ], [ -72.890504986999986, -38.073577460999957 ], [ -72.901034774999971, -38.063634701999945 ], [ -72.894200270999988, -38.053534228999979 ], [ -72.904394636999939, -38.041823231999956 ], [ -72.933311146999984, -38.018608778999976 ], [ -72.955439740999964, -38.01196988199996 ], [ -72.954724237999983, -37.990605265999932 ], [ -72.949944840999933, -37.986922353999944 ], [ -72.968463628999984, -37.984535801999982 ], [ -72.970648934999986, -37.978081330999942 ], [ -72.994878832999973, -37.959150982999972 ], [ -72.991063588999964, -37.947972235999941 ], [ -72.999894716999961, -37.935494107999943 ], [ -72.992157480999936, -37.936626388999969 ], [ -72.990813805999949, -37.930610225999942 ], [ -72.996264005999933, -37.933230770999955 ], [ -73.027791599999944, -37.917939684999965 ], [ -73.031352492999986, -37.911755514999982 ], [ -73.028191592999974, -37.909400371999936 ], [ -73.033045365999953, -37.905747903999952 ], [ -73.021501461999947, -37.904540231999931 ], [ -73.028100274999986, -37.899796873999946 ], [ -73.02471885999995, -37.894706406999944 ], [ -73.011491743999954, -37.893041830999948 ], [ -73.031862906999947, -37.885426914999982 ], [ -73.029287294999961, -37.877903807999985 ], [ -73.020081870999945, -37.874503385999958 ], [ -73.012505508999936, -37.849615576999952 ], [ -73.033505079999941, -37.837426685999958 ] ] ] } },
{ "type": "Feature", "properties": { "comuna_id": "31580391B9986622438893", "comuna": "Renaico", "region": "Región de La Araucanía" }, "geometry": { "type": "Polygon", "coordinates": [ [ [ -72.496455086999958, -37.826558570999964 ], [ -72.49184523699995, -37.80649353299998 ], [ -72.513453607999963, -37.796449730999939 ], [ -72.52561383799997, -37.777819009999973 ], [ -72.504446207999933, -37.774914658999933 ], [ -72.494250609999938, -37.779544595999937 ], [ -72.485699935999946, -37.775923403999968 ], [ -72.461657942999977, -37.784619624999948 ], [ -72.459692862999987, -37.775276652999935 ], [ -72.469855087999974, -37.752638855999976 ], [ -72.479659347999984, -37.747277231999931 ], [ -72.484771857999988, -37.721573585999977 ], [ -72.472373928999957, -37.708842492999963 ], [ -72.479130129999987, -37.705054642999983 ], [ -72.474563469999964, -37.697521042999938 ], [ -72.483630113999936, -37.692419051999934 ], [ -72.479743912999936, -37.680054216999963 ], [ -72.485897316999967, -37.676352393999935 ], [ -72.485446320999984, -37.662423171999933 ], [ -72.493216694999944, -37.646033425999974 ], [ -72.506102153999962, -37.643445110999949 ], [ -72.514418731999967, -37.65035140699996 ], [ -72.525583541999936, -37.647549380999976 ], [ -72.524738271999979, -37.654591502999949 ], [ -72.532915498999955, -37.654255211999953 ], [ -72.537522037999963, -37.665594677999934 ], [ -72.556965581999975, -37.658217013999945 ], [ -72.566019850999965, -37.666582932999972 ], [ -72.579133157999934, -37.661842628999977 ], [ -72.595935015999942, -37.671901806999983 ], [ -72.600721709999959, -37.667721563999976 ], [ -72.594274125999959, -37.665792788999966 ], [ -72.604916942999978, -37.66024499599996 ], [ -72.632006126999954, -37.668932383999959 ], [ -72.639734929999975, -37.662934179999979 ], [ -72.650923839999962, -37.664699411999948 ], [ -72.645482127999969, -37.657362359999979 ], [ -72.646555359999979, -37.64751 ], [ -72.640335239999956, -37.641540205999945 ], [ -72.653229678999935, -37.630223515999944 ], [ -72.653379068999982, -37.620683346999954 ], [ -72.665088720999961, -37.62947436099995 ], [ -72.685687777999988, -37.617770503999964 ], [ -72.709483389999946, -37.624392506999982 ], [ -72.699501117999944, -37.634970359999954 ], [ -72.701893836999943, -37.640368713999976 ], [ -72.697057667999957, -37.649753543999964 ], [ -72.702152493999961, -37.656160150999938 ], [ -72.702273758999979, -37.68407063799998 ], [ -72.710002561999943, -37.692556493999973 ], [ -72.700066660999937, -37.698535418999938 ], [ -72.693138425999962, -37.69674360099998 ], [ -72.692766176999953, -37.702865276999944 ], [ -72.679800603999979, -37.715924334999954 ], [ -72.665715045999946, -37.721972813999969 ], [ -72.664470589999951, -37.728711833999967 ], [ -72.653688406999947, -37.736113369999941 ], [ -72.639522038999985, -37.731385730999932 ], [ -72.624998422999965, -37.734748113999956 ], [ -72.62048602699997, -37.76280066399994 ], [ -72.597035944999959, -37.789227899999958 ], [ -72.594283106999967, -37.79118690699994 ], [ -72.591443215999959, -37.786008657999957 ], [ -72.577263222999989, -37.789239978999944 ], [ -72.579314497999974, -37.793518008999968 ], [ -72.56208389699998, -37.802002487999971 ], [ -72.563905645999967, -37.80723799499998 ], [ -72.546372383999937, -37.799703301999955 ], [ -72.544403533999969, -37.813348902999962 ], [ -72.528475729999968, -37.836584051999978 ], [ -72.512974462999978, -37.824762201999931 ], [ -72.505083003999971, -37.83092148399993 ], [ -72.504505449999954, -37.819563534999929 ], [ -72.496455086999958, -37.826558570999964 ] ] ] } },
{ "type": "Feature", "properties": { "comuna_id": "31580391B56727185951168", "comuna": "Traiguén", "region": "Región de La Araucanía" }, "geometry": { "type": "Polygon", "coordinates": [ [ [ -72.640262487999962, -38.427509021999981 ], [ -72.63506023399998, -38.421067831999949 ], [ -72.623690299999964, -38.426230708999981 ], [ -72.58758291099997, -38.426883737999958 ], [ -72.570656396999937, -38.425743850999936 ], [ -72.556531686999961, -38.41501717999995 ], [ -72.547068851999938, -38.417527572999973 ], [ -72.523302226999988, -38.358404524999969 ], [ -72.517553523999936, -38.350897657999951 ], [ -72.509476028999984, -38.350378770999953 ], [ -72.514918461999969, -38.322021493999955 ], [ -72.505529275999947, -38.323268188999975 ], [ -72.508802728999967, -38.262104194999949 ], [ -72.539301887999954, -38.274558667999941 ], [ -72.540152756999987, -38.260146488999965 ], [ -72.532017601999939, -38.259221510999964 ], [ -72.538854489999949, -38.250113167999984 ], [ -72.533209606999947, -38.246578755999963 ], [ -72.521931705999975, -38.195922827999937 ], [ -72.504248538999946, -38.187118041999952 ], [ -72.509752703999936, -38.163771919999931 ], [ -72.450151806999941, -38.147625093999977 ], [ -72.453355192999936, -38.139283193999972 ], [ -72.443474354999978, -38.121667412999955 ], [ -72.46324478799994, -38.098141103999978 ], [ -72.496754510999949, -38.085460688999945 ], [ -72.522033629999953, -38.085847934999947 ], [ -72.53670920999997, -38.07106052499995 ], [ -72.547168685999964, -38.069686429999933 ], [ -72.562838708999948, -38.073022368999943 ], [ -72.562267650999956, -38.081304816999932 ], [ -72.580872471999953, -38.089716861999932 ], [ -72.583771827999954, -38.096236141999952 ], [ -72.601896653999972, -38.107252603999939 ], [ -72.614016334999974, -38.103447732999939 ], [ -72.633709320999969, -38.110789400999977 ], [ -72.630945193999935, -38.116370163999932 ], [ -72.63917854999994, -38.121776827999952 ], [ -72.658428501999936, -38.120088189999933 ], [ -72.665133487999981, -38.123878519999948 ], [ -72.675823468999965, -38.111612626999943 ], [ -72.687081512999953, -38.107849812999973 ], [ -72.705240512999978, -38.110052271999962 ], [ -72.739992868999934, -38.091253270999971 ], [ -72.755332393999936, -38.109344495999949 ], [ -72.761838710999939, -38.105517129999953 ], [ -72.764019977999965, -38.111008075999962 ], [ -72.790562319999935, -38.126430982999977 ], [ -72.793880328999933, -38.133542775999956 ], [ -72.787413859999958, -38.157086528999969 ], [ -72.790470867999943, -38.18328844399997 ], [ -72.81185024499996, -38.182425477999971 ], [ -72.823619750999967, -38.187771421999969 ], [ -72.815973990999964, -38.191397187999939 ], [ -72.815603243999988, -38.204678308999974 ], [ -72.809927272999971, -38.207247002999964 ], [ -72.813730645999954, -38.207393335999939 ], [ -72.807290914999953, -38.231658033999963 ], [ -72.814581462999968, -38.243798134999963 ], [ -72.806307995999987, -38.276993058999949 ], [ -72.81754895499995, -38.277407298999947 ], [ -72.817736777999983, -38.270829573999947 ], [ -72.834590700999968, -38.276243013999931 ], [ -72.854601053999943, -38.273257881999939 ], [ -72.897491882999987, -38.282062513999961 ], [ -72.88659378899996, -38.287027482999974 ], [ -72.893214009999951, -38.288041641999939 ], [ -72.888741946999971, -38.300629674999982 ], [ -72.890446507999968, -38.306594716999939 ], [ -72.900362538999957, -38.30954812799996 ], [ -72.898655230999964, -38.317198325999982 ], [ -72.892091391999941, -38.316961808999963 ], [ -72.890456306999965, -38.323055704999945 ], [ -72.894176019999975, -38.325192922999975 ], [ -72.883714740999949, -38.326589699999943 ], [ -72.896930631999965, -38.331546243999981 ], [ -72.890650875999938, -38.348774775999971 ], [ -72.891148658999953, -38.351064237999935 ], [ -72.893561699999964, -38.351276740999936 ], [ -72.893862426999988, -38.352685495999935 ], [ -72.897809851999966, -38.354918513999962 ], [ -72.898434433999967, -38.355370634999929 ], [ -72.898499945999959, -38.355775624999978 ], [ -72.890360321999935, -38.357287600999939 ], [ -72.874617594999961, -38.345050461999961 ], [ -72.872019631999933, -38.349806807999983 ], [ -72.860500461999948, -38.346286842999973 ], [ -72.849521493999987, -38.349030865999964 ], [ -72.850971997999977, -38.344092099999955 ], [ -72.840951921999988, -38.338584210999954 ], [ -72.815616868999939, -38.332305337999969 ], [ -72.80894787699998, -38.337274027999968 ], [ -72.798707194999963, -38.323860811999964 ], [ -72.777635483999973, -38.320862659999932 ], [ -72.775563481999939, -38.334166480999954 ], [ -72.767104764999942, -38.33360569499996 ], [ -72.762051761999942, -38.340321342999971 ], [ -72.757305963999954, -38.33774877299993 ], [ -72.750004646999969, -38.34306638399994 ], [ -72.762953254999957, -38.345938090999937 ], [ -72.749815576999936, -38.363711714999965 ], [ -72.742496765999988, -38.367956444999948 ], [ -72.737128881999979, -38.364038461999939 ], [ -72.700858012999959, -38.36573846899995 ], [ -72.673677245999954, -38.387217853999971 ], [ -72.68243874999996, -38.390178357999957 ], [ -72.69151661899997, -38.408054473999982 ], [ -72.690356685999973, -38.417964449999943 ], [ -72.671563756999944, -38.415600078999944 ], [ -72.640262487999962, -38.427509021999981 ] ] ] } },
{ "type": "Feature", "properties": { "comuna_id": "31580391B26084207259489", "comuna": "Victoria", "region": "Región de La Araucanía" }, "geometry": { "type": "Polygon", "coordinates": [ [ [ -72.262289020999958, -38.451496825999982 ], [ -72.252561372999935, -38.449198775999946 ], [ -72.241348505999952, -38.455329414999937 ], [ -72.209784498999966, -38.449048609999977 ], [ -72.162998681999966, -38.42327301499995 ], [ -72.159297468999966, -38.426237155999956 ], [ -72.12064941999995, -38.419594796999945 ], [ -72.086492833999955, -38.425005264999982 ], [ -72.082560497999964, -38.417811216999951 ], [ -72.040485945999933, -38.413214832999984 ], [ -72.029040592999934, -38.400355316999935 ], [ -72.011912091999989, -38.393596526999943 ], [ -72.011330812999972, -38.388345544999936 ], [ -72.001228865999963, -38.383113576999961 ], [ -71.998831616999951, -38.365552421999951 ], [ -71.98984354199996, -38.360804411999936 ], [ -71.985578240999985, -38.364863876999948 ], [ -71.977962231999982, -38.358210308999958 ], [ -71.979627801999982, -38.350338315999977 ], [ -71.985499821999952, -38.353007181999942 ], [ -71.986707500999955, -38.349206758999969 ], [ -71.982208722999985, -38.347752243999935 ], [ -71.984924260999946, -38.341879200999983 ], [ -71.969406276999962, -38.324767960999964 ], [ -71.926040441999987, -38.209313445999953 ], [ -71.928116985999964, -38.199044570999945 ], [ -71.944489980999947, -38.191692644999932 ], [ -71.945661310999981, -38.17758994199994 ], [ -71.954074198999933, -38.172341976999974 ], [ -71.96765290999997, -38.178803295999955 ], [ -71.98446064999996, -38.177235583999959 ], [ -71.989832347999936, -38.188143367999942 ], [ -72.002451746999952, -38.184190343999944 ], [ -72.013724569999965, -38.18830285599995 ], [ -72.083908784999949, -38.17495200299993 ], [ -72.117040654999983, -38.177689172999976 ], [ -72.158683799999949, -38.170282269999973 ], [ -72.179328372999976, -38.175882486999967 ], [ -72.222900461999984, -38.168729424999981 ], [ -72.23149357799997, -38.159890190999931 ], [ -72.263376695999966, -38.163434678999977 ], [ -72.280640181999956, -38.155565675999981 ], [ -72.286768968999979, -38.160700554999949 ], [ -72.307741553999961, -38.147318201999951 ], [ -72.313327545999982, -38.151223702999971 ], [ -72.318050573999983, -38.146743273999959 ], [ -72.328529275999983, -38.150964481999949 ], [ -72.332872124999938, -38.147697153999957 ], [ -72.357433902999958, -38.15094272999994 ], [ -72.368470253999988, -38.157750491999934 ], [ -72.388403180999944, -38.154030172999967 ], [ -72.395564684999954, -38.147818969999946 ], [ -72.410270805999971, -38.152234544999942 ], [ -72.427233851999972, -38.142872298999976 ], [ -72.509752703999936, -38.163771919999931 ], [ -72.504248538999946, -38.187118041999952 ], [ -72.521931705999975, -38.195922827999937 ], [ -72.533209606999947, -38.246578755999963 ], [ -72.538854489999949, -38.250113167999984 ], [ -72.532017601999939, -38.259221510999964 ], [ -72.540152756999987, -38.260146488999965 ], [ -72.539301887999954, -38.274558667999941 ], [ -72.508802728999967, -38.262104194999949 ], [ -72.505229057999941, -38.274970490999976 ], [ -72.505529275999947, -38.323268188999975 ], [ -72.514918461999969, -38.322021493999955 ], [ -72.509476028999984, -38.350378770999953 ], [ -72.517553523999936, -38.350897657999951 ], [ -72.523293722999938, -38.359247097999969 ], [ -72.494940455999938, -38.370019567999975 ], [ -72.471406187999946, -38.365643285999965 ], [ -72.456839679999973, -38.36989824799997 ], [ -72.438042736999989, -38.358096379999949 ], [ -72.418480980999959, -38.359241017999977 ], [ -72.387914735999971, -38.35189079099996 ], [ -72.350145097999985, -38.359896029999959 ], [ -72.358061644999964, -38.383152520999943 ], [ -72.271860703999948, -38.40342627299998 ], [ -72.266008322999937, -38.39616853299998 ], [ -72.236372488999962, -38.382153512999935 ], [ -72.253796558999966, -38.432053267999947 ], [ -72.259228140999937, -38.431004376999965 ], [ -72.256430400999989, -38.437322030999951 ], [ -72.262289020999958, -38.451496825999982 ] ] ] } },
{ "type": "Feature", "properties": { "comuna_id": "31580391B99812591654957", "comuna": "Gorbea", "region": "Región de La Araucanía" }, "geometry": { "type": "Polygon", "coordinates": [ [ [ -72.928679029999955, -39.144045748999929 ], [ -72.877073784999936, -39.188524475999941 ], [ -72.887202007999974, -39.205596679999985 ], [ -72.864226615999939, -39.216636060999974 ], [ -72.861135436999973, -39.23998897599995 ], [ -72.854548521999959, -39.246969665999984 ], [ -72.852032619999989, -39.260145098999942 ], [ -72.858670951999954, -39.263578133999943 ], [ -72.866814444999989, -39.287768756999981 ], [ -72.855789634999951, -39.29021946599994 ], [ -72.836356329999944, -39.25113117899997 ], [ -72.733557480999934, -39.268834434999974 ], [ -72.731905157999961, -39.263984373999961 ], [ -72.724723735999987, -39.265309823999985 ], [ -72.709973970999954, -39.252480150999929 ], [ -72.691900779999969, -39.256830581999964 ], [ -72.681358793999948, -39.254449309999984 ], [ -72.680596331999936, -39.250164044999963 ], [ -72.672266844999967, -39.252454497999963 ], [ -72.675459442999966, -39.244606493999981 ], [ -72.538657840999974, -39.277091083999949 ], [ -72.552794300999949, -39.265339346999951 ], [ -72.552907439999956, -39.251171595999949 ], [ -72.562673017999941, -39.246787998999935 ], [ -72.561842528999989, -39.239027632999978 ], [ -72.55554204699996, -39.238905593999959 ], [ -72.55790862899994, -39.234944535999944 ], [ -72.458576237999978, -39.258406505999972 ], [ -72.452805306999949, -39.241394406999973 ], [ -72.442742625999983, -39.243694661999939 ], [ -72.435525860999974, -39.226462269999956 ], [ -72.414137116999939, -39.231842876999963 ], [ -72.402697979999971, -39.197087175999968 ], [ -72.455252474999952, -39.183701013999951 ], [ -72.449069920999989, -39.16754052899995 ], [ -72.47926765699998, -39.16102802599994 ], [ -72.471098308999956, -39.141824199999974 ], [ -72.511234109999975, -39.132851098999936 ], [ -72.504902813999934, -39.116263407999952 ], [ -72.596439332999978, -39.094644197999969 ], [ -72.590226770999948, -39.078820014999962 ], [ -72.704472319999979, -39.050504649999937 ], [ -72.701689396999939, -39.042871468999977 ], [ -72.708385302999943, -39.041180938999958 ], [ -72.712250438999945, -39.052210835999972 ], [ -72.718854599999986, -39.042627434999929 ], [ -72.731058101999963, -39.044101704999946 ], [ -72.723582372999942, -39.03838262599993 ], [ -72.735942798999986, -39.037685038999939 ], [ -72.729866494999953, -39.032263692999948 ], [ -72.740461744999948, -39.030712494999932 ], [ -72.744630380999979, -39.032744746999981 ], [ -72.742495788999975, -39.035727229999964 ], [ -72.75181473899994, -39.038566510999942 ], [ -72.753443869999955, -39.034885444999929 ], [ -72.78057851799997, -39.102267624999968 ], [ -72.815845309999986, -39.099236961999964 ], [ -72.828152362999958, -39.148324660999947 ], [ -72.865766880999956, -39.134545728999967 ], [ -72.928679029999955, -39.144045748999929 ] ] ] } },
{ "type": "Feature", "properties": { "comuna_id": "31580391B51602407447427", "comuna": "Lautaro", "region": "Región de La Araucanía" }, "geometry": { "type": "Polygon", "coordinates": [ [ [ -72.639460423999935, -38.551664707999976 ], [ -72.628977081999949, -38.555713448999938 ], [ -72.613393849999966, -38.573521522999954 ], [ -72.589692885999966, -38.581814941999937 ], [ -72.592064362999963, -38.590439874999959 ], [ -72.586692018999941, -38.598860392999939 ], [ -72.590199034999955, -38.610874959999933 ], [ -72.578360663999945, -38.620918096999958 ], [ -72.579743648999965, -38.626877460999935 ], [ -72.570150092999938, -38.636923485999944 ], [ -72.549175822999985, -38.643052974999932 ], [ -72.532380534999959, -38.632743083999969 ], [ -72.521821832999933, -38.649591794999935 ], [ -72.507899026999951, -38.634860256999957 ], [ -72.454094320999957, -38.648511132999943 ], [ -72.460839954999983, -38.665315722999935 ], [ -72.440563681999947, -38.670189092999976 ], [ -72.432534248999957, -38.658806993999974 ], [ -72.408619482999939, -38.652895047999948 ], [ -72.404244772999959, -38.642356690999975 ], [ -72.396486035999942, -38.637339569999938 ], [ -72.369840794999959, -38.632926639999937 ], [ -72.366146136999987, -38.625457003999941 ], [ -72.354456892999963, -38.624991281999939 ], [ -72.33977869499995, -38.615114847999962 ], [ -72.32157727799995, -38.610459143999947 ], [ -72.306727524999985, -38.58181265199994 ], [ -72.309870496999963, -38.573764813999958 ], [ -72.299332202999949, -38.576179654999976 ], [ -72.301482488999966, -38.570934506999947 ], [ -72.297213476999957, -38.566311900999949 ], [ -72.288349757999981, -38.568511795999939 ], [ -72.268802095999945, -38.562654749999979 ], [ -72.258441320999964, -38.566696039999954 ], [ -72.253409316999978, -38.55755714999998 ], [ -72.244242224999937, -38.561568392999959 ], [ -72.242272312999944, -38.557933983999931 ], [ -72.230836155999953, -38.561529734999965 ], [ -72.221835327999941, -38.557748414999935 ], [ -72.160180818999947, -38.575692920999984 ], [ -72.156981981999934, -38.567243392999956 ], [ -72.135209163999946, -38.572188910999955 ], [ -72.148946243999944, -38.589691243999937 ], [ -72.160574370999939, -38.587156817999983 ], [ -72.154915836999976, -38.591021247999947 ], [ -72.157124583999973, -38.595808441999964 ], [ -72.129861323999933, -38.602073037999958 ], [ -72.111050109999951, -38.59521472299997 ], [ -72.103142486999957, -38.586911362999956 ], [ -72.085931463999941, -38.600312881999969 ], [ -72.032710839999936, -38.602696436999963 ], [ -72.005905479999967, -38.620654793999961 ], [ -71.947480775999963, -38.606700547999935 ], [ -71.895103464999977, -38.605777856999964 ], [ -71.886080602999982, -38.602116553999963 ], [ -71.874512350999964, -38.578173552999942 ], [ -71.852351717999966, -38.569999580999934 ], [ -71.854305005999947, -38.561422764999975 ], [ -71.86663462599995, -38.550748194999983 ], [ -71.896242820999987, -38.549676407999982 ], [ -71.906420590999971, -38.540099248999979 ], [ -71.93027097099997, -38.537274460999981 ], [ -71.944379749999939, -38.529032452999957 ], [ -72.017984622999961, -38.524922555999979 ], [ -72.039307359999952, -38.513951395999982 ], [ -72.094549789999974, -38.509395082999959 ], [ -72.105137647999982, -38.503335216999972 ], [ -72.106672901999957, -38.50856028499993 ], [ -72.111381454999957, -38.507975668999961 ], [ -72.087583853999945, -38.447796357999948 ], [ -72.093222551999986, -38.446527079999953 ], [ -72.086492833999955, -38.425005264999982 ], [ -72.12064941999995, -38.419594796999945 ], [ -72.171039665999956, -38.425024615999973 ], [ -72.190765905999967, -38.441226269999959 ], [ -72.227834559999962, -38.453443402999937 ], [ -72.241701902999978, -38.455319700999951 ], [ -72.252561372999935, -38.449198775999946 ], [ -72.263614023999935, -38.451539220999962 ], [ -72.275814471999979, -38.447552194999957 ], [ -72.292761619999965, -38.455429049999964 ], [ -72.304488494999987, -38.454461410999954 ], [ -72.32124775799997, -38.473694731999956 ], [ -72.347196360999988, -38.482739174999949 ], [ -72.423308918999965, -38.465882238999939 ], [ -72.430797230999985, -38.467704239999932 ], [ -72.434133241999973, -38.475709496999968 ], [ -72.446422713999937, -38.479414080999959 ], [ -72.462632262999989, -38.480414291999978 ], [ -72.476727331999939, -38.475586560999943 ], [ -72.487529905999963, -38.479845902999955 ], [ -72.491343565999955, -38.486483868999983 ], [ -72.502686872999959, -38.487597620999964 ], [ -72.501956448999977, -38.492229314999975 ], [ -72.517056038999954, -38.504874348999977 ], [ -72.51727819499996, -38.510930212999938 ], [ -72.523334957999964, -38.50823466099996 ], [ -72.529010187999972, -38.514126095999984 ], [ -72.537126942999976, -38.508903850999957 ], [ -72.548123360999966, -38.51045802799996 ], [ -72.550918919999958, -38.506262502999959 ], [ -72.546184565999965, -38.502107633999969 ], [ -72.555209532999982, -38.494685725999943 ], [ -72.55070462599997, -38.487440219999939 ], [ -72.566460100999961, -38.494054931999983 ], [ -72.57598668299994, -38.489476163999939 ], [ -72.571906706999982, -38.496748885999978 ], [ -72.579211240999939, -38.49726871699994 ], [ -72.578124092999985, -38.485402194999949 ], [ -72.589148183999953, -38.477569746999961 ], [ -72.583497681999972, -38.472819963999939 ], [ -72.592459801999951, -38.470365141999935 ], [ -72.597409187999972, -38.461092336999968 ], [ -72.605333266999935, -38.462019551999958 ], [ -72.610560866999947, -38.452800669999931 ], [ -72.614655685999935, -38.457088183999929 ], [ -72.609859062999988, -38.485967666999954 ], [ -72.634708184999965, -38.51320409899995 ], [ -72.627814512999976, -38.542401398999971 ], [ -72.639460423999935, -38.551664707999976 ] ] ] } },
{ "type": "Feature", "properties": { "comuna_id": "31580391B71117118367624", "comuna": "Cañete", "region": "Región del Bío-Bío" }, "geometry": { "type": "Polygon", "coordinates": [ [ [ -73.114086407999935, -37.703521498999976 ], [ -73.130340690999958, -37.71707816199995 ], [ -73.147871382999938, -37.716222263999953 ], [ -73.169540091999977, -37.723891563999985 ], [ -73.197760498999969, -37.718579073999933 ], [ -73.214856585999939, -37.722431084999982 ], [ -73.22186904299997, -37.744951681999964 ], [ -73.231162800999982, -37.746800711999981 ], [ -73.269999144999986, -37.739973799999973 ], [ -73.305222007999987, -37.718711873999951 ], [ -73.325355644999945, -37.71680516999993 ], [ -73.344756556999982, -37.69815763899993 ], [ -73.360818137999956, -37.692843983999978 ], [ -73.373956129999954, -37.696856190999938 ], [ -73.372620691999941, -37.711753226999974 ], [ -73.377905342999952, -37.708097727999984 ], [ -73.388425766999944, -37.710149695999974 ], [ -73.389689321999981, -37.69614579399996 ], [ -73.404623453999989, -37.716236036999931 ], [ -73.412921867999955, -37.705358065999974 ], [ -73.434072482999966, -37.714419753999948 ], [ -73.442605291999939, -37.738830414999939 ], [ -73.45613683199997, -37.752333395999983 ], [ -73.465355552999938, -37.776032251999936 ], [ -73.470726239999976, -37.77893079699993 ], [ -73.468340472999955, -37.783878348999963 ], [ -73.475601672999971, -37.790047024999978 ], [ -73.475877714999967, -37.80831341399994 ], [ -73.483769868999957, -37.814694894999946 ], [ -73.496088053999983, -37.839281163999942 ], [ -73.505549126999938, -37.845937357999958 ], [ -73.516573716999972, -37.84546311899993 ], [ -73.517897726999934, -37.853402961999961 ], [ -73.526805269999954, -37.854244007999966 ], [ -73.532028026999967, -37.862124060999975 ], [ -73.539701884999943, -37.862399532999973 ], [ -73.53959737699995, -37.870610407999948 ], [ -73.545284107999976, -37.86976638699997 ], [ -73.478850023999939, -37.994453166999961 ], [ -73.460740575999978, -38.054901695999945 ], [ -73.45211096099996, -38.116345039999942 ], [ -73.446987927999942, -38.114707368999973 ], [ -73.445752063999976, -38.129932124999982 ], [ -73.438578477999954, -38.130097389999946 ], [ -73.434094530999971, -38.122113566999928 ], [ -73.422921936999956, -38.126131718999943 ], [ -73.414400585999942, -38.113224078999963 ], [ -73.389405519999968, -38.117308302999959 ], [ -73.377104825999936, -38.128708275999941 ], [ -73.354131303999964, -38.117948031999958 ], [ -73.318408261999934, -38.114595317999942 ], [ -73.304112826999983, -38.107931223999969 ], [ -73.300781562999987, -38.100103814999954 ], [ -73.303713537999954, -38.08569773399995 ], [ -73.31652797199996, -38.069070540999974 ], [ -73.311518669999941, -38.063681665999979 ], [ -73.301168038999947, -38.061338053999975 ], [ -73.284289949999959, -38.071235669999965 ], [ -73.268451080999967, -38.067479723999952 ], [ -73.264436449999948, -38.058314085999939 ], [ -73.252009530999942, -38.060281128999975 ], [ -73.270872400999963, -38.01938169999994 ], [ -73.290863749999971, -38.019282717999943 ], [ -73.31237989899995, -37.998781730999951 ], [ -73.314267429999973, -37.988989867999976 ], [ -73.30635065599995, -37.975535133999983 ], [ -73.330697896999936, -37.96812769099995 ], [ -73.338703832999954, -37.95386829399996 ], [ -73.352292572999943, -37.946944170999984 ], [ -73.326615287999971, -37.949018709999962 ], [ -73.297050193999951, -37.940394122999976 ], [ -73.292003507999937, -37.922621785999979 ], [ -73.312265016999959, -37.921348831999978 ], [ -73.323053977999962, -37.913119156999983 ], [ -73.315689188999954, -37.900615795999954 ], [ -73.303649866999933, -37.895999863999975 ], [ -73.291529398999955, -37.879859686999964 ], [ -73.258516607999979, -37.859116665999977 ], [ -73.256361561999938, -37.852560063999931 ], [ -73.271442224999987, -37.846267753999939 ], [ -73.275028992999978, -37.838814981999974 ], [ -73.249513474999958, -37.842184265999947 ], [ -73.244311564999975, -37.854814016999967 ], [ -73.23264947499996, -37.865044771999976 ], [ -73.220480334999934, -37.860766970999975 ], [ -73.209144007999953, -37.874981941999977 ], [ -73.199917450999976, -37.876343788999975 ], [ -73.184520950999968, -37.868406825999955 ], [ -73.172040480999954, -37.854765855999972 ], [ -73.153926593999984, -37.85542234899998 ], [ -73.147674783999946, -37.847773823999944 ], [ -73.130357060999984, -37.850730531999943 ], [ -73.114842791999934, -37.862803869999937 ], [ -73.091619698999978, -37.859387112999968 ], [ -73.076775329999975, -37.862445936999961 ], [ -73.070836374999942, -37.854240309999966 ], [ -73.045964983999966, -37.84346265299996 ], [ -73.047689736999985, -37.83733097399994 ], [ -73.038393231999976, -37.830678000999967 ], [ -73.023418296999978, -37.804396394999969 ], [ -73.033363970999972, -37.78627866599993 ], [ -73.041618062999987, -37.781223336999972 ], [ -73.039701470999944, -37.773152965999941 ], [ -73.024269387999936, -37.76444332799997 ], [ -73.023320307999938, -37.757440638999981 ], [ -73.016298667999934, -37.752852522999945 ], [ -73.023674222999944, -37.721010013999944 ], [ -73.044562994999978, -37.708924755999931 ], [ -73.068697492999945, -37.709361021999939 ], [ -73.081675488999963, -37.720991693999963 ], [ -73.102681251999968, -37.726421186999971 ], [ -73.110557074999974, -37.721171058999971 ], [ -73.114086407999935, -37.703521498999976 ] ] ] } },
{ "type": "Feature", "properties": { "comuna_id": "31580391B7978506419961", "comuna": "Contulmo", "region": "Región del Bío-Bío" }, "geometry": { "type": "Polygon", "coordinates": [ [ [ -73.088556558999983, -38.142489366999939 ], [ -73.078960477999942, -38.139317181999957 ], [ -73.073183892999964, -38.12822502399996 ], [ -73.080652233999956, -38.09573123399997 ], [ -73.099648470999966, -38.095003314999929 ], [ -73.124039125999957, -38.076680517999932 ], [ -73.155622476999952, -38.075520935999975 ], [ -73.169000290999975, -38.056750716999943 ], [ -73.18282656699995, -38.063450829999965 ], [ -73.20626520999997, -38.053105580999954 ], [ -73.201963379999938, -38.046582527999931 ], [ -73.20629684499994, -38.04073092699997 ], [ -73.193675592999966, -38.013315218999935 ], [ -73.18119732699995, -38.003776331999973 ], [ -73.184887796999988, -37.986751798999933 ], [ -73.140150673999983, -37.978258405999952 ], [ -73.140089280999973, -37.974685816999965 ], [ -73.128605770999968, -37.972897318999969 ], [ -73.120029669999951, -37.95941518199993 ], [ -73.122302685999955, -37.946805131999952 ], [ -73.113057823999952, -37.939474712999981 ], [ -73.110547112999939, -37.907930761999978 ], [ -73.130332959999976, -37.895775404999938 ], [ -73.123353032999944, -37.884828033999952 ], [ -73.125184556999955, -37.877469462999954 ], [ -73.11111187299997, -37.869789861999948 ], [ -73.092480744999989, -37.871127462999937 ], [ -73.076775329999975, -37.862445936999961 ], [ -73.091619698999978, -37.859387112999968 ], [ -73.114842791999934, -37.862803869999937 ], [ -73.130357060999984, -37.850730531999943 ], [ -73.147674783999946, -37.847773823999944 ], [ -73.153926593999984, -37.85542234899998 ], [ -73.171011538999949, -37.854224028999965 ], [ -73.193129744999965, -37.87484997699994 ], [ -73.201958980999962, -37.876187211999934 ], [ -73.209530275999953, -37.874687351999967 ], [ -73.220480334999934, -37.860766970999975 ], [ -73.233227818999978, -37.864640257999952 ], [ -73.244311564999975, -37.854814016999967 ], [ -73.249513474999958, -37.842184265999947 ], [ -73.275028992999978, -37.838814981999974 ], [ -73.271442224999987, -37.846267753999939 ], [ -73.256361561999938, -37.852560063999931 ], [ -73.258516607999979, -37.859116665999977 ], [ -73.291529398999955, -37.879859686999964 ], [ -73.303649866999933, -37.895999863999975 ], [ -73.315689188999954, -37.900615795999954 ], [ -73.323053977999962, -37.913119156999983 ], [ -73.312265016999959, -37.921348831999978 ], [ -73.292003507999937, -37.922621785999979 ], [ -73.297050193999951, -37.940394122999976 ], [ -73.326615287999971, -37.949018709999962 ], [ -73.352339054999959, -37.946493115999942 ], [ -73.338703832999954, -37.95386829399996 ], [ -73.330697896999936, -37.96812769099995 ], [ -73.30635065599995, -37.975535133999983 ], [ -73.314267429999973, -37.988989867999976 ], [ -73.31237989899995, -37.998781730999951 ], [ -73.290863749999971, -38.019282717999943 ], [ -73.270872400999963, -38.01938169999994 ], [ -73.252009530999942, -38.060281128999975 ], [ -73.264436449999948, -38.058314085999939 ], [ -73.268451080999967, -38.067479723999952 ], [ -73.284289949999959, -38.071235669999965 ], [ -73.301168038999947, -38.061338053999975 ], [ -73.311518669999941, -38.063681665999979 ], [ -73.31652797199996, -38.069070540999974 ], [ -73.303713537999954, -38.08569773399995 ], [ -73.301673260999962, -38.10388256899995 ], [ -73.307564746999958, -38.110271470999976 ], [ -73.327535355999942, -38.116933594999978 ], [ -73.317107796999949, -38.140079098999934 ], [ -73.325330039999983, -38.169177302999969 ], [ -73.293850148999979, -38.201453238999932 ], [ -73.278462222999963, -38.202920339999935 ], [ -73.251444030999949, -38.215868678999982 ], [ -73.242535158999942, -38.237449573999982 ], [ -73.232937332999938, -38.243335755999965 ], [ -73.253901817999974, -38.253819175999979 ], [ -73.261138039999935, -38.273648397999978 ], [ -73.27250003499995, -38.278682390999961 ], [ -73.285517307999953, -38.292922336999936 ], [ -73.277117858999986, -38.297359234999931 ], [ -73.263646064999989, -38.284297250999941 ], [ -73.225298740999961, -38.274437073999934 ], [ -73.222273782999935, -38.257655603999979 ], [ -73.199356085999966, -38.242577290999975 ], [ -73.201177894999944, -38.231107994999945 ], [ -73.174035898999989, -38.227171900999963 ], [ -73.161546926999961, -38.216901665999956 ], [ -73.153450447999944, -38.219698275999974 ], [ -73.138368793999973, -38.215684463999935 ], [ -73.130914686999972, -38.18337820499994 ], [ -73.123899617999939, -38.183647715999939 ], [ -73.122387063999952, -38.188439826999968 ], [ -73.112313397999969, -38.186100773999954 ], [ -73.092433764999953, -38.191857829999947 ], [ -73.07686092299997, -38.172098732999984 ], [ -73.088956941999982, -38.150811713999929 ], [ -73.088556558999983, -38.142489366999939 ] ] ] } },
{ "type": "Feature", "properties": { "comuna_id": "31580391B57242884177731", "comuna": "Curanilahue", "region": "Región del Bío-Bío" }, "geometry": { "type": "Polygon", "coordinates": [ [ [ -73.074069773999952, -37.629272191999974 ], [ -73.070060386999955, -37.616817456999968 ], [ -73.062688084999934, -37.619571447999931 ], [ -73.053893389999985, -37.608553978999964 ], [ -73.065177645999938, -37.600173755999947 ], [ -73.061257070999943, -37.594129990999932 ], [ -73.030599265999967, -37.578423878999956 ], [ -73.032940121999957, -37.572325924999973 ], [ -73.013564217999942, -37.558366499999977 ], [ -73.017013654999971, -37.550507590999985 ], [ -73.009473811999953, -37.548249428999952 ], [ -73.008601637999959, -37.531571773999929 ], [ -73.004118245999962, -37.526327796999965 ], [ -73.014330011999959, -37.522760042999948 ], [ -73.013907750999977, -37.507130887999949 ], [ -73.02352031099997, -37.498906486999942 ], [ -73.007413531999987, -37.485676695999985 ], [ -73.004341430999943, -37.472909073999972 ], [ -72.989593139999954, -37.474632559999975 ], [ -72.981265879999967, -37.456660486999965 ], [ -72.986185362999947, -37.446024679999937 ], [ -73.00868825699996, -37.440066200999979 ], [ -73.01875860399997, -37.440650070999936 ], [ -73.021926820999965, -37.447006979999969 ], [ -73.029730792999942, -37.444082335999951 ], [ -73.03685334499994, -37.447661480999955 ], [ -73.046347246999972, -37.439933289999942 ], [ -73.083946689999948, -37.435745561999966 ], [ -73.086942189999945, -37.427705727999978 ], [ -73.121786241999985, -37.428003309999951 ], [ -73.125957481999933, -37.413785232999942 ], [ -73.114100249999979, -37.402642315999969 ], [ -73.122657808999975, -37.393491491999953 ], [ -73.115535580999961, -37.389193532999968 ], [ -73.11882757099994, -37.386614320999968 ], [ -73.114869784999939, -37.384262114999956 ], [ -73.118620858999975, -37.380541083999958 ], [ -73.115716920999944, -37.367620362999958 ], [ -73.126930568999967, -37.355709821999938 ], [ -73.144550860999971, -37.359991650999973 ], [ -73.167870142999959, -37.353190389999952 ], [ -73.224772147999943, -37.357158849999962 ], [ -73.249211069999944, -37.349186427999939 ], [ -73.250353149999967, -37.338586268999961 ], [ -73.258762441999977, -37.334379707999972 ], [ -73.272846681999965, -37.340232766999975 ], [ -73.27900750799995, -37.329646852999929 ], [ -73.288535271999933, -37.338905301999944 ], [ -73.287152597999977, -37.346640645999969 ], [ -73.29554871299996, -37.345071538999946 ], [ -73.306492198999933, -37.359671206999963 ], [ -73.32303251999997, -37.350152331999936 ], [ -73.322554989999958, -37.346180052999955 ], [ -73.333799807999981, -37.345261989999983 ], [ -73.339602808999985, -37.35419849699997 ], [ -73.38018597699994, -37.346375020999972 ], [ -73.390110697999944, -37.355929148999962 ], [ -73.396613076999984, -37.335436441999946 ], [ -73.393442340999968, -37.329525983999929 ], [ -73.398354618999974, -37.328700828999956 ], [ -73.426646277999964, -37.367596996999964 ], [ -73.441255088999981, -37.362693655999976 ], [ -73.449529749999954, -37.379048292999983 ], [ -73.467886030999978, -37.385240703999955 ], [ -73.486596748999943, -37.384115921999978 ], [ -73.490055462999976, -37.396017037999968 ], [ -73.497013012999957, -37.400747381999963 ], [ -73.500466224999968, -37.419853708999938 ], [ -73.505619315999979, -37.425079031999985 ], [ -73.479618737999942, -37.430531587999951 ], [ -73.488806529999977, -37.452544849999981 ], [ -73.441256731999943, -37.463967163999939 ], [ -73.418693137999981, -37.475640969999972 ], [ -73.427176288999988, -37.478056957999968 ], [ -73.42549244199995, -37.486150528999929 ], [ -73.433318763999978, -37.506875894999951 ], [ -73.441581475999953, -37.513456424999958 ], [ -73.438564538999969, -37.518028498999968 ], [ -73.444403352999984, -37.520013691999964 ], [ -73.443996045999938, -37.526513163999937 ], [ -73.440375012999937, -37.525207784999964 ], [ -73.445037512999988, -37.531427318999931 ], [ -73.441139932999988, -37.537783895999951 ], [ -73.445218157999989, -37.551961761999962 ], [ -73.438837735999982, -37.55901567899997 ], [ -73.430544320999957, -37.560221534999982 ], [ -73.436937484999987, -37.554326387999936 ], [ -73.426191948999985, -37.543560000999946 ], [ -73.404480987999989, -37.546399059999942 ], [ -73.400492540999949, -37.55157681399993 ], [ -73.399772290999977, -37.546208247999971 ], [ -73.388311499999986, -37.54742224599994 ], [ -73.387611653999954, -37.551139390999936 ], [ -73.38142496599994, -37.54732800599993 ], [ -73.37364116599997, -37.560000989999935 ], [ -73.363318289999938, -37.563972532999969 ], [ -73.354100982999967, -37.575904522999963 ], [ -73.322642618999964, -37.582656783999937 ], [ -73.311793786999942, -37.59461496199998 ], [ -73.278236038999978, -37.599231161999967 ], [ -73.256953610999972, -37.596841869999935 ], [ -73.243493007999973, -37.601512817999946 ], [ -73.210880247999967, -37.594403278999948 ], [ -73.20558863399998, -37.599383316999933 ], [ -73.184766497999988, -37.60195781799996 ], [ -73.183689011999945, -37.60600130499995 ], [ -73.164391010999964, -37.606202698999937 ], [ -73.152960328999939, -37.627433081999982 ], [ -73.140675557999941, -37.634972562999963 ], [ -73.131382391999978, -37.634659007999971 ], [ -73.126467655999988, -37.641033727999968 ], [ -73.126760074999936, -37.648879007999938 ], [ -73.117288865999967, -37.661074812999971 ], [ -73.124024728999984, -37.666712495999946 ], [ -73.121038519999956, -37.672175693999975 ], [ -73.126584524999942, -37.681455958999948 ], [ -73.119724254999937, -37.682446208999977 ], [ -73.117963631999942, -37.687613424999938 ], [ -73.105799576999971, -37.687355509999975 ], [ -73.104527542999961, -37.677160759999936 ], [ -73.080810763999978, -37.676826735999953 ], [ -73.078344203999961, -37.662286613999981 ], [ -73.068234278999967, -37.659863938999933 ], [ -73.069823976999942, -37.650238383999977 ], [ -73.058551079999972, -37.640239576999932 ], [ -73.074069773999952, -37.629272191999974 ] ] ] } },
{ "type": "Feature", "properties": { "comuna_id": "31580391B47956415575590", "comuna": "Lebu", "region": "Región del Bío-Bío" }, "geometry": { "type": "MultiPolygon", "coordinates": [ [ [ [ -73.504396879999945, -37.422251503999973 ], [ -73.515872094999963, -37.423545169999954 ], [ -73.523376975999952, -37.438988367999968 ], [ -73.541172709999955, -37.45040793499993 ], [ -73.552596252999933, -37.447817507999957 ], [ -73.558263484999941, -37.451126960999943 ], [ -73.572709392999968, -37.44575763399996 ], [ -73.579866942999956, -37.450313966999943 ], [ -73.589076807999959, -37.446889857999963 ], [ -73.59037750799996, -37.441164855999943 ], [ -73.597289372999967, -37.439581792999945 ], [ -73.590578461999939, -37.461755628999981 ], [ -73.597090225999978, -37.473491433999982 ], [ -73.589109020999956, -37.504090072999929 ], [ -73.596760373999984, -37.512694003999968 ], [ -73.597906510999962, -37.528232321999951 ], [ -73.602035262999948, -37.535649328999966 ], [ -73.613929091999978, -37.540712321999933 ], [ -73.61703018999998, -37.537062397999932 ], [ -73.628227524999943, -37.547101389999966 ], [ -73.633374917999959, -37.546006488999979 ], [ -73.630208341999946, -37.550749162999978 ], [ -73.637769391999939, -37.556825666999941 ], [ -73.645318546999988, -37.55650508399998 ], [ -73.646775104999961, -37.567864633999932 ], [ -73.640120468999953, -37.57551214199998 ], [ -73.642905716999962, -37.58298440599998 ], [ -73.655791395999984, -37.596259059999966 ], [ -73.664913255999977, -37.596506805999979 ], [ -73.668842481999945, -37.591774414999975 ], [ -73.680163886999935, -37.626596650999943 ], [ -73.680868777999933, -37.630528481999932 ], [ -73.673530414999959, -37.629921888999945 ], [ -73.666665355999953, -37.638862231999951 ], [ -73.662163413999963, -37.647683194999956 ], [ -73.667214495999986, -37.656192678999957 ], [ -73.655136861999949, -37.672146857999962 ], [ -73.654224623999937, -37.681726490999949 ], [ -73.661066794999954, -37.687343583999962 ], [ -73.655376959999955, -37.690132430999938 ], [ -73.659632879999947, -37.695378858999959 ], [ -73.651505163999957, -37.700916393999933 ], [ -73.655062305999934, -37.708744000999957 ], [ -73.663491571999941, -37.709822304999932 ], [ -73.654732329999945, -37.710938221999982 ], [ -73.651791264999986, -37.716197244999933 ], [ -73.656585881999945, -37.722182431999954 ], [ -73.665131592999956, -37.721287046999976 ], [ -73.664414515999965, -37.726109626999971 ], [ -73.655189691999965, -37.726916698999958 ], [ -73.637014575999956, -37.74439818299993 ], [ -73.58184715699997, -37.816251972999964 ], [ -73.557563683999945, -37.807423434999976 ], [ -73.546189605999984, -37.781124819999945 ], [ -73.534934506999946, -37.777200094999955 ], [ -73.515059990999987, -37.74826447099997 ], [ -73.509722521999947, -37.72856328499995 ], [ -73.512133304999963, -37.721955983999976 ], [ -73.506480618999944, -37.718045196999981 ], [ -73.49984625899998, -37.694379519999984 ], [ -73.501415092999935, -37.689651991999938 ], [ -73.520307634999938, -37.681979961999957 ], [ -73.519360282999969, -37.667216277999955 ], [ -73.50435497999996, -37.660019931999955 ], [ -73.49339095299996, -37.649033950999979 ], [ -73.499644074999935, -37.653748115999974 ], [ -73.504652756999974, -37.651675768999951 ], [ -73.516877178999948, -37.616234499999962 ], [ -73.532983117999947, -37.609162595999976 ], [ -73.539594461999968, -37.59801000799996 ], [ -73.53611368199995, -37.591740443999981 ], [ -73.540538508999987, -37.584099287999948 ], [ -73.529804569999953, -37.586404118999951 ], [ -73.52547797699998, -37.595870785999978 ], [ -73.50781963299994, -37.608322415999965 ], [ -73.50604556899998, -37.615457915999968 ], [ -73.495070841999961, -37.603641244999949 ], [ -73.50336404899997, -37.599571384999933 ], [ -73.502294008999968, -37.591354298999931 ], [ -73.495679442999972, -37.591810577999979 ], [ -73.490589394999972, -37.601807361999931 ], [ -73.476082990999942, -37.599194580999949 ], [ -73.475391360999936, -37.59012390099997 ], [ -73.454351549999956, -37.571301348999953 ], [ -73.463987036999981, -37.563701809999941 ], [ -73.463520983999956, -37.558417464999934 ], [ -73.452119244999949, -37.562579078999931 ], [ -73.45111927399995, -37.551094519999936 ], [ -73.441865254999982, -37.55087212199993 ], [ -73.445037512999988, -37.531427318999931 ], [ -73.440375012999937, -37.525207784999964 ], [ -73.443996045999938, -37.526513163999937 ], [ -73.444403352999984, -37.520013691999964 ], [ -73.438564538999969, -37.518028498999968 ], [ -73.441581475999953, -37.513456424999958 ], [ -73.433318763999978, -37.506875894999951 ], [ -73.42549244199995, -37.486150528999929 ], [ -73.427176288999988, -37.478056957999968 ], [ -73.418688584999984, -37.475857250999979 ], [ -73.441256731999943, -37.463967163999939 ], [ -73.488806529999977, -37.452544849999981 ], [ -73.479618737999942, -37.430531587999951 ], [ -73.49663385599996, -37.429776582999978 ], [ -73.504043276999937, -37.42694389899998 ], [ -73.504396879999945, -37.422251503999973 ] ] ], [ [ [ -73.95075701199994, -38.316134536999982 ], [ -73.961442588999944, -38.318568271999936 ], [ -73.956183847999966, -38.321824468999978 ], [ -73.956944429999965, -38.327873845999932 ], [ -73.948137153999937, -38.327394172999959 ], [ -73.94553065499997, -38.334715508999977 ], [ -73.954370488999984, -38.341837597999984 ], [ -73.952526498999987, -38.349265020999951 ], [ -73.943744167999967, -38.355598284999985 ], [ -73.946347906999961, -38.368973012999959 ], [ -73.952003027999979, -38.373764061999964 ], [ -73.935493218999966, -38.383429263999972 ], [ -73.929608646999952, -38.394226089999961 ], [ -73.929580147999957, -38.407712153999967 ], [ -73.939951599999972, -38.417953826999963 ], [ -73.931576133999954, -38.413335763999953 ], [ -73.93068591399998, -38.419036614999982 ], [ -73.928481778999981, -38.413109221999946 ], [ -73.917098112999952, -38.411134640999933 ], [ -73.904374921999988, -38.419262277999962 ], [ -73.885088374999953, -38.418012467999972 ], [ -73.863354379999976, -38.380683699999963 ], [ -73.865743358999964, -38.368923801999983 ], [ -73.888274525999975, -38.36232658199998 ], [ -73.913075316999937, -38.334117309999954 ], [ -73.933496644999934, -38.320088293999959 ], [ -73.95075701199994, -38.316134536999982 ] ] ] ] } },
{ "type": "Feature", "properties": { "comuna_id": "31580391B59791151008758", "comuna": "Los Alamos", "region": "Región del Bío-Bío" }, "geometry": { "type": "Polygon", "coordinates": [ [ [ -73.117963631999942, -37.687613424999938 ], [ -73.119724254999937, -37.682446208999977 ], [ -73.126584524999942, -37.681455958999948 ], [ -73.121038519999956, -37.672175693999975 ], [ -73.124024728999984, -37.666712495999946 ], [ -73.117288865999967, -37.661074812999971 ], [ -73.126760074999936, -37.648879007999938 ], [ -73.126467655999988, -37.641033727999968 ], [ -73.131382391999978, -37.634659007999971 ], [ -73.140675557999941, -37.634972562999963 ], [ -73.152960328999939, -37.627433081999982 ], [ -73.164391010999964, -37.606202698999937 ], [ -73.183689011999945, -37.60600130499995 ], [ -73.184766497999988, -37.60195781799996 ], [ -73.20558863399998, -37.599383316999933 ], [ -73.210880247999967, -37.594403278999948 ], [ -73.243493007999973, -37.601512817999946 ], [ -73.256953610999972, -37.596841869999935 ], [ -73.278236038999978, -37.599231161999967 ], [ -73.311793786999942, -37.59461496199998 ], [ -73.322642618999964, -37.582656783999937 ], [ -73.354100982999967, -37.575904522999963 ], [ -73.363318289999938, -37.563972532999969 ], [ -73.37364116599997, -37.560000989999935 ], [ -73.381009607999943, -37.547430437999935 ], [ -73.387611653999954, -37.551139390999936 ], [ -73.388311499999986, -37.54742224599994 ], [ -73.399772290999977, -37.546208247999971 ], [ -73.400492540999949, -37.55157681399993 ], [ -73.404480987999989, -37.546399059999942 ], [ -73.426191948999985, -37.543560000999946 ], [ -73.436937484999987, -37.554326387999936 ], [ -73.43074818599996, -37.560386445999939 ], [ -73.449979323999969, -37.550657327999943 ], [ -73.452119244999949, -37.562579078999931 ], [ -73.463391920999982, -37.558239817999947 ], [ -73.463987036999981, -37.563701809999941 ], [ -73.454351549999956, -37.571301348999953 ], [ -73.475391360999936, -37.59012390099997 ], [ -73.47395600599998, -37.596821734999935 ], [ -73.478152433999981, -37.600630194999951 ], [ -73.491580900999963, -37.601428762999944 ], [ -73.495679442999972, -37.591810577999979 ], [ -73.502294008999968, -37.591354298999931 ], [ -73.50336404899997, -37.599571384999933 ], [ -73.495070841999961, -37.603641244999949 ], [ -73.503071297999952, -37.608016751999969 ], [ -73.505495123999935, -37.615396932999943 ], [ -73.529804569999953, -37.586404118999951 ], [ -73.540538508999987, -37.584099287999948 ], [ -73.53611368199995, -37.591740443999981 ], [ -73.539594461999968, -37.59801000799996 ], [ -73.532983117999947, -37.609162595999976 ], [ -73.516877178999948, -37.616234499999962 ], [ -73.504652756999974, -37.651675768999951 ], [ -73.499644074999935, -37.653748115999974 ], [ -73.496991506999962, -37.648280480999972 ], [ -73.49339095299996, -37.649033950999979 ], [ -73.50435497999996, -37.660019931999955 ], [ -73.519360282999969, -37.667216277999955 ], [ -73.520307634999938, -37.681979961999957 ], [ -73.501415092999935, -37.689651991999938 ], [ -73.49984625899998, -37.694379519999984 ], [ -73.506480618999944, -37.718045196999981 ], [ -73.512133304999963, -37.721955983999976 ], [ -73.509722521999947, -37.72856328499995 ], [ -73.515059990999987, -37.74826447099997 ], [ -73.534934506999946, -37.777200094999955 ], [ -73.546189605999984, -37.781124819999945 ], [ -73.557563683999945, -37.807423434999976 ], [ -73.581699456999957, -37.816250203999971 ], [ -73.545284107999976, -37.86976638699997 ], [ -73.53959737699995, -37.870610407999948 ], [ -73.539295278999987, -37.861914583999976 ], [ -73.518309317999979, -37.853723050999974 ], [ -73.516573716999972, -37.84546311899993 ], [ -73.505549126999938, -37.845937357999958 ], [ -73.496088053999983, -37.839281163999942 ], [ -73.483769868999957, -37.814694894999946 ], [ -73.475877714999967, -37.80831341399994 ], [ -73.475601672999971, -37.790047024999978 ], [ -73.468340472999955, -37.783878348999963 ], [ -73.470726239999976, -37.77893079699993 ], [ -73.465355552999938, -37.776032251999936 ], [ -73.45613683199997, -37.752333395999983 ], [ -73.442605291999939, -37.738830414999939 ], [ -73.434072482999966, -37.714419753999948 ], [ -73.412921867999955, -37.705358065999974 ], [ -73.404623453999989, -37.716236036999931 ], [ -73.390228345999958, -37.696200872999952 ], [ -73.388425766999944, -37.710149695999974 ], [ -73.377905342999952, -37.708097727999984 ], [ -73.373027358999934, -37.711845763999975 ], [ -73.373956129999954, -37.696856190999938 ], [ -73.366224878999958, -37.692049281999971 ], [ -73.352503309999975, -37.694318726999938 ], [ -73.324867925999968, -37.717018992999954 ], [ -73.305222007999987, -37.718711873999951 ], [ -73.265524633999974, -37.741750233999937 ], [ -73.231162800999982, -37.746800711999981 ], [ -73.22186904299997, -37.744951681999964 ], [ -73.214856585999939, -37.722431084999982 ], [ -73.197760498999969, -37.718579073999933 ], [ -73.169540091999977, -37.723891563999985 ], [ -73.147871382999938, -37.716222263999953 ], [ -73.128886645999955, -37.716604247999953 ], [ -73.114086407999935, -37.703521498999976 ], [ -73.124374197999941, -37.689477463999935 ], [ -73.117963631999942, -37.687613424999938 ] ] ] } },
{ "type": "Feature", "properties": { "comuna_id": "31580391B92195625665454", "comuna": "Laja", "region": "Región del Bío-Bío" }, "geometry": { "type": "Polygon", "coordinates": [ [ [ -72.501434297999936, -37.254523222999978 ], [ -72.51715311199996, -37.241271556999948 ], [ -72.525120179999988, -37.247176162999949 ], [ -72.532335169999953, -37.237317692999966 ], [ -72.557358475999933, -37.232682243999932 ], [ -72.61995479899997, -37.229848252999943 ], [ -72.688099754999939, -37.252921211999933 ], [ -72.704122909999967, -37.253670471999953 ], [ -72.719186530999934, -37.268100129999937 ], [ -72.732398216999968, -37.27346420899994 ], [ -72.726464526999962, -37.27870491799996 ], [ -72.709106245999976, -37.323674445999984 ], [ -72.706425253999953, -37.348992792999979 ], [ -72.699488667999958, -37.357060427999954 ], [ -72.678864084999987, -37.363333676999957 ], [ -72.671409353999934, -37.372796553999933 ], [ -72.661767190999967, -37.36683861399996 ], [ -72.636152350999964, -37.364735398999983 ], [ -72.625038056999983, -37.381880777999982 ], [ -72.593236178999973, -37.385803764999935 ], [ -72.578880273999971, -37.393708038999932 ], [ -72.568755175999968, -37.387238698999965 ], [ -72.540279032999933, -37.395925090999981 ], [ -72.489789481999935, -37.388298317999954 ], [ -72.484619406999968, -37.392766284999936 ], [ -72.456062200999952, -37.359767672999965 ], [ -72.432466659999989, -37.353164579999941 ], [ -72.434119768999949, -37.342585891999931 ], [ -72.438035482999965, -37.325461664999978 ], [ -72.471871983999961, -37.293193885999983 ], [ -72.488241393999942, -37.265594412999974 ], [ -72.501415469999984, -37.259632035999971 ], [ -72.501434297999936, -37.254523222999978 ] ] ] } },
{ "type": "Feature", "properties": { "comuna_id": "31580391B74499548648812", "comuna": "Los Angeles", "region": "Región del Bío-Bío" }, "geometry": { "type": "Polygon", "coordinates": [ [ [ -72.671409353999934, -37.372796553999933 ], [ -72.666298673999961, -37.387073302999966 ], [ -72.671126571999935, -37.420311483999967 ], [ -72.684126893999974, -37.444697038999948 ], [ -72.681733650999945, -37.475789040999985 ], [ -72.655968326999982, -37.49034960299997 ], [ -72.614381552999987, -37.497671088999937 ], [ -72.599846664999973, -37.504863346999969 ], [ -72.595006558999955, -37.512060877999943 ], [ -72.604458066999939, -37.523507008999957 ], [ -72.596057383999948, -37.529678496999963 ], [ -72.588808564999965, -37.55952519799996 ], [ -72.579905372999974, -37.564397612999983 ], [ -72.574308049999956, -37.57997129499995 ], [ -72.563372183999945, -37.575406533999967 ], [ -72.542268555999954, -37.583122954999965 ], [ -72.534707768999965, -37.578005983999958 ], [ -72.504981580999981, -37.574662978999982 ], [ -72.496305172999939, -37.567183392999937 ], [ -72.485400016999961, -37.568359120999958 ], [ -72.480985718999989, -37.563137852999944 ], [ -72.448624926999969, -37.561774937999985 ], [ -72.441124588999969, -37.556891701999973 ], [ -72.428970858999946, -37.568930153999929 ], [ -72.41373531499994, -37.566022121999936 ], [ -72.397382931999971, -37.572862911999948 ], [ -72.386302332999946, -37.567431 ], [ -72.373215444999971, -37.576952565999932 ], [ -72.349534748999986, -37.568936562999966 ], [ -72.33064739699995, -37.589539077999973 ], [ -72.311146789999952, -37.596916155999963 ], [ -72.300538463999942, -37.595291087999954 ], [ -72.288231566999968, -37.602494931999956 ], [ -72.269567430999984, -37.600765922999983 ], [ -72.264761039999939, -37.616591391999975 ], [ -72.231712369999968, -37.610670519999985 ], [ -72.226801361999946, -37.621855789999984 ], [ -72.208914783999944, -37.632066738999981 ], [ -72.203604584999937, -37.652158044999965 ], [ -72.18672989199996, -37.662294047999978 ], [ -72.175321212999961, -37.66309131099996 ], [ -72.166290087999982, -37.627195456999971 ], [ -72.156595356999958, -37.612145132999956 ], [ -72.156873553999958, -37.589958785999954 ], [ -72.147732051999981, -37.585747327999968 ], [ -72.157451679999951, -37.586047322999946 ], [ -72.123552804999974, -37.56535608799993 ], [ -72.137492653999971, -37.564865924999935 ], [ -72.149772550999955, -37.55068995299996 ], [ -72.17633002599996, -37.546430426999962 ], [ -72.17667972199996, -37.542382792999945 ], [ -72.15234068999996, -37.535382151999954 ], [ -72.119535653999947, -37.508586613999967 ], [ -72.098601986999938, -37.505576877999943 ], [ -72.071099079999954, -37.478296867999973 ], [ -72.066321794999965, -37.479478425999957 ], [ -72.065585324999972, -37.457747766999944 ], [ -72.042221158999951, -37.447226385999954 ], [ -72.105769596999949, -37.446597599999961 ], [ -72.102188514999966, -37.430517332999955 ], [ -72.068291349999981, -37.426067118999981 ], [ -72.076589818999935, -37.418394872999954 ], [ -72.067812502999971, -37.400110183999971 ], [ -72.083306671999935, -37.395422305999944 ], [ -72.085294672999964, -37.390888108999945 ], [ -72.096715193999955, -37.320844329999943 ], [ -72.136642364999943, -37.316096597999945 ], [ -72.131088107999972, -37.297709271999963 ], [ -72.101037295999959, -37.248418231999949 ], [ -72.094856220999986, -37.25003527299998 ], [ -72.085701408999967, -37.220627032999971 ], [ -72.067132668999989, -37.230107971999985 ], [ -72.039987787999962, -37.205148372999929 ], [ -72.066354930999978, -37.191457582999931 ], [ -72.085597038999936, -37.185332690999985 ], [ -72.103887694999969, -37.187033705999966 ], [ -72.110964942999942, -37.17911083599995 ], [ -72.119781667999973, -37.178621626999984 ], [ -72.136424136999949, -37.179490559999977 ], [ -72.160340689999941, -37.197412448999955 ], [ -72.186354454999957, -37.195992006999973 ], [ -72.207533717999979, -37.187006603999976 ], [ -72.237571352999964, -37.186356605999947 ], [ -72.244321193999951, -37.182219449999934 ], [ -72.25171828699996, -37.191754719999949 ], [ -72.26931527499994, -37.194273961999954 ], [ -72.280506247999938, -37.205617102999952 ], [ -72.302371775999973, -37.200018571999976 ], [ -72.319154207999986, -37.210831350999968 ], [ -72.362479180999969, -37.211137975999975 ], [ -72.384409160999951, -37.220605680999938 ], [ -72.404397033999942, -37.219696803999966 ], [ -72.417300549999936, -37.214046622999945 ], [ -72.462535371999934, -37.215502547999961 ], [ -72.485631230999957, -37.228431809999961 ], [ -72.48819260199997, -37.237951872999929 ], [ -72.508860914999957, -37.251482608999936 ], [ -72.488539073999959, -37.265279556999928 ], [ -72.471871983999961, -37.293193885999983 ], [ -72.438035482999965, -37.325461664999978 ], [ -72.432466659999989, -37.353164579999941 ], [ -72.456062200999952, -37.359767672999965 ], [ -72.477188791999936, -37.37967632799996 ], [ -72.481990834999976, -37.392020954999964 ], [ -72.489789481999935, -37.388298317999954 ], [ -72.540279032999933, -37.395925090999981 ], [ -72.568755175999968, -37.387238698999965 ], [ -72.578880273999971, -37.393708038999932 ], [ -72.593236178999973, -37.385803764999935 ], [ -72.625038056999983, -37.381880777999982 ], [ -72.636152350999964, -37.364735398999983 ], [ -72.661767190999967, -37.36683861399996 ], [ -72.671409353999934, -37.372796553999933 ] ] ] } },
{ "type": "Feature", "properties": { "comuna_id": "31580391B65956713874388", "comuna": "Mulchén", "region": "Región del Bío-Bío" }, "geometry": { "type": "Polygon", "coordinates": [ [ [ -71.70666754299998, -38.188553335999984 ], [ -71.684982497999954, -38.18063013099993 ], [ -71.675852934999966, -38.163310535999983 ], [ -71.676729567999985, -38.155570058999956 ], [ -71.668903570999987, -38.150020792999953 ], [ -71.672022840999944, -38.13904075399995 ], [ -71.666556208999964, -38.131575556999962 ], [ -71.659456306999971, -38.125469820999967 ], [ -71.652454213999988, -38.13382325799995 ], [ -71.640858186999935, -38.137344217999953 ], [ -71.622514343999967, -38.125585394999973 ], [ -71.620750059999978, -38.119572002999973 ], [ -71.624659451999946, -38.116629856999964 ], [ -71.612776953999969, -38.107368108999935 ], [ -71.615671189999944, -38.10095139699996 ], [ -71.636054703999946, -38.093448585999965 ], [ -71.63313051199998, -38.070931587999951 ], [ -71.622477602999936, -38.053886189999957 ], [ -71.631834523999942, -38.045284255999945 ], [ -71.649752981999939, -38.042668818999971 ], [ -71.644230608999976, -38.013586218999933 ], [ -71.656706094999947, -38.00397249699995 ], [ -71.637696350999988, -37.972726671999965 ], [ -71.641506638999942, -37.959846192999976 ], [ -71.671975506999956, -37.955170408999948 ], [ -71.686332859999936, -37.946076664999964 ], [ -71.692012329999955, -37.931153252999934 ], [ -71.710568149999972, -37.936327856999981 ], [ -71.759753730999932, -37.928646728999979 ], [ -71.753328719999956, -37.92053819399996 ], [ -71.768690141999969, -37.914033149999966 ], [ -71.780220008999947, -37.89472673299997 ], [ -71.825214187999961, -37.881661036999958 ], [ -71.885664826999971, -37.852278848999958 ], [ -71.917252234999978, -37.844459657999948 ], [ -71.969528958999945, -37.808999169999936 ], [ -71.966868687999977, -37.763450015999979 ], [ -71.990293171999951, -37.747480243999973 ], [ -71.993484882999951, -37.73256437699996 ], [ -72.024131662999935, -37.726846283999976 ], [ -72.033382281999934, -37.731580372999929 ], [ -72.070728438999936, -37.711908428999948 ], [ -72.098628375999965, -37.707197147999977 ], [ -72.104873075999933, -37.69873227599993 ], [ -72.119080670999949, -37.695237535999979 ], [ -72.122967132999975, -37.682537621999984 ], [ -72.129205885999966, -37.67841434099995 ], [ -72.138214286999983, -37.684021709999968 ], [ -72.147794509999983, -37.680199301999949 ], [ -72.144728380999936, -37.672682280999936 ], [ -72.149508555999944, -37.666468135999935 ], [ -72.18672989199996, -37.662294047999978 ], [ -72.203604584999937, -37.652158044999965 ], [ -72.208914783999944, -37.632066738999981 ], [ -72.226801361999946, -37.621855789999984 ], [ -72.231712369999968, -37.610670519999985 ], [ -72.264761039999939, -37.616591391999975 ], [ -72.269567430999984, -37.600765922999983 ], [ -72.288231566999968, -37.602494931999956 ], [ -72.300538463999942, -37.595291087999954 ], [ -72.311146789999952, -37.596916155999963 ], [ -72.33064739699995, -37.589539077999973 ], [ -72.348385691999965, -37.569244493999975 ], [ -72.373215444999971, -37.576952565999932 ], [ -72.386302332999946, -37.567431 ], [ -72.397382931999971, -37.572862911999948 ], [ -72.41373531499994, -37.566022121999936 ], [ -72.428970858999946, -37.568930153999929 ], [ -72.438308326999959, -37.556925946999968 ], [ -72.448624926999969, -37.561774937999985 ], [ -72.480985718999989, -37.563137852999944 ], [ -72.485400016999961, -37.568359120999958 ], [ -72.498179532999984, -37.567859781999971 ], [ -72.504981580999981, -37.574662978999982 ], [ -72.531035183999961, -37.578091016999963 ], [ -72.503384179999955, -37.580071826999983 ], [ -72.499201380999978, -37.585236597999938 ], [ -72.496298313999944, -37.579312911999978 ], [ -72.488073680999946, -37.577955429999975 ], [ -72.481708086999959, -37.584710198999971 ], [ -72.47783807899998, -37.601540385999954 ], [ -72.48074922099994, -37.616481825999983 ], [ -72.484169025999961, -37.624820199999931 ], [ -72.493575937999935, -37.618078620999938 ], [ -72.494804864999935, -37.621909917999972 ], [ -72.476387871999975, -37.631235826999955 ], [ -72.491643566999983, -37.655366391999962 ], [ -72.485977590999937, -37.660258972999941 ], [ -72.485768647999976, -37.676676137999948 ], [ -72.479743912999936, -37.680054216999963 ], [ -72.483630113999936, -37.692419051999934 ], [ -72.474489122999955, -37.697774608999964 ], [ -72.479130129999987, -37.705054642999983 ], [ -72.472373928999957, -37.708842492999963 ], [ -72.484771857999988, -37.721573585999977 ], [ -72.479452682999977, -37.747950292999974 ], [ -72.471076392999976, -37.751154694999968 ], [ -72.459330019999982, -37.768658506999941 ], [ -72.449262787999942, -37.773055261999957 ], [ -72.446599271999958, -37.783359048999955 ], [ -72.425930361999974, -37.796548057999985 ], [ -72.424107833999983, -37.807160561999979 ], [ -72.412775463999935, -37.82037067899995 ], [ -72.415298463999989, -37.822835039999973 ], [ -72.403245535999986, -37.828829089999942 ], [ -72.400569189999942, -37.842331156999933 ], [ -72.392510024999979, -37.843215549999968 ], [ -72.386778829999969, -37.850158592999946 ], [ -72.355449905999933, -37.851881544999969 ], [ -72.317741210999941, -37.881560977999982 ], [ -72.30628227699998, -37.875500340999963 ], [ -72.287698825999939, -37.875365640999973 ], [ -72.276084949999984, -37.882689874999983 ], [ -72.269877507999979, -37.87990702999997 ], [ -72.256401124999968, -37.883511436999981 ], [ -72.251828988999989, -37.876902962999964 ], [ -72.245249564999938, -37.878472840999962 ], [ -72.23760374799997, -37.889017512999942 ], [ -72.207628854999939, -37.904724958999964 ], [ -72.189272102999951, -37.926533054999936 ], [ -72.177772307999987, -37.927438760999962 ], [ -72.162246713999934, -37.941727998999966 ], [ -72.14613467099997, -37.944047366999939 ], [ -72.142967275999979, -37.95325863599993 ], [ -72.129126595999935, -37.953075405999982 ], [ -72.135215098999936, -37.962078669999983 ], [ -72.127279072999954, -37.96370395699995 ], [ -72.128715743999976, -37.969499803999952 ], [ -72.120397492999984, -37.977395066999975 ], [ -72.122637073999954, -37.980964746999973 ], [ -72.112870689999966, -37.981560871999932 ], [ -72.112959209999985, -37.992711977999932 ], [ -72.104475220999973, -37.992100943999958 ], [ -72.102013906999957, -37.99871302899993 ], [ -72.068611114999953, -38.003380935999985 ], [ -72.067067744999974, -38.008239852999964 ], [ -72.049189651999939, -38.01418524199994 ], [ -72.023792317999948, -38.010236909999946 ], [ -72.020790747999968, -38.003457674999936 ], [ -72.008084592999978, -38.007004532999929 ], [ -71.996276619999946, -37.996822713999961 ], [ -71.983887137999943, -37.99684459599996 ], [ -71.982167059999938, -37.992313485999944 ], [ -71.965698335999946, -37.994227065999951 ], [ -71.965964139999983, -38.000493136999978 ], [ -71.95664727999997, -38.002250563999951 ], [ -71.947143189999963, -38.019989546999966 ], [ -71.93033649299997, -38.029826247999949 ], [ -71.933991765999963, -38.039329244999976 ], [ -71.931116133999979, -38.045400068999982 ], [ -71.904244411999969, -38.059196153999949 ], [ -71.895795437999936, -38.073150128999941 ], [ -71.888748723999981, -38.075557766999964 ], [ -71.876654152999947, -38.078207733999932 ], [ -71.848128178999957, -38.054702129999953 ], [ -71.831311133999975, -38.051911880999967 ], [ -71.815227043999982, -38.041930107999974 ], [ -71.787495751999984, -38.037645729999952 ], [ -71.776567226999987, -38.030303132999961 ], [ -71.734706391999964, -38.042946375999975 ], [ -71.70058546599995, -38.069787395999981 ], [ -71.698026647999939, -38.084253162999971 ], [ -71.705319000999964, -38.102326208999955 ], [ -71.705929773999969, -38.124014921999958 ], [ -71.709127112999965, -38.134885177999934 ], [ -71.721449684999982, -38.146239031999983 ], [ -71.693998749999935, -38.16917850599998 ], [ -71.694701660999954, -38.17841234499997 ], [ -71.70666754299998, -38.188553335999984 ] ] ] } },
{ "type": "Feature", "properties": { "comuna_id": "31580391B61786916071030", "comuna": "Nacimiento", "region": "Región del Bío-Bío" }, "geometry": { "type": "Polygon", "coordinates": [ [ [ -72.727218588999961, -37.626074838999955 ], [ -72.686479751999968, -37.617733627999939 ], [ -72.681092495999962, -37.623551745999976 ], [ -72.666463263999958, -37.625569884999948 ], [ -72.665681681999956, -37.629486098999962 ], [ -72.655064440999979, -37.62544859299993 ], [ -72.650755591999939, -37.615771859999938 ], [ -72.633171568999956, -37.600885597999934 ], [ -72.642736192999962, -37.583825148999949 ], [ -72.639324805999934, -37.56776199199993 ], [ -72.649928230999933, -37.56729553699995 ], [ -72.646219373999941, -37.554280517999985 ], [ -72.652812486999949, -37.534411347999935 ], [ -72.619405876999963, -37.53405769699998 ], [ -72.61387565299998, -37.531714272999977 ], [ -72.619062455999938, -37.522262675999968 ], [ -72.603678683999988, -37.520291886999985 ], [ -72.595047876999956, -37.510774135999952 ], [ -72.611602738999977, -37.49847331999996 ], [ -72.653549091999935, -37.491159896999932 ], [ -72.681733650999945, -37.475789040999985 ], [ -72.684126893999974, -37.444697038999948 ], [ -72.671126571999935, -37.420311483999967 ], [ -72.666648382999938, -37.383503667999946 ], [ -72.678864084999987, -37.363333676999957 ], [ -72.699488667999958, -37.357060427999954 ], [ -72.706425253999953, -37.348992792999979 ], [ -72.708445741999981, -37.325759980999976 ], [ -72.729037596999945, -37.275839788999974 ], [ -72.733885191999946, -37.282207061999941 ], [ -72.72684877599994, -37.294720564999977 ], [ -72.731387213999938, -37.303391745999932 ], [ -72.742754058999935, -37.308984893999934 ], [ -72.741412867999941, -37.315484076999951 ], [ -72.749932346999969, -37.322914616999981 ], [ -72.766817429999946, -37.309270341999934 ], [ -72.780048712999985, -37.317360014999963 ], [ -72.790415175999954, -37.310804078999979 ], [ -72.797131011999966, -37.313903297999957 ], [ -72.803447712999969, -37.307383328999947 ], [ -72.808113942999967, -37.330653740999935 ], [ -72.803846739999983, -37.335940955999945 ], [ -72.811313834999964, -37.344393165999975 ], [ -72.828888553999946, -37.333557808999956 ], [ -72.838829851999947, -37.334693734999973 ], [ -72.850418217999959, -37.350296219999962 ], [ -72.873733, -37.350561155999969 ], [ -72.876934473999938, -37.356512628999951 ], [ -72.897140256999933, -37.344053785999961 ], [ -72.906188910999958, -37.35634941099994 ], [ -72.911602621999975, -37.356018142999972 ], [ -72.911995264999973, -37.351184406999948 ], [ -72.921478474999958, -37.35237204699996 ], [ -72.930783090999967, -37.36141472099996 ], [ -72.93018940099995, -37.367356945999973 ], [ -72.94323129199995, -37.370274699999982 ], [ -72.950444052999956, -37.384535829999948 ], [ -72.95039087899994, -37.397012424999957 ], [ -72.965893354999935, -37.404661277999935 ], [ -72.961429233999979, -37.40790544999993 ], [ -72.967749414999957, -37.418256777999943 ], [ -72.966501111999946, -37.427279140999929 ], [ -72.976849086999948, -37.440121967999971 ], [ -72.969242529999974, -37.447981813999945 ], [ -72.98325495399996, -37.45063391399998 ], [ -72.983263724999972, -37.467770222999945 ], [ -72.994232232999934, -37.476419220999958 ], [ -73.004341430999943, -37.472909073999972 ], [ -73.007413531999987, -37.485676695999985 ], [ -73.02352031099997, -37.498906486999942 ], [ -73.013907750999977, -37.507130887999949 ], [ -73.014330011999959, -37.522760042999948 ], [ -73.004118245999962, -37.526327796999965 ], [ -73.008601637999959, -37.531571773999929 ], [ -73.009473811999953, -37.548249428999952 ], [ -73.017013654999971, -37.550507590999985 ], [ -73.01326486399995, -37.557811737999941 ], [ -73.032940121999957, -37.572325924999973 ], [ -73.030599265999967, -37.578423878999956 ], [ -73.061257070999943, -37.594129990999932 ], [ -73.065177645999938, -37.600173755999947 ], [ -73.053893389999985, -37.608553978999964 ], [ -73.062688084999934, -37.619571447999931 ], [ -73.070840875999977, -37.617334916999937 ], [ -73.066189335999979, -37.624680864999959 ], [ -73.057034881999982, -37.626247261999936 ], [ -73.041913350999948, -37.617556154999932 ], [ -73.029211820999933, -37.621779711999977 ], [ -73.022167643999978, -37.629673594999929 ], [ -73.012074337999934, -37.630410000999973 ], [ -73.003998402999969, -37.625218626999981 ], [ -73.005399459999978, -37.619591349999951 ], [ -72.946208621999972, -37.613433800999985 ], [ -72.932362090999959, -37.614679774999956 ], [ -72.927426548999961, -37.619705354999951 ], [ -72.910568793999971, -37.606818177999969 ], [ -72.871369580999954, -37.605869415999962 ], [ -72.867093095999962, -37.603745423999953 ], [ -72.868693033999989, -37.599616301999959 ], [ -72.852678300999969, -37.590228039999943 ], [ -72.840253994999955, -37.596441432999939 ], [ -72.802366976999963, -37.59603937299994 ], [ -72.784291671999938, -37.591180519999966 ], [ -72.776078068999936, -37.581732787999954 ], [ -72.771550549999972, -37.583100126999966 ], [ -72.775911192999956, -37.596090276999973 ], [ -72.765963061999969, -37.595800929999939 ], [ -72.756833254999947, -37.612208795999948 ], [ -72.741430599999944, -37.618195905999983 ], [ -72.731868125999938, -37.616229913999973 ], [ -72.727218588999961, -37.626074838999955 ] ] ] } },
{ "type": "Feature", "properties": { "comuna_id": "31580391B36643958078749", "comuna": "Negrete", "region": "Región del Bío-Bío" }, "geometry": { "type": "Polygon", "coordinates": [ [ [ -72.491643566999983, -37.655366391999962 ], [ -72.476387871999975, -37.631235826999955 ], [ -72.494804864999935, -37.621909917999972 ], [ -72.493575937999935, -37.618078620999938 ], [ -72.484169025999961, -37.624820199999931 ], [ -72.477824237999982, -37.604493384999955 ], [ -72.484985609999967, -37.579483707999941 ], [ -72.494790839999951, -37.578435209999952 ], [ -72.499201380999978, -37.585236597999938 ], [ -72.503384179999955, -37.580071826999983 ], [ -72.531773912999938, -37.577944604999971 ], [ -72.546229196999946, -37.583500203999961 ], [ -72.564813784999956, -37.57529328399994 ], [ -72.574308049999956, -37.57997129499995 ], [ -72.579905372999974, -37.564397612999983 ], [ -72.588808564999965, -37.55952519799996 ], [ -72.596057383999948, -37.529678496999963 ], [ -72.605948211999987, -37.518964577999952 ], [ -72.619062455999938, -37.522262675999968 ], [ -72.61387565299998, -37.531714272999977 ], [ -72.619405876999963, -37.53405769699998 ], [ -72.652812486999949, -37.534411347999935 ], [ -72.646219373999941, -37.554280517999985 ], [ -72.649928230999933, -37.56729553699995 ], [ -72.639324805999934, -37.56776199199993 ], [ -72.642736192999962, -37.583825148999949 ], [ -72.633171568999956, -37.600885597999934 ], [ -72.65340390199998, -37.619593953999981 ], [ -72.653229678999935, -37.630223515999944 ], [ -72.640335239999956, -37.641540205999945 ], [ -72.646555359999979, -37.64751 ], [ -72.645482127999969, -37.657362359999979 ], [ -72.650923839999962, -37.664699411999948 ], [ -72.639734929999975, -37.662934179999979 ], [ -72.63099565999994, -37.668849220999959 ], [ -72.604916942999978, -37.66024499599996 ], [ -72.594274125999959, -37.665792788999966 ], [ -72.600721709999959, -37.667721563999976 ], [ -72.595935015999942, -37.671901806999983 ], [ -72.579133157999934, -37.661842628999977 ], [ -72.566019850999965, -37.666582932999972 ], [ -72.556965581999975, -37.658217013999945 ], [ -72.537522037999963, -37.665594677999934 ], [ -72.532915498999955, -37.654255211999953 ], [ -72.524738271999979, -37.654591502999949 ], [ -72.525936699999988, -37.64772162099996 ], [ -72.514418731999967, -37.65035140699996 ], [ -72.505639587999951, -37.643390237999938 ], [ -72.493216694999944, -37.646033425999974 ], [ -72.491643566999983, -37.655366391999962 ] ] ] } },
{ "type": "Feature", "properties": { "comuna_id": "31580391B36927982375926", "comuna": "Quilaco", "region": "Región del Bío-Bío" }, "geometry": { "type": "Polygon", "coordinates": [ [ [ -71.71556411399996, -38.210072040999933 ], [ -71.712393284999962, -38.220203970999933 ], [ -71.697670501999937, -38.230105175999938 ], [ -71.687938287999941, -38.245676899999978 ], [ -71.692601329999945, -38.255180019999955 ], [ -71.700840675999984, -38.258328210999935 ], [ -71.706685891999939, -38.255238780999946 ], [ -71.709352648999982, -38.265976335999937 ], [ -71.674106767999945, -38.29905763599993 ], [ -71.663813184999981, -38.299476671999969 ], [ -71.649382663999972, -38.314368153999965 ], [ -71.643502942999987, -38.314032277999956 ], [ -71.63394954499995, -38.295322195999972 ], [ -71.632954096999981, -38.274433003999945 ], [ -71.625311761999967, -38.267056196999931 ], [ -71.626128970999957, -38.260454963999962 ], [ -71.618878147999965, -38.259903131999977 ], [ -71.609130392999987, -38.25041009499995 ], [ -71.608643046999987, -38.240887602999976 ], [ -71.580485860999943, -38.230884281999977 ], [ -71.572803219999969, -38.239035269999931 ], [ -71.553663802999949, -38.246122346999982 ], [ -71.530532070999982, -38.226372333999961 ], [ -71.536121828999967, -38.212904458999958 ], [ -71.531825202999983, -38.204000668999981 ], [ -71.510834705999969, -38.209842695999953 ], [ -71.48849854499997, -38.191818572999978 ], [ -71.460372571999983, -38.184459568999955 ], [ -71.448978136999983, -38.176450888999966 ], [ -71.436043218999941, -38.176980291999939 ], [ -71.410867637999957, -38.133899423999935 ], [ -71.410702480999987, -38.112350700999968 ], [ -71.416397771999982, -38.105513530999929 ], [ -71.416831887999933, -38.093676814999981 ], [ -71.428935983999963, -38.070385536999936 ], [ -71.441128552999942, -38.066133255999944 ], [ -71.438791927999944, -38.058732428999974 ], [ -71.451354195999954, -38.048283459999936 ], [ -71.478788669999972, -38.043761465999978 ], [ -71.479707661999953, -38.010371912999972 ], [ -71.483886008999946, -38.003847674999975 ], [ -71.488395924999963, -38.001669241999934 ], [ -71.499950507999984, -38.008436307999943 ], [ -71.523348145999933, -37.991723347999937 ], [ -71.55190104899998, -37.98401126899995 ], [ -71.554020603999959, -37.974294380999936 ], [ -71.567361929999947, -37.967152619999979 ], [ -71.571596955999951, -37.943439830999978 ], [ -71.568251160999978, -37.93168944599995 ], [ -71.585291304999942, -37.925358739999979 ], [ -71.603937487999985, -37.928209202999938 ], [ -71.600941428999988, -37.914286950999951 ], [ -71.607897330999947, -37.914968071999965 ], [ -71.625936318999948, -37.905210044999933 ], [ -71.634043426999938, -37.891564280999944 ], [ -71.64571536699998, -37.887559526999951 ], [ -71.656958743999951, -37.87073365699996 ], [ -71.674715624999976, -37.867648202999931 ], [ -71.671748732999959, -37.858328577999941 ], [ -71.691294507999942, -37.839403854999944 ], [ -71.678939871999944, -37.831364803999975 ], [ -71.680374520999976, -37.821703329999934 ], [ -71.674420806999933, -37.811898568999936 ], [ -71.684221215999969, -37.804801992999955 ], [ -71.696142809999969, -37.804552366999985 ], [ -71.708168284999942, -37.774671403999946 ], [ -71.737988051999935, -37.772411963999957 ], [ -71.750322111999935, -37.764394965999941 ], [ -71.776206409999986, -37.763008903999946 ], [ -71.775100000999942, -37.751154846999952 ], [ -71.788055926999959, -37.747470343999964 ], [ -71.788821913999982, -37.740707381999982 ], [ -71.809064616999933, -37.729290779999928 ], [ -71.813954709999962, -37.714643285999955 ], [ -71.824645780999958, -37.708829419999972 ], [ -71.861031238999942, -37.704131031999964 ], [ -71.894029343999989, -37.715780940999935 ], [ -71.949063531999968, -37.685131546999969 ], [ -71.972335797999961, -37.689689281999961 ], [ -72.004370634999987, -37.671913184999937 ], [ -72.036630680999963, -37.679737771999953 ], [ -72.085507534999977, -37.647962071999984 ], [ -72.097217777999958, -37.653686561999962 ], [ -72.12637725999997, -37.651778688999968 ], [ -72.15714516099996, -37.663993547999951 ], [ -72.144809063999958, -37.672409468999945 ], [ -72.147794509999983, -37.680199301999949 ], [ -72.138214286999983, -37.684021709999968 ], [ -72.129694398999959, -37.678426239999965 ], [ -72.124141947999988, -37.681070654999985 ], [ -72.119080670999949, -37.695237535999979 ], [ -72.104873075999933, -37.69873227599993 ], [ -72.098628375999965, -37.707197147999977 ], [ -72.070728438999936, -37.711908428999948 ], [ -72.032672893999973, -37.73183727199995 ], [ -72.024131662999935, -37.726846283999976 ], [ -71.992403586999956, -37.733370270999956 ], [ -71.990293171999951, -37.747480243999973 ], [ -71.966868687999977, -37.763450015999979 ], [ -71.969528958999945, -37.808999169999936 ], [ -71.917252234999978, -37.844459657999948 ], [ -71.885664826999971, -37.852278848999958 ], [ -71.825214187999961, -37.881661036999958 ], [ -71.780220008999947, -37.89472673299997 ], [ -71.768690141999969, -37.914033149999966 ], [ -71.753328719999956, -37.92053819399996 ], [ -71.759753730999932, -37.928646728999979 ], [ -71.710568149999972, -37.936327856999981 ], [ -71.692012329999955, -37.931153252999934 ], [ -71.686332859999936, -37.946076664999964 ], [ -71.671975506999956, -37.955170408999948 ], [ -71.641506638999942, -37.959846192999976 ], [ -71.637696350999988, -37.972726671999965 ], [ -71.656706094999947, -38.00397249699995 ], [ -71.644230608999976, -38.013586218999933 ], [ -71.649752981999939, -38.042668818999971 ], [ -71.631834523999942, -38.045284255999945 ], [ -71.622477602999936, -38.053886189999957 ], [ -71.63313051199998, -38.070931587999951 ], [ -71.636054703999946, -38.093448585999965 ], [ -71.615671189999944, -38.10095139699996 ], [ -71.612776953999969, -38.107368108999935 ], [ -71.624659451999946, -38.116629856999964 ], [ -71.620750059999978, -38.119572002999973 ], [ -71.622514343999967, -38.125585394999973 ], [ -71.640858186999935, -38.137344217999953 ], [ -71.652454213999988, -38.13382325799995 ], [ -71.659456306999971, -38.125469820999967 ], [ -71.666556208999964, -38.131575556999962 ], [ -71.672022840999944, -38.13904075399995 ], [ -71.668903570999987, -38.150020792999953 ], [ -71.676729567999985, -38.155570058999956 ], [ -71.675852934999966, -38.163310535999983 ], [ -71.684982497999954, -38.18063013099993 ], [ -71.707016188999944, -38.188747758999966 ], [ -71.707400259999986, -38.203082418999941 ], [ -71.71556411399996, -38.210072040999933 ] ] ] } },
{ "type": "Feature", "properties": { "comuna_id": "31580391B2424554827077", "comuna": "Quilleco", "region": "Región del Bío-Bío" }, "geometry": { "type": "Polygon", "coordinates": [ [ [ -72.157451679999951, -37.586047322999946 ], [ -72.124897351999948, -37.579489388999946 ], [ -72.112807278999981, -37.58132993299995 ], [ -72.096689566999942, -37.572248872999978 ], [ -72.084159486999965, -37.572800339999958 ], [ -72.069761847999985, -37.563123770999937 ], [ -72.047783551999942, -37.561815944999978 ], [ -72.027422675999958, -37.547877231999962 ], [ -71.994052178999937, -37.544959461999952 ], [ -71.989437256999963, -37.538321167999982 ], [ -71.980545018999976, -37.538676571999929 ], [ -71.972179645999972, -37.531571778999933 ], [ -71.950664505999953, -37.532491033999975 ], [ -71.917530977999945, -37.548226390999957 ], [ -71.898089674999937, -37.549796102999949 ], [ -71.876520650999964, -37.539358933999949 ], [ -71.874338789999968, -37.528354559999968 ], [ -71.856621142999984, -37.512574627999982 ], [ -71.79138777999998, -37.503449328999977 ], [ -71.772733874999972, -37.509693546999983 ], [ -71.735702538999988, -37.51020208999995 ], [ -71.710738021999987, -37.529335297999978 ], [ -71.703995288999977, -37.540570901999956 ], [ -71.66673360599998, -37.545907192999948 ], [ -71.649566328999981, -37.544177462999983 ], [ -71.636183647999985, -37.536201479999932 ], [ -71.611259312999948, -37.541862311999978 ], [ -71.594633291999969, -37.538040955999975 ], [ -71.566108633999988, -37.54598460099993 ], [ -71.550081627999987, -37.541170438999984 ], [ -71.536182976999953, -37.557281069999931 ], [ -71.500623554999947, -37.571116824999933 ], [ -71.487386212999979, -37.570877909999979 ], [ -71.475312066999948, -37.568477679999944 ], [ -71.462693798999965, -37.558716703999949 ], [ -71.463354349999975, -37.529299219999984 ], [ -71.470590348999963, -37.523682432999976 ], [ -71.475312320999933, -37.504255618999935 ], [ -71.475224256999979, -37.490869846999942 ], [ -71.467153833999987, -37.481646655999953 ], [ -71.471363880999945, -37.473066398999947 ], [ -71.463960295999982, -37.466582109999933 ], [ -71.486671017999981, -37.455962990999979 ], [ -71.50185098299994, -37.454262082999946 ], [ -71.54916088799996, -37.46145471799997 ], [ -71.56693086599995, -37.469928322999976 ], [ -71.57627094999998, -37.466591300999937 ], [ -71.600975133999953, -37.44688070899997 ], [ -71.614102152999976, -37.431797343999961 ], [ -71.617592477999949, -37.41994611299998 ], [ -71.641769993999958, -37.403472704999956 ], [ -71.666837359999988, -37.394591894999962 ], [ -71.66858272099995, -37.389320859999941 ], [ -71.689360781999937, -37.390287959999966 ], [ -71.712795985999946, -37.37921158499995 ], [ -71.752353180999933, -37.37177197799997 ], [ -71.763709291999987, -37.361268213999949 ], [ -71.788780188999965, -37.35624430699994 ], [ -71.791331495999941, -37.34385255199993 ], [ -71.824452646999987, -37.343342259999929 ], [ -71.872168707999947, -37.357547288999967 ], [ -71.892404933999956, -37.35069343999993 ], [ -71.906491560999939, -37.353825306999966 ], [ -71.922221513999943, -37.350373915999967 ], [ -71.935388456999988, -37.342220776999966 ], [ -71.940152338999951, -37.33334498399995 ], [ -71.95761618399996, -37.326739067999938 ], [ -71.966804744999934, -37.313127135999935 ], [ -71.967767815999935, -37.292710652999972 ], [ -71.982595586999935, -37.284315376999984 ], [ -71.993230860999972, -37.271477268999945 ], [ -71.996310952999977, -37.258858428999929 ], [ -72.006214292999971, -37.258046681999929 ], [ -72.019032408999976, -37.235307926999951 ], [ -72.031414341999948, -37.228238332999979 ], [ -72.031675170999961, -37.211499813999978 ], [ -72.039987787999962, -37.205148372999929 ], [ -72.067132668999989, -37.230107971999985 ], [ -72.085701408999967, -37.220627032999971 ], [ -72.094856220999986, -37.25003527299998 ], [ -72.101037295999959, -37.248418231999949 ], [ -72.131088107999972, -37.297709271999963 ], [ -72.136642364999943, -37.316096597999945 ], [ -72.096715193999955, -37.320844329999943 ], [ -72.085294672999964, -37.390888108999945 ], [ -72.083306671999935, -37.395422305999944 ], [ -72.067812502999971, -37.400110183999971 ], [ -72.076589818999935, -37.418394872999954 ], [ -72.068291349999981, -37.426067118999981 ], [ -72.102188514999966, -37.430517332999955 ], [ -72.105769596999949, -37.446597599999961 ], [ -72.042221158999951, -37.447226385999954 ], [ -72.065585324999972, -37.457747766999944 ], [ -72.066321794999965, -37.479478425999957 ], [ -72.071099079999954, -37.478296867999973 ], [ -72.098601986999938, -37.505576877999943 ], [ -72.119535653999947, -37.508586613999967 ], [ -72.15234068999996, -37.535382151999954 ], [ -72.17667972199996, -37.542382792999945 ], [ -72.17633002599996, -37.546430426999962 ], [ -72.149772550999955, -37.55068995299996 ], [ -72.137492653999971, -37.564865924999935 ], [ -72.123646333999943, -37.564785193999967 ], [ -72.127500630999975, -37.571115504999966 ], [ -72.157451679999951, -37.586047322999946 ] ] ] } },
{ "type": "Feature", "properties": { "comuna_id": "31580391B91575995534423", "comuna": "San Rosendo", "region": "Región del Bío-Bío" }, "geometry": { "type": "Polygon", "coordinates": [ [ [ -72.641995134999945, -37.237632996999935 ], [ -72.641661658999965, -37.226515753999934 ], [ -72.634194341999944, -37.218063946999962 ], [ -72.645736629999988, -37.208570088999977 ], [ -72.648829191999937, -37.198844463999933 ], [ -72.662232922999976, -37.196146698999939 ], [ -72.661231217999955, -37.184578163999959 ], [ -72.672509715999979, -37.172706545999972 ], [ -72.680681156999981, -37.177060531999985 ], [ -72.677783246999979, -37.18798139699993 ], [ -72.734327904999986, -37.182417720999979 ], [ -72.75172072099997, -37.195213433999982 ], [ -72.759387465999964, -37.192369090999932 ], [ -72.758736488999944, -37.187212429999931 ], [ -72.768967890999988, -37.190004712999951 ], [ -72.774305442999946, -37.180304625999952 ], [ -72.76975774899995, -37.178862379999941 ], [ -72.777357031999941, -37.167979465999963 ], [ -72.799715881999987, -37.166434100999936 ], [ -72.806559638999943, -37.17457307799998 ], [ -72.811830532999977, -37.172840975999975 ], [ -72.823568179999938, -37.187477101999946 ], [ -72.823784985999964, -37.199969470999974 ], [ -72.811526382999944, -37.210013712999967 ], [ -72.788025473999937, -37.202137256999947 ], [ -72.747749258999988, -37.229324163999934 ], [ -72.732398216999968, -37.27346420899994 ], [ -72.719186530999934, -37.268100129999937 ], [ -72.704122909999967, -37.253670471999953 ], [ -72.688099754999939, -37.252921211999933 ], [ -72.641995134999945, -37.237632996999935 ] ] ] } },
{ "type": "Feature", "properties": { "comuna_id": "31580391B88225369065384", "comuna": "Tucapel", "region": "Región del Bío-Bío" }, "geometry": { "type": "Polygon", "coordinates": [ [ [ -72.062016237999956, -37.193503269999951 ], [ -72.031675170999961, -37.211499813999978 ], [ -72.031414341999948, -37.228238332999979 ], [ -72.019032408999976, -37.235307926999951 ], [ -72.006214292999971, -37.258046681999929 ], [ -71.996310952999977, -37.258858428999929 ], [ -71.993230860999972, -37.271477268999945 ], [ -71.982595586999935, -37.284315376999984 ], [ -71.967767815999935, -37.292710652999972 ], [ -71.966804744999934, -37.313127135999935 ], [ -71.95761618399996, -37.326739067999938 ], [ -71.914383526999984, -37.35113619599997 ], [ -71.897601989999941, -37.345541220999962 ], [ -71.878200826999944, -37.331200566999939 ], [ -71.852395156999933, -37.334330580999961 ], [ -71.810823768999967, -37.325177615999962 ], [ -71.788958291999961, -37.329956834999962 ], [ -71.752725631999965, -37.32090128699997 ], [ -71.735138665999955, -37.322949102999985 ], [ -71.704404045999979, -37.315414337999982 ], [ -71.686217189999979, -37.316772232999938 ], [ -71.671929103999958, -37.310283098999946 ], [ -71.635329653999975, -37.310001480999972 ], [ -71.620761091999952, -37.317938679999941 ], [ -71.588843302999976, -37.316332302999967 ], [ -71.567370453999956, -37.321206970999981 ], [ -71.563299492999988, -37.316223459999946 ], [ -71.548044671999946, -37.316179811999973 ], [ -71.545044669999982, -37.309735012999965 ], [ -71.537451406999935, -37.315160274999982 ], [ -71.527510559999939, -37.31348092099995 ], [ -71.511415782999961, -37.28855750799994 ], [ -71.509073617999945, -37.257609421999973 ], [ -71.523144939999952, -37.236771828999963 ], [ -71.511307521999981, -37.221489891999965 ], [ -71.506623958999967, -37.195220323999933 ], [ -71.51385365699997, -37.148923196999931 ], [ -71.484538519999944, -37.114517099999944 ], [ -71.502628418999961, -37.08845483999994 ], [ -71.514983087999951, -37.084814544999972 ], [ -71.513735703999942, -37.06739850699995 ], [ -71.54027623099995, -37.063705125999945 ], [ -71.541227399999968, -37.08375155899995 ], [ -71.556553011999938, -37.101708684999949 ], [ -71.556082568999955, -37.130598433999978 ], [ -71.562545756999953, -37.133863143999974 ], [ -71.581336711999938, -37.124397254999963 ], [ -71.619865906999962, -37.133625747999929 ], [ -71.653459107999936, -37.131111156999964 ], [ -71.677918964999947, -37.144905036999944 ], [ -71.687050908999936, -37.144395029999941 ], [ -71.709598634999963, -37.12671066799993 ], [ -71.728258789999984, -37.12749800499995 ], [ -71.747988486999986, -37.120914346999939 ], [ -71.752137424999944, -37.115162502999965 ], [ -71.79705265299998, -37.108654731999934 ], [ -71.827094097999975, -37.124947487999975 ], [ -71.84427726499996, -37.128989026999932 ], [ -71.840996030999975, -37.137612847999947 ], [ -71.850091162999945, -37.161950439999941 ], [ -71.86627683599994, -37.163200015999962 ], [ -71.868900751999945, -37.169351508999966 ], [ -71.880082751999964, -37.170687442999963 ], [ -71.890820316999964, -37.182868380999935 ], [ -71.91121893199994, -37.181474136999952 ], [ -71.948762056999954, -37.192783279999958 ], [ -71.976192172999959, -37.191439070999934 ], [ -71.977899911999941, -37.187975303999963 ], [ -71.988344292999955, -37.193448456999931 ], [ -71.998340972999983, -37.188398030999963 ], [ -71.997908496999969, -37.183551197999975 ], [ -72.007646791999946, -37.183105977999958 ], [ -72.032646640999985, -37.16627464499993 ], [ -72.066250385999979, -37.167863849999947 ], [ -72.053362815999947, -37.174885649999965 ], [ -72.063113217999955, -37.184847438999952 ], [ -72.062016237999956, -37.193503269999951 ] ] ] } },
{ "type": "Feature", "properties": { "comuna_id": "31580391B60212031517662", "comuna": "Chiguayante", "region": "Región del Bío-Bío" }, "geometry": { "type": "Polygon", "coordinates": [ [ [ -72.943121682999958, -36.903867323999975 ], [ -72.948153285999979, -36.891986927999938 ], [ -72.946356003999938, -36.866456758999959 ], [ -72.954489579999972, -36.863737956999955 ], [ -72.963378167999963, -36.872435269999983 ], [ -72.974640235999971, -36.868956993999973 ], [ -72.988978476999989, -36.876002013999937 ], [ -72.994325831999959, -36.874253781999982 ], [ -72.996487072999969, -36.862086305999981 ], [ -73.01740336499995, -36.865583285999946 ], [ -73.02577165699995, -36.854028802999949 ], [ -73.063568789999977, -36.853099242999974 ], [ -73.051281781999933, -36.878784228999962 ], [ -73.04082602699998, -36.936086546999945 ], [ -73.019483398999967, -36.966208765999966 ], [ -73.014064432999987, -36.961088801999949 ], [ -73.00634839199995, -36.962738662999982 ], [ -73.00960656899997, -36.955718145999981 ], [ -72.999567572999979, -36.950227310999935 ], [ -73.002286355999956, -36.937713458999951 ], [ -72.99642683999997, -36.937069359999953 ], [ -73.002029210999979, -36.931841650999957 ], [ -72.99638884999996, -36.926503672999957 ], [ -72.995018258999949, -36.915430943999979 ], [ -72.97877596099994, -36.920671395999932 ], [ -72.974666258999946, -36.936923221999962 ], [ -72.961214716999962, -36.927671371999963 ], [ -72.956325749999962, -36.915744778999965 ], [ -72.94667831299995, -36.914235475999931 ], [ -72.943121682999958, -36.903867323999975 ] ] ] } },
{ "type": "Feature", "properties": { "comuna_id": "31580391B60745718179244", "comuna": "Concepción", "region": "Región del Bío-Bío" }, "geometry": { "type": "MultiPolygon", "coordinates": [ [ [ [ -73.042622888999972, -36.773843317999933 ], [ -73.042673591999971, -36.77379078599995 ], [ -73.042829336999944, -36.773632599999985 ], [ -73.042622888999972, -36.773843317999933 ] ] ], [ [ [ -73.042925734999983, -36.773534690999952 ], [ -73.042950980999933, -36.773509048999983 ], [ -73.043231750999951, -36.773229467999954 ], [ -73.042925734999983, -36.773534690999952 ] ] ], [ [ [ -72.943121682999958, -36.903867323999975 ], [ -72.939121022999984, -36.894610345999979 ], [ -72.927553149999937, -36.890993317999971 ], [ -72.911295690999964, -36.905133132999936 ], [ -72.900786824999955, -36.906700172999933 ], [ -72.901583466999966, -36.916362346999961 ], [ -72.886200476999988, -36.92724740899996 ], [ -72.878381668999964, -36.92125841099994 ], [ -72.847118981999984, -36.914752491999934 ], [ -72.852213368999969, -36.902770589999932 ], [ -72.848548544999971, -36.897550867999939 ], [ -72.85568062699997, -36.894386390999955 ], [ -72.869714875999989, -36.862276150999946 ], [ -72.844714809999971, -36.838107364999985 ], [ -72.847180055999956, -36.812009541999942 ], [ -72.855634186999964, -36.810154143999966 ], [ -72.846875969999985, -36.792744834999951 ], [ -72.894372661999967, -36.790980428999944 ], [ -72.907171392999942, -36.797988905999944 ], [ -72.943419320999965, -36.763830737999967 ], [ -72.954735373999938, -36.77154232099997 ], [ -72.96378023799997, -36.767175338999948 ], [ -72.967464126999971, -36.772259213999973 ], [ -72.982035846999963, -36.772852589999957 ], [ -72.999541339999951, -36.78195280999995 ], [ -72.997172681999984, -36.774650265999981 ], [ -73.022999064999965, -36.786904489999984 ], [ -73.029179271999965, -36.786064351999983 ], [ -73.027216218999968, -36.775799185999972 ], [ -73.056874377999975, -36.777786916999958 ], [ -73.061332963999973, -36.789335419999929 ], [ -73.090594988999953, -36.821629190999943 ], [ -73.070602389999976, -36.837180709999984 ], [ -73.063568789999977, -36.853099242999974 ], [ -73.02577165699995, -36.854028802999949 ], [ -73.01740336499995, -36.865583285999946 ], [ -72.996487072999969, -36.862086305999981 ], [ -72.994325831999959, -36.874253781999982 ], [ -72.988978476999989, -36.876002013999937 ], [ -72.974640235999971, -36.868956993999973 ], [ -72.963378167999963, -36.872435269999983 ], [ -72.954489579999972, -36.863737956999955 ], [ -72.946356003999938, -36.866456758999959 ], [ -72.948153285999979, -36.891986927999938 ], [ -72.943121682999958, -36.903867323999975 ] ] ] ] } },
{ "type": "Feature", "properties": { "comuna_id": "31580391B54931874155628", "comuna": "Coronel", "region": "Región del Bío-Bío" }, "geometry": { "type": "MultiPolygon", "coordinates": [ [ [ [ -73.523296307999942, -36.972188298999981 ], [ -73.536796063999986, -36.973459672999979 ], [ -73.53254101999994, -36.976178789999949 ], [ -73.539798317999953, -36.984011052999961 ], [ -73.537366980999934, -36.993630133999943 ], [ -73.543657465999956, -37.019517968999935 ], [ -73.55607439399995, -37.025681830999929 ], [ -73.548347485999955, -37.02908935499994 ], [ -73.534784130999981, -37.050090902999955 ], [ -73.530729698999949, -37.065936087999944 ], [ -73.52024414899995, -37.078122703999952 ], [ -73.508931532999952, -37.042959055999972 ], [ -73.490027012999974, -37.042719899999952 ], [ -73.466149276999943, -37.051593747999959 ], [ -73.454027818999975, -37.051571586999955 ], [ -73.472418653999966, -37.04636577399998 ], [ -73.475672087999953, -37.029480237999962 ], [ -73.521251856999982, -37.006856254999946 ], [ -73.519016299999976, -36.993339532999983 ], [ -73.527623542999947, -36.980859055999929 ], [ -73.523296307999942, -36.972188298999981 ] ] ], [ [ [ -73.03229315699997, -36.953092074999972 ], [ -73.044002690999946, -36.958265015999984 ], [ -73.048439155999972, -36.954858628999943 ], [ -73.060994778999941, -36.962988541999948 ], [ -73.066077832999952, -36.975091174999932 ], [ -73.08789847099996, -36.942332459999932 ], [ -73.086512106999976, -36.92415499599997 ], [ -73.153366548999941, -36.904822716999945 ], [ -73.165667385999939, -36.952678079999941 ], [ -73.187257887999976, -36.992322964999971 ], [ -73.181033903999946, -37.024848544999941 ], [ -73.177497366999944, -37.029429207999954 ], [ -73.170547344999989, -37.025120367999932 ], [ -73.151003991999971, -37.027448952999976 ], [ -73.155195452999976, -37.03084866699993 ], [ -73.15064257399996, -37.028051432999973 ], [ -73.147968992999949, -37.032534276999968 ], [ -73.15474594899996, -37.034414677999962 ], [ -73.147398640999938, -37.033864912999945 ], [ -73.14137094299997, -37.054158235999978 ], [ -73.145801353999957, -37.068257863999975 ], [ -73.139800795999975, -37.073906424999961 ], [ -73.107183272999976, -37.067403648999971 ], [ -73.089364549999971, -37.05409753899994 ], [ -73.078639249999981, -37.05230271299996 ], [ -73.079645981999988, -37.048826509999969 ], [ -73.068896025999948, -37.061210221999943 ], [ -73.075235728999985, -37.075111900999957 ], [ -73.060978821999981, -37.077889629999959 ], [ -73.055498521999937, -37.092309661999934 ], [ -73.038454301999934, -37.102899951999973 ], [ -73.021647584999982, -37.090581785999973 ], [ -73.020154348999938, -37.085187220999956 ], [ -73.025551443999973, -37.079554153999936 ], [ -73.021613938999963, -37.071797980999975 ], [ -72.977108020999935, -37.069166324999969 ], [ -72.972314919999974, -37.030119618999947 ], [ -72.978859941999985, -37.01659112699997 ], [ -72.973361287999978, -36.999982866999972 ], [ -72.954305764999958, -36.985421864999978 ], [ -72.958286961999988, -36.970650805999981 ], [ -72.99243574999997, -36.978199005999954 ], [ -73.006664916999966, -36.968141812999932 ], [ -73.021423288999983, -36.965144955999961 ], [ -73.03229315699997, -36.953092074999972 ] ] ] ] } },
{ "type": "Feature", "properties": { "comuna_id": "31580391B8142187673440", "comuna": "Florida", "region": "Región del Bío-Bío" }, "geometry": { "type": "Polygon", "coordinates": [ [ [ -72.847118981999984, -36.914752491999934 ], [ -72.839842390999934, -36.915448929999968 ], [ -72.834094286999971, -36.932902121999973 ], [ -72.823500111999977, -36.938084450999952 ], [ -72.829153452999947, -36.944678077999981 ], [ -72.820683085999974, -36.96136299799997 ], [ -72.816829434999988, -36.957506876999958 ], [ -72.810709319999944, -36.963590327999952 ], [ -72.805418123999971, -36.959819943999946 ], [ -72.80515808499996, -36.949833595999962 ], [ -72.791435689999958, -36.939926574999959 ], [ -72.784333530999959, -36.942151084999978 ], [ -72.779768196999953, -36.953475759999947 ], [ -72.762324114999956, -36.959669449999978 ], [ -72.726549381999973, -36.959818020999933 ], [ -72.705447979999974, -36.952445323999939 ], [ -72.701533363999943, -36.94132865499995 ], [ -72.704420303999939, -36.939455492999969 ], [ -72.692562228999975, -36.943020025999942 ], [ -72.683026333999976, -36.937016453999945 ], [ -72.676799231999951, -36.939652949999982 ], [ -72.672817170999963, -36.949446119999948 ], [ -72.647424418999947, -36.952310065999939 ], [ -72.650745160999975, -36.943349369999964 ], [ -72.645018837999942, -36.926849647999973 ], [ -72.657803731999934, -36.910443661999977 ], [ -72.649821634999967, -36.90025983299995 ], [ -72.654132967999942, -36.892218826999965 ], [ -72.642622609999933, -36.882201402999954 ], [ -72.602126490999979, -36.89257588199996 ], [ -72.576671357999942, -36.894847502999937 ], [ -72.561101847999964, -36.890207534999945 ], [ -72.561958911999966, -36.877347577999956 ], [ -72.573146559999941, -36.865688371999966 ], [ -72.55646986499994, -36.847605859999931 ], [ -72.538447558999962, -36.849577044999933 ], [ -72.577135379999959, -36.831633358999966 ], [ -72.579837595999948, -36.821747996999932 ], [ -72.593051737999986, -36.816133776999948 ], [ -72.591623202999983, -36.792347377999931 ], [ -72.602709835999974, -36.76767892099997 ], [ -72.59638850999994, -36.755988278999951 ], [ -72.585460118999947, -36.748385635999966 ], [ -72.596454772999948, -36.747342063999952 ], [ -72.590329779999934, -36.733996716999968 ], [ -72.599514298999964, -36.731320990999961 ], [ -72.612011124999981, -36.704516706999982 ], [ -72.618099906999987, -36.70298037799995 ], [ -72.621427788999938, -36.696521799999971 ], [ -72.617166863999955, -36.691112748999956 ], [ -72.637402386999952, -36.686180927999942 ], [ -72.645928233999939, -36.681667952999931 ], [ -72.654299028999958, -36.666525637999939 ], [ -72.666189758999963, -36.669390962999955 ], [ -72.687997172999985, -36.654459214999974 ], [ -72.718798600999946, -36.655030808999982 ], [ -72.716758454999933, -36.676072018999946 ], [ -72.710688105999964, -36.682669754999949 ], [ -72.712568208999983, -36.696729310999956 ], [ -72.705044050999959, -36.704812867999976 ], [ -72.733331293999981, -36.720906056999979 ], [ -72.737151832999984, -36.728792615999964 ], [ -72.752821883999957, -36.728530903999967 ], [ -72.780253966999965, -36.741816617999973 ], [ -72.79004656799998, -36.736704095999983 ], [ -72.801989832999936, -36.741602827999941 ], [ -72.819847726999967, -36.738195816999962 ], [ -72.832515058999945, -36.74898101399998 ], [ -72.844486444999973, -36.751343614999939 ], [ -72.857778279999934, -36.746368908999955 ], [ -72.857676678999951, -36.754704689999983 ], [ -72.86419839399997, -36.758810130999962 ], [ -72.870886706999954, -36.775549369999965 ], [ -72.863710812999955, -36.794516590999933 ], [ -72.846875969999985, -36.792744834999951 ], [ -72.855634186999964, -36.810154143999966 ], [ -72.847180055999956, -36.812009541999942 ], [ -72.844714809999971, -36.838107364999985 ], [ -72.869714875999989, -36.862276150999946 ], [ -72.85568062699997, -36.894386390999955 ], [ -72.848548544999971, -36.897550867999939 ], [ -72.852213368999969, -36.902770589999932 ], [ -72.847118981999984, -36.914752491999934 ] ] ] } },
{ "type": "Feature", "properties": { "comuna_id": "31580391B13526988474308", "comuna": "Hualqui", "region": "Región del Bío-Bío" }, "geometry": { "type": "Polygon", "coordinates": [ [ [ -72.792043894999949, -37.167378282999948 ], [ -72.790159713999969, -37.158154135999951 ], [ -72.771740662999946, -37.147453832999929 ], [ -72.774907594999945, -37.141844602999981 ], [ -72.764064723999979, -37.138107614999967 ], [ -72.766552590999936, -37.133341966999978 ], [ -72.775993068999981, -37.131640457999936 ], [ -72.770818163999934, -37.129168511999978 ], [ -72.779111967999938, -37.119428599999935 ], [ -72.773355369999933, -37.082613092999964 ], [ -72.776558161999958, -37.077017911999974 ], [ -72.762018024999975, -37.07840708699996 ], [ -72.751975350999942, -37.072606829999984 ], [ -72.736309608999989, -37.054225361999954 ], [ -72.734748902999968, -37.045780739999941 ], [ -72.723661258999982, -37.037430547999975 ], [ -72.727523056999985, -37.018689600999949 ], [ -72.76120756399996, -37.007391629999972 ], [ -72.759567962999938, -37.000033480999946 ], [ -72.775097614999936, -37.001213479999933 ], [ -72.774480260999951, -36.99659196999994 ], [ -72.744702927999981, -36.974588881999978 ], [ -72.737363123999955, -36.958861576999936 ], [ -72.762631793999958, -36.959567875999937 ], [ -72.779768196999953, -36.953475759999947 ], [ -72.784333530999959, -36.942151084999978 ], [ -72.791435689999958, -36.939926574999959 ], [ -72.80515808499996, -36.949833595999962 ], [ -72.805418123999971, -36.959819943999946 ], [ -72.810709319999944, -36.963590327999952 ], [ -72.816829434999988, -36.957506876999958 ], [ -72.820683085999974, -36.96136299799997 ], [ -72.829153452999947, -36.944678077999981 ], [ -72.823500111999977, -36.938084450999952 ], [ -72.834094286999971, -36.932902121999973 ], [ -72.839842390999934, -36.915448929999968 ], [ -72.878381668999964, -36.92125841099994 ], [ -72.886200476999988, -36.92724740899996 ], [ -72.901583466999966, -36.916362346999961 ], [ -72.900786824999955, -36.906700172999933 ], [ -72.911295690999964, -36.905133132999936 ], [ -72.927553149999937, -36.890993317999971 ], [ -72.942286192999973, -36.897477143999936 ], [ -72.94667831299995, -36.914235475999931 ], [ -72.956325749999962, -36.915744778999965 ], [ -72.961214716999962, -36.927671371999963 ], [ -72.974666258999946, -36.936923221999962 ], [ -72.97877596099994, -36.920671395999932 ], [ -72.995018258999949, -36.915430943999979 ], [ -72.99638884999996, -36.926503672999957 ], [ -73.002029210999979, -36.931841650999957 ], [ -72.99642683999997, -36.937069359999953 ], [ -73.002286355999956, -36.937713458999951 ], [ -72.999567572999979, -36.950227310999935 ], [ -73.00960656899997, -36.955718145999981 ], [ -73.00634839199995, -36.962738662999982 ], [ -73.014064432999987, -36.961088801999949 ], [ -73.019483398999967, -36.966208765999966 ], [ -73.006664916999966, -36.968141812999932 ], [ -72.99243574999997, -36.978199005999954 ], [ -72.965672016999974, -36.969717664999962 ], [ -72.955577375999951, -36.97317841499995 ], [ -72.954462079999985, -36.986636005999969 ], [ -72.973361287999978, -36.999982866999972 ], [ -72.978859941999985, -37.01659112699997 ], [ -72.97237290399994, -37.032409876999964 ], [ -72.98131465199998, -37.085596739999971 ], [ -72.97967648499997, -37.106935069999963 ], [ -72.960292890999938, -37.145806053999934 ], [ -72.925545983999939, -37.170288588999938 ], [ -72.873427061999962, -37.179951742999947 ], [ -72.86553186499998, -37.193640079999966 ], [ -72.85239715299997, -37.202749996999955 ], [ -72.823784985999964, -37.199969470999974 ], [ -72.818872492999958, -37.179148847999954 ], [ -72.811830532999977, -37.172840975999975 ], [ -72.806559638999943, -37.17457307799998 ], [ -72.800352117999978, -37.166675732999977 ], [ -72.792043894999949, -37.167378282999948 ] ] ] } },
{ "type": "Feature", "properties": { "comuna_id": "31580391B10466850316841", "comuna": "Lota", "region": "Región del Bío-Bío" }, "geometry": { "type": "MultiPolygon", "coordinates": [ [ [ [ -73.164144551999982, -37.107263405999959 ], [ -73.165138977999959, -37.107271449999985 ], [ -73.164170169999977, -37.107730487999959 ], [ -73.164144551999982, -37.107263405999959 ] ] ], [ [ [ -73.145801353999957, -37.068257863999975 ], [ -73.151053732999969, -37.073447315999942 ], [ -73.162991845999954, -37.071877908999966 ], [ -73.164110777999952, -37.079395377999958 ], [ -73.168787003999967, -37.078112941999962 ], [ -73.171229880999988, -37.080502199999955 ], [ -73.172259946999986, -37.095089924999968 ], [ -73.160038251999936, -37.097537344999978 ], [ -73.163100407999934, -37.107201092999958 ], [ -73.153935196999953, -37.108229980999965 ], [ -73.152152945999944, -37.115071024999963 ], [ -73.171898274999933, -37.126021584999933 ], [ -73.175769525999954, -37.134972542999947 ], [ -73.17168227999997, -37.143656626999984 ], [ -73.185464491999937, -37.152303417999974 ], [ -73.172533046999945, -37.160017384999946 ], [ -73.147766614999966, -37.151837611999952 ], [ -73.115901181999959, -37.153679200999932 ], [ -73.106814010999983, -37.162311107999983 ], [ -73.099036202999969, -37.162994160999972 ], [ -73.090800889999969, -37.192074608999974 ], [ -73.080170169999974, -37.202029753999966 ], [ -73.076266843999974, -37.197390307999967 ], [ -73.066697643999987, -37.197441974999947 ], [ -73.064050902999952, -37.18957454699995 ], [ -73.06736394099994, -37.182979680999949 ], [ -73.050469863999979, -37.148245048999968 ], [ -73.05788664499994, -37.140579806999938 ], [ -73.04663858899994, -37.134524364999947 ], [ -73.050754582999957, -37.128791132999936 ], [ -73.041562835999969, -37.119365467999955 ], [ -73.047282333999988, -37.109782277999955 ], [ -73.04282342099998, -37.098688355999968 ], [ -73.055498521999937, -37.092309661999934 ], [ -73.060978821999981, -37.077889629999959 ], [ -73.075235728999985, -37.075111900999957 ], [ -73.068896025999948, -37.061210221999943 ], [ -73.079645981999988, -37.048826509999969 ], [ -73.078639249999981, -37.05230271299996 ], [ -73.088776808999967, -37.053801846999932 ], [ -73.114030143999969, -37.069706663999966 ], [ -73.139267117999964, -37.073952309999981 ], [ -73.145801353999957, -37.068257863999975 ] ] ] ] } },
{ "type": "Feature", "properties": { "comuna_id": "31580391B19604062196873", "comuna": "San Pedro de la Paz", "region": "Región del Bío-Bío" }, "geometry": { "type": "Polygon", "coordinates": [ [ [ -73.051281781999933, -36.878784228999962 ], [ -73.070602389999976, -36.837180709999984 ], [ -73.090824483999938, -36.821522839999943 ], [ -73.129698905999987, -36.813718190999964 ], [ -73.171460000999957, -36.81227 ], [ -73.154010319999941, -36.830151322999939 ], [ -73.153366548999941, -36.904822716999945 ], [ -73.086512106999976, -36.92415499599997 ], [ -73.08789847099996, -36.942332459999932 ], [ -73.066077832999952, -36.975091174999932 ], [ -73.060994778999941, -36.962988541999948 ], [ -73.048439155999972, -36.954858628999943 ], [ -73.044002690999946, -36.958265015999984 ], [ -73.03229315699997, -36.953092074999972 ], [ -73.043070624999984, -36.928990003999957 ], [ -73.051281781999933, -36.878784228999962 ] ] ] } },
{ "type": "Feature", "properties": { "comuna_id": "31580391B66521613234335", "comuna": "Santa Juana", "region": "Región del Bío-Bío" }, "geometry": { "type": "Polygon", "coordinates": [ [ [ -72.98325495399996, -37.45063391399998 ], [ -72.969242529999974, -37.447981813999945 ], [ -72.976849086999948, -37.440121967999971 ], [ -72.966501111999946, -37.427279140999929 ], [ -72.967749414999957, -37.418256777999943 ], [ -72.961429233999979, -37.40790544999993 ], [ -72.964538259999983, -37.40171804299996 ], [ -72.957332412999961, -37.402909482999974 ], [ -72.950667130999989, -37.397418276999929 ], [ -72.950444052999956, -37.384535829999948 ], [ -72.943577104999974, -37.370740385999966 ], [ -72.929769207999982, -37.367007117999947 ], [ -72.931055314999981, -37.361937652999984 ], [ -72.923831381999946, -37.353510720999964 ], [ -72.911995264999973, -37.351184406999948 ], [ -72.906967956999949, -37.356705611999985 ], [ -72.894414840999957, -37.343927153999971 ], [ -72.89130623899996, -37.350190882999982 ], [ -72.882713266999986, -37.34986609799995 ], [ -72.876934473999938, -37.356512628999951 ], [ -72.873733, -37.350561155999969 ], [ -72.850418217999959, -37.350296219999962 ], [ -72.842203666999978, -37.335756776999972 ], [ -72.831341368999972, -37.333412090999957 ], [ -72.811313834999964, -37.344393165999975 ], [ -72.803846739999983, -37.335940955999945 ], [ -72.808113942999967, -37.330653740999935 ], [ -72.804169968999986, -37.307594981999955 ], [ -72.797131011999966, -37.313903297999957 ], [ -72.790415175999954, -37.310804078999979 ], [ -72.780048712999985, -37.317360014999963 ], [ -72.766817429999946, -37.309270341999934 ], [ -72.749932346999969, -37.322914616999981 ], [ -72.741412867999941, -37.315484076999951 ], [ -72.742754058999935, -37.308984893999934 ], [ -72.731387213999938, -37.303391745999932 ], [ -72.72679063399994, -37.294259814999975 ], [ -72.732508640999981, -37.28990403499995 ], [ -72.733827857999984, -37.281746364999947 ], [ -72.729037596999945, -37.275839788999974 ], [ -72.742457157999979, -37.250779067999929 ], [ -72.746012089999965, -37.231580235999957 ], [ -72.770473328999969, -37.211059900999942 ], [ -72.788025473999937, -37.202137256999947 ], [ -72.809613903999946, -37.210169124999936 ], [ -72.826146352999956, -37.199218812999959 ], [ -72.854201111999942, -37.202210507999951 ], [ -72.873427061999962, -37.179951742999947 ], [ -72.925545983999939, -37.170288588999938 ], [ -72.960292890999938, -37.145806053999934 ], [ -72.97967648499997, -37.106935069999963 ], [ -72.98131465199998, -37.085596739999971 ], [ -72.977108020999935, -37.069166324999969 ], [ -72.994962198999986, -37.067564926999978 ], [ -73.021613938999963, -37.071797980999975 ], [ -73.025551443999973, -37.079554153999936 ], [ -73.020154348999938, -37.085187220999956 ], [ -73.021647584999982, -37.090581785999973 ], [ -73.047282333999988, -37.109782277999955 ], [ -73.041562835999969, -37.119365467999955 ], [ -73.050754582999957, -37.128791132999936 ], [ -73.04663858899994, -37.134524364999947 ], [ -73.05788664499994, -37.140579806999938 ], [ -73.050469863999979, -37.148245048999968 ], [ -73.06736394099994, -37.182979680999949 ], [ -73.064050902999952, -37.18957454699995 ], [ -73.066697643999987, -37.197441974999947 ], [ -73.077717589999963, -37.198198438999952 ], [ -73.088667506999968, -37.211926109999979 ], [ -73.096048620999966, -37.209444936999944 ], [ -73.117962078999938, -37.217121837999969 ], [ -73.118608717999962, -37.224207179999951 ], [ -73.111994373999948, -37.228162130999976 ], [ -73.107918726999969, -37.242350733999956 ], [ -73.096642940999971, -37.235987288999979 ], [ -73.083817135999936, -37.238632855999981 ], [ -73.076829787999941, -37.251736629999982 ], [ -73.065677352999955, -37.255885511999963 ], [ -73.087768645999972, -37.259484664999945 ], [ -73.095929675999969, -37.288872806999962 ], [ -73.112286643999937, -37.305412177999983 ], [ -73.107757270999969, -37.310658496999963 ], [ -73.114627571999961, -37.324810594999974 ], [ -73.112043207999989, -37.332994554999971 ], [ -73.120276147999959, -37.348518660999957 ], [ -73.134084583999936, -37.35437898899994 ], [ -73.125455589999945, -37.356613056999947 ], [ -73.115802544999951, -37.36704948199997 ], [ -73.118620858999975, -37.380541083999958 ], [ -73.114869784999939, -37.384262114999956 ], [ -73.11882757099994, -37.386614320999968 ], [ -73.115535580999961, -37.389193532999968 ], [ -73.122657808999975, -37.393491491999953 ], [ -73.114100249999979, -37.402642315999969 ], [ -73.125957481999933, -37.413785232999942 ], [ -73.121786241999985, -37.428003309999951 ], [ -73.086942189999945, -37.427705727999978 ], [ -73.083946689999948, -37.435745561999966 ], [ -73.046347246999972, -37.439933289999942 ], [ -73.03685334499994, -37.447661480999955 ], [ -73.029730792999942, -37.444082335999951 ], [ -73.021926820999965, -37.447006979999969 ], [ -73.01875860399997, -37.440650070999936 ], [ -73.00926072599998, -37.439972220999948 ], [ -72.986185362999947, -37.446024679999937 ], [ -72.98325495399996, -37.45063391399998 ] ] ] } },
{ "type": "Feature", "properties": { "comuna_id": "31580391B28008394163289", "comuna": "Bulnes", "region": "Región de Ñuble" }, "geometry": { "type": "Polygon", "coordinates": [ [ [ -72.351668480999933, -36.696136194999951 ], [ -72.360486461999983, -36.700964388999978 ], [ -72.377256669999952, -36.698933549999936 ], [ -72.383034830999975, -36.707041081999932 ], [ -72.389503230999935, -36.702465316999962 ], [ -72.399310720999949, -36.706686010999931 ], [ -72.412226412999985, -36.698784577999959 ], [ -72.436950870999965, -36.701149261999944 ], [ -72.434198380999987, -36.694163962999937 ], [ -72.441727807999939, -36.688194146999933 ], [ -72.452059903999952, -36.70117787199996 ], [ -72.434096223999973, -36.722152696999956 ], [ -72.437935453999955, -36.72931925599994 ], [ -72.435780575999956, -36.738438221999957 ], [ -72.422603298999945, -36.745062172999951 ], [ -72.413989278999964, -36.758759295999937 ], [ -72.430363960999955, -36.770362875999979 ], [ -72.426665903999947, -36.781236580999973 ], [ -72.429767546999983, -36.801285130999929 ], [ -72.419188823999946, -36.805494186999965 ], [ -72.413278319999961, -36.818227742999966 ], [ -72.406028072999959, -36.819088368999985 ], [ -72.406477476999953, -36.829461996999953 ], [ -72.393919282999946, -36.839985398999943 ], [ -72.392604436999989, -36.849779672999944 ], [ -72.381295822999959, -36.857501647999982 ], [ -72.380437425999958, -36.866714237999929 ], [ -72.369120791999933, -36.868460722999941 ], [ -72.363163260999954, -36.863501852999946 ], [ -72.325110403999986, -36.867206300999953 ], [ -72.319413451999935, -36.872476376999941 ], [ -72.309983404999969, -36.869966148999936 ], [ -72.302038417999938, -36.881145108999931 ], [ -72.274174647999985, -36.89182905399997 ], [ -72.243807380999954, -36.893056697999953 ], [ -72.21636706299995, -36.901381611999966 ], [ -72.211106753999957, -36.892070201999957 ], [ -72.202250825999954, -36.889594448999958 ], [ -72.180487362999941, -36.839844354999968 ], [ -72.173454301999982, -36.84070879099994 ], [ -72.172280545999968, -36.83661781099994 ], [ -72.178428151999981, -36.835560057999942 ], [ -72.165058246999934, -36.805959640999959 ], [ -72.150829275999968, -36.808978054999955 ], [ -72.146222469999941, -36.786981160999972 ], [ -72.108107338999957, -36.795299160999946 ], [ -72.134322862999966, -36.734249327999976 ], [ -72.175724684999977, -36.739613003999978 ], [ -72.182163765999974, -36.734939919999931 ], [ -72.193701240999985, -36.735028063999948 ], [ -72.200595907999968, -36.740291198999955 ], [ -72.217970553999976, -36.738409995999973 ], [ -72.226410549999969, -36.733055909999962 ], [ -72.232760817999974, -36.734771839999951 ], [ -72.233265723999978, -36.730241614999954 ], [ -72.25172443699995, -36.730958008999949 ], [ -72.267392591999965, -36.720157786999948 ], [ -72.272017915999982, -36.722039253999981 ], [ -72.273328092999975, -36.715143627999964 ], [ -72.286833424999941, -36.705039185999965 ], [ -72.295615030999954, -36.705924038999967 ], [ -72.29608854199995, -36.712689245999968 ], [ -72.305772455999943, -36.710160371999962 ], [ -72.311455559999956, -36.696617698999944 ], [ -72.323663182999951, -36.694455135999931 ], [ -72.332911722999938, -36.700241312999935 ], [ -72.351668480999933, -36.696136194999951 ] ] ] } },
{ "type": "Feature", "properties": { "comuna_id": "31580391B70960660900210", "comuna": "Chillán Viejo", "region": "Región de Ñuble" }, "geometry": { "type": "Polygon", "coordinates": [ [ [ -72.134322862999966, -36.734249327999976 ], [ -72.127424760999986, -36.728367486999957 ], [ -72.114036532999933, -36.729304983999953 ], [ -72.106931548999967, -36.735273779999943 ], [ -72.057451173999937, -36.746852683999975 ], [ -72.068326838999951, -36.716668272999982 ], [ -72.06376837199997, -36.704967228999976 ], [ -72.071266347999938, -36.699187642999959 ], [ -72.068689691999964, -36.692527344999974 ], [ -72.07876317299997, -36.66835479599996 ], [ -72.094862624999962, -36.652848533999929 ], [ -72.093563967999955, -36.646567492999964 ], [ -72.100837880999961, -36.643954483999948 ], [ -72.10317626899996, -36.627431100999956 ], [ -72.121075290999954, -36.625083071999939 ], [ -72.127630392999947, -36.616893458999982 ], [ -72.146865368999954, -36.614493914999969 ], [ -72.152900833999979, -36.623779730999956 ], [ -72.173989482999957, -36.621136270999955 ], [ -72.207305507999934, -36.629784864999976 ], [ -72.213653429999965, -36.62386881499998 ], [ -72.233395906999988, -36.632692383999938 ], [ -72.251679998999975, -36.625369998999929 ], [ -72.253985667999984, -36.630859873999952 ], [ -72.26522670199995, -36.627111486999979 ], [ -72.272879777999947, -36.636699180999983 ], [ -72.289792437999949, -36.626365145999955 ], [ -72.309763313999952, -36.63268695499994 ], [ -72.331825328999969, -36.651263326999981 ], [ -72.338633369999968, -36.648450828999955 ], [ -72.357178354999974, -36.654230446999975 ], [ -72.35844416499998, -36.667812400999935 ], [ -72.354850197999951, -36.667106285999978 ], [ -72.35140735899995, -36.678060157999937 ], [ -72.357697346999942, -36.689927712999975 ], [ -72.35065343499997, -36.690412055999957 ], [ -72.349263786999984, -36.697975246999931 ], [ -72.311455559999956, -36.696617698999944 ], [ -72.305772455999943, -36.710160371999962 ], [ -72.29608854199995, -36.712689245999968 ], [ -72.295615030999954, -36.705924038999967 ], [ -72.286833424999941, -36.705039185999965 ], [ -72.273328092999975, -36.715143627999964 ], [ -72.272017915999982, -36.722039253999981 ], [ -72.267392591999965, -36.720157786999948 ], [ -72.25172443699995, -36.730958008999949 ], [ -72.233265723999978, -36.730241614999954 ], [ -72.232760817999974, -36.734771839999951 ], [ -72.226410549999969, -36.733055909999962 ], [ -72.217970553999976, -36.738409995999973 ], [ -72.200595907999968, -36.740291198999955 ], [ -72.193701240999985, -36.735028063999948 ], [ -72.182163765999974, -36.734939919999931 ], [ -72.175724684999977, -36.739613003999978 ], [ -72.134322862999966, -36.734249327999976 ] ] ] } },
{ "type": "Feature", "properties": { "comuna_id": "31580391B81613370406322", "comuna": "Chillán", "region": "Región de Ñuble" }, "geometry": { "type": "Polygon", "coordinates": [ [ [ -72.360486461999983, -36.700964388999978 ], [ -72.348042687999964, -36.693444918999944 ], [ -72.35065343499997, -36.690412055999957 ], [ -72.357697346999942, -36.689927712999975 ], [ -72.35140735899995, -36.678060157999937 ], [ -72.354850197999951, -36.667106285999978 ], [ -72.35844416499998, -36.667812400999935 ], [ -72.357178354999974, -36.654230446999975 ], [ -72.338633369999968, -36.648450828999955 ], [ -72.331825328999969, -36.651263326999981 ], [ -72.302004137999972, -36.629510093999954 ], [ -72.289792437999949, -36.626365145999955 ], [ -72.272879777999947, -36.636699180999983 ], [ -72.26522670199995, -36.627111486999979 ], [ -72.253985667999984, -36.630859873999952 ], [ -72.251679998999975, -36.625369998999929 ], [ -72.233395906999988, -36.632692383999938 ], [ -72.213653429999965, -36.62386881499998 ], [ -72.207305507999934, -36.629784864999976 ], [ -72.173989482999957, -36.621136270999955 ], [ -72.152900833999979, -36.623779730999956 ], [ -72.146979642999952, -36.61453946499995 ], [ -72.138708953999981, -36.614245293999943 ], [ -72.127401008999982, -36.61701885399998 ], [ -72.121075290999954, -36.625083071999939 ], [ -72.10317626899996, -36.627431100999956 ], [ -72.100837880999961, -36.643954483999948 ], [ -72.093563967999955, -36.646567492999964 ], [ -72.094862624999962, -36.652848533999929 ], [ -72.07876317299997, -36.66835479599996 ], [ -72.068689691999964, -36.692527344999974 ], [ -72.071266347999938, -36.699187642999959 ], [ -72.06376837199997, -36.704967228999976 ], [ -72.068326838999951, -36.716668272999982 ], [ -72.058386775999963, -36.73738270299998 ], [ -72.058378141999981, -36.74888832399995 ], [ -72.023395040999958, -36.744232899999929 ], [ -72.001068688999965, -36.749647952999965 ], [ -71.979344306999963, -36.720773035999969 ], [ -72.003647817999934, -36.704001475999974 ], [ -71.982627345999958, -36.671965450999949 ], [ -71.950732031999962, -36.68517156799993 ], [ -71.938086264999981, -36.666066268999941 ], [ -71.953300525999964, -36.656469343999959 ], [ -71.950911681999969, -36.637312897999948 ], [ -71.957334222999975, -36.632770897999933 ], [ -71.976372786999946, -36.625599253999951 ], [ -71.978534919999959, -36.631364774999952 ], [ -71.982080111999949, -36.629533154999933 ], [ -71.979323990999944, -36.624746018999929 ], [ -71.993042658999968, -36.620685116999937 ], [ -71.989417470999967, -36.617948462999948 ], [ -71.994113314999936, -36.615275783999948 ], [ -71.992598962999978, -36.611445082999978 ], [ -71.998856320999948, -36.617984067999942 ], [ -72.000674621999963, -36.612377420999962 ], [ -72.029569222999953, -36.604499712999939 ], [ -72.023246452999956, -36.591322177999984 ], [ -72.028855643999975, -36.589863408999975 ], [ -72.021055277999949, -36.578608010999972 ], [ -72.037188170999968, -36.574304726999969 ], [ -72.028866688999983, -36.567703958999971 ], [ -72.024539975999971, -36.56927778599993 ], [ -72.013042861999963, -36.554911860999937 ], [ -71.998511958999984, -36.564356397999973 ], [ -71.976479142999949, -36.563560764999977 ], [ -71.970175254999958, -36.558697511999981 ], [ -71.961499391999951, -36.56584930899993 ], [ -71.950262375999955, -36.567467004999969 ], [ -71.911039366999944, -36.561023424999973 ], [ -71.891411635999987, -36.568256194999947 ], [ -71.877206292999972, -36.564815621999969 ], [ -71.872815523999975, -36.543173682999964 ], [ -71.861578519999966, -36.541818751999983 ], [ -71.858472285999937, -36.516890972999931 ], [ -71.889673589999973, -36.521290131999933 ], [ -71.906746527999985, -36.518348905999972 ], [ -71.935976702999938, -36.526161410999975 ], [ -71.951518479999947, -36.520074788999977 ], [ -71.959444455999972, -36.522852344999933 ], [ -71.991562926999961, -36.506643617999941 ], [ -72.016724214999954, -36.525158377999958 ], [ -72.04595567399997, -36.522453120999955 ], [ -72.055301179999958, -36.533080145999975 ], [ -72.082262389999983, -36.543662293999944 ], [ -72.08192766999997, -36.552257830999963 ], [ -72.101883955999938, -36.54655341299997 ], [ -72.107126316999938, -36.551116107999974 ], [ -72.13300019899998, -36.548308076999945 ], [ -72.166928459999951, -36.556320567999933 ], [ -72.176431610999941, -36.551825027999939 ], [ -72.188783374999957, -36.553500067999948 ], [ -72.197855179999976, -36.557624165999982 ], [ -72.20241871099995, -36.57203792599995 ], [ -72.21197400899996, -36.571022046999929 ], [ -72.224027174999947, -36.58362701599998 ], [ -72.243854639999938, -36.585593650999954 ], [ -72.255449666999937, -36.578444884999954 ], [ -72.265974282999935, -36.595545836999975 ], [ -72.280022881999969, -36.599682702999985 ], [ -72.291434731999971, -36.59946606699998 ], [ -72.311219801999982, -36.590376321999941 ], [ -72.316513069999985, -36.598630564999951 ], [ -72.342908586999954, -36.603963480999937 ], [ -72.34977801399998, -36.600997316999951 ], [ -72.388157206999949, -36.62257199499993 ], [ -72.397518899999966, -36.617388045999974 ], [ -72.408129378999945, -36.628740863999951 ], [ -72.434770353999966, -36.640442479999933 ], [ -72.459624788999974, -36.640132447999974 ], [ -72.465386923999972, -36.64437522999998 ], [ -72.448773695999989, -36.659134621999954 ], [ -72.453278638999961, -36.665564982999967 ], [ -72.450397514999963, -36.680911427999945 ], [ -72.435105383999939, -36.69252527499998 ], [ -72.436950870999965, -36.701149261999944 ], [ -72.412654769999961, -36.698735305999946 ], [ -72.399310720999949, -36.706686010999931 ], [ -72.389503230999935, -36.702465316999962 ], [ -72.383871344999989, -36.707149624999943 ], [ -72.377256669999952, -36.698933549999936 ], [ -72.360486461999983, -36.700964388999978 ] ] ] } },
{ "type": "Feature", "properties": { "comuna_id": "31580391B98254556469629", "comuna": "Yumbel", "region": "Región del Bío-Bío" }, "geometry": { "type": "Polygon", "coordinates": [ [ [ -72.509268937999934, -37.248965974999976 ], [ -72.48819260199997, -37.237951872999929 ], [ -72.485631230999957, -37.228431809999961 ], [ -72.463398063999989, -37.215841458999932 ], [ -72.422429826999974, -37.214499668999963 ], [ -72.430737832999966, -37.184364720999952 ], [ -72.451336852999987, -37.187875366999947 ], [ -72.441785031999984, -37.166587070999981 ], [ -72.442257590999986, -37.149520665999944 ], [ -72.466008542999987, -37.149850925999942 ], [ -72.489644661999989, -37.13840948099994 ], [ -72.511631375999968, -37.135407364999935 ], [ -72.470706326999959, -37.116175802999976 ], [ -72.486171801999944, -37.119537500999968 ], [ -72.50789642999996, -37.099908782999933 ], [ -72.532680045999939, -37.097908548999953 ], [ -72.522808855999983, -37.096103 ], [ -72.510822812999947, -37.080342255999938 ], [ -72.510673182999938, -37.069637421999971 ], [ -72.518811475999939, -37.058763845999977 ], [ -72.524161365999987, -37.058929807999959 ], [ -72.52765592999998, -37.048075534999953 ], [ -72.520027678999952, -36.997268523999935 ], [ -72.52268728699994, -36.990055880999932 ], [ -72.507125543999962, -36.966325488999985 ], [ -72.515767584999935, -36.95277228599997 ], [ -72.518937765999965, -36.93144370999994 ], [ -72.540689955999937, -36.926691809999966 ], [ -72.551453280999965, -36.931653609999955 ], [ -72.561693658999957, -36.927363834999937 ], [ -72.584274684999968, -36.928966738999975 ], [ -72.614387717999989, -36.920066574999964 ], [ -72.648277137999969, -36.918393623999975 ], [ -72.652547333999962, -36.921729077999942 ], [ -72.645018837999942, -36.926849647999973 ], [ -72.650745160999975, -36.943349369999964 ], [ -72.647424418999947, -36.952310065999939 ], [ -72.672817170999963, -36.949446119999948 ], [ -72.676799231999951, -36.939652949999982 ], [ -72.683026333999976, -36.937016453999945 ], [ -72.692562228999975, -36.943020025999942 ], [ -72.704420303999939, -36.939455492999969 ], [ -72.704982730999973, -36.951999176999948 ], [ -72.715623106999942, -36.957246916999964 ], [ -72.73905777899995, -36.959782053999959 ], [ -72.743578860999946, -36.973305821999929 ], [ -72.774480260999951, -36.99659196999994 ], [ -72.774937568999974, -37.002030616999946 ], [ -72.759567962999938, -37.000033480999946 ], [ -72.76120756399996, -37.007391629999972 ], [ -72.727523056999985, -37.018689600999949 ], [ -72.723661258999982, -37.037430547999975 ], [ -72.734748902999968, -37.045780739999941 ], [ -72.736309608999989, -37.054225361999954 ], [ -72.751975350999942, -37.072606829999984 ], [ -72.762018024999975, -37.07840708699996 ], [ -72.776558161999958, -37.077017911999974 ], [ -72.773355369999933, -37.082613092999964 ], [ -72.779111967999938, -37.119428599999935 ], [ -72.770818163999934, -37.129168511999978 ], [ -72.775993068999981, -37.131640457999936 ], [ -72.766552590999936, -37.133341966999978 ], [ -72.764064723999979, -37.138107614999967 ], [ -72.774907594999945, -37.141844602999981 ], [ -72.771740662999946, -37.147453832999929 ], [ -72.790159713999969, -37.158154135999951 ], [ -72.792043894999949, -37.167378282999948 ], [ -72.777357031999941, -37.167979465999963 ], [ -72.76975774899995, -37.178862379999941 ], [ -72.774305442999946, -37.180304625999952 ], [ -72.768967890999988, -37.190004712999951 ], [ -72.758736488999944, -37.187212429999931 ], [ -72.759387465999964, -37.192369090999932 ], [ -72.75172072099997, -37.195213433999982 ], [ -72.740521870999942, -37.184103332999939 ], [ -72.734327904999986, -37.182417720999979 ], [ -72.677783246999979, -37.18798139699993 ], [ -72.680681156999981, -37.177060531999985 ], [ -72.672509715999979, -37.172706545999972 ], [ -72.661231217999955, -37.184578163999959 ], [ -72.662232922999976, -37.196146698999939 ], [ -72.648829191999937, -37.198844463999933 ], [ -72.645736629999988, -37.208570088999977 ], [ -72.634194341999944, -37.218063946999962 ], [ -72.641661658999965, -37.226515753999934 ], [ -72.641995134999945, -37.237632996999935 ], [ -72.62269287099997, -37.230189969999969 ], [ -72.583759914999973, -37.229306062999967 ], [ -72.532335169999953, -37.237317692999966 ], [ -72.525120179999988, -37.247176162999949 ], [ -72.51715311199996, -37.241271556999948 ], [ -72.509268937999934, -37.248965974999976 ] ] ] } },
{ "type": "Feature", "properties": { "comuna_id": "31580391B49440676857061", "comuna": "Lonquimay", "region": "Región de La Araucanía" }, "geometry": { "type": "Polygon", "coordinates": [ [ [ -71.590922672999966, -38.59320254499994 ], [ -71.585359711999956, -38.607398571999965 ], [ -71.565165788999934, -38.623848764999934 ], [ -71.547540664999985, -38.629013698999984 ], [ -71.531946749999975, -38.650394343999949 ], [ -71.515241185999969, -38.650691845999972 ], [ -71.511972888999935, -38.667267721999963 ], [ -71.491918181999949, -38.662633536999977 ], [ -71.51447120399996, -38.688922683999976 ], [ -71.534180443999958, -38.702772677999974 ], [ -71.536254380999935, -38.716021242999943 ], [ -71.528570893999984, -38.715615672999945 ], [ -71.517257688999962, -38.733482550999952 ], [ -71.505980622999971, -38.72699485499993 ], [ -71.495261228999937, -38.72944511399993 ], [ -71.50042283099998, -38.745781693999959 ], [ -71.513152872999967, -38.753238739999972 ], [ -71.493512604999978, -38.763148265999973 ], [ -71.479018636999967, -38.757227288999957 ], [ -71.476846282999986, -38.77045196499995 ], [ -71.461806463999949, -38.778572275999977 ], [ -71.43615644199997, -38.78170479299996 ], [ -71.428121165999983, -38.794746825999937 ], [ -71.409658533999959, -38.801323245999981 ], [ -71.408190065999975, -38.809975726999937 ], [ -71.394248060999985, -38.820456757999978 ], [ -71.388917423999942, -38.832539667999981 ], [ -71.395206750999932, -38.841343864999942 ], [ -71.41633699199997, -38.847242193999932 ], [ -71.404703690999952, -38.877542673999983 ], [ -71.414395796999941, -38.88846035399996 ], [ -71.408441764999964, -38.894029561999957 ], [ -71.408169892999979, -38.90404469899994 ], [ -71.394324466999933, -38.909573110999929 ], [ -71.373966119999977, -38.906069831999957 ], [ -71.362942634999968, -38.891279216999976 ], [ -71.33886374399998, -38.877105581999956 ], [ -71.328651521999973, -38.874431201999982 ], [ -71.314383569999961, -38.879626024999936 ], [ -71.294738738999968, -38.871231285999954 ], [ -71.285372123999935, -38.863790188999985 ], [ -71.284504585999969, -38.857130962999975 ], [ -71.278189536999946, -38.858795017999967 ], [ -71.268105823999974, -38.853031400999953 ], [ -71.264509759999953, -38.847344063999969 ], [ -71.269337117999953, -38.835695356999963 ], [ -71.266008901999953, -38.825975353999979 ], [ -71.260443881999947, -38.823450076999961 ], [ -71.258637556999986, -38.815009381999971 ], [ -71.24116279499998, -38.809317709999959 ], [ -71.238474796999981, -38.802240709999978 ], [ -71.231482355999958, -38.809410508999974 ], [ -71.211791234999964, -38.816387708999969 ], [ -71.185854900999971, -38.81451091699995 ], [ -71.181184468999959, -38.802790778999963 ], [ -71.150378614999966, -38.799816377999946 ], [ -71.134561541999972, -38.781515526999954 ], [ -71.123818852999989, -38.777175132999957 ], [ -71.118351820999976, -38.78109522099993 ], [ -71.116005876999964, -38.774584447999985 ], [ -71.107671380999989, -38.774523562999946 ], [ -71.095506690999969, -38.754856171999961 ], [ -71.069021393999947, -38.768954264999934 ], [ -71.051226217999954, -38.757820237999965 ], [ -71.022871647999978, -38.759751137999956 ], [ -71.002386558999945, -38.769280886999979 ], [ -70.974217631999977, -38.759529159999943 ], [ -70.963785060999953, -38.763530971999955 ], [ -70.925051131999965, -38.76354811799996 ], [ -70.905505821999952, -38.728507505999971 ], [ -70.890509175999966, -38.72037142299996 ], [ -70.883528497999976, -38.701764924999964 ], [ -70.899037070999952, -38.690166001999955 ], [ -70.905913711999972, -38.676055797999936 ], [ -70.903320100999963, -38.667846657999974 ], [ -70.884989490999942, -38.643281559999934 ], [ -70.873028874999989, -38.639527115999954 ], [ -70.851616744999944, -38.617819190999967 ], [ -70.835960753999984, -38.612276686999962 ], [ -70.835296537999966, -38.603560400999982 ], [ -70.827380969999979, -38.595511659999943 ], [ -70.829436047999934, -38.588681 ], [ -70.835739514999943, -38.586226003999968 ], [ -70.833160798999984, -38.568957022999939 ], [ -70.841746642999965, -38.539510444999962 ], [ -70.863817501999961, -38.525212691999968 ], [ -70.866637882999953, -38.514269298999977 ], [ -70.910281500999986, -38.503865288999975 ], [ -70.911502707999944, -38.497263149999981 ], [ -70.927588190999984, -38.484515183999974 ], [ -70.928156985999976, -38.473620894999954 ], [ -70.943970141999955, -38.462303426999938 ], [ -70.957416381999963, -38.444409470999972 ], [ -70.977214975999971, -38.443256948999931 ], [ -70.983754700999953, -38.430671207999978 ], [ -70.97988516099997, -38.414715684999976 ], [ -70.98580289299997, -38.399310846999981 ], [ -70.986312518999966, -38.375293170999953 ], [ -70.982063534999952, -38.364903587999947 ], [ -70.996574603999989, -38.35547091199993 ], [ -70.995841656999971, -38.34202591199994 ], [ -71.002635550999969, -38.324695940999959 ], [ -71.003142376999961, -38.307452984999941 ], [ -70.997020021999958, -38.291459629999963 ], [ -71.009907183999985, -38.281979856999953 ], [ -71.009277495999982, -38.262411241999985 ], [ -71.032559652999964, -38.249466901999938 ], [ -71.017692779999948, -38.238844987999983 ], [ -71.015365061999944, -38.22639376099994 ], [ -71.021004989999938, -38.214212806999967 ], [ -71.001102808999974, -38.210577032999936 ], [ -70.99681062999997, -38.202562966999949 ], [ -70.994994684999938, -38.173865489999969 ], [ -71.00970805999998, -38.162734885999953 ], [ -71.010590958999956, -38.153736498999933 ], [ -71.024764471999958, -38.149664537999968 ], [ -71.023536087999958, -38.144114041999956 ], [ -71.031953431999966, -38.131027004999964 ], [ -71.085316241999976, -38.089646411999979 ], [ -71.095916765999959, -38.094986762999952 ], [ -71.10939529999996, -38.091619185999946 ], [ -71.120219220999957, -38.105583090999971 ], [ -71.134957611999937, -38.102176799999938 ], [ -71.152929737999955, -38.110734176999983 ], [ -71.17087872999997, -38.109145196999975 ], [ -71.180191708999985, -38.100495083999931 ], [ -71.192209998999942, -38.105810000999952 ], [ -71.197249997999961, -38.10186 ], [ -71.226438263999967, -38.102970186999983 ], [ -71.25883528199995, -38.097112083999946 ], [ -71.28289179099994, -38.110413393999977 ], [ -71.295703295999942, -38.108446707999974 ], [ -71.302453068999966, -38.090408440999965 ], [ -71.341602544999944, -38.091429112999947 ], [ -71.354638464999937, -38.084218864999968 ], [ -71.36773343699997, -38.089583826999956 ], [ -71.377882364999948, -38.085490688999982 ], [ -71.413142472999937, -38.107299142999977 ], [ -71.411023594999961, -38.134387099999969 ], [ -71.436043218999941, -38.176980291999939 ], [ -71.448978136999983, -38.176450888999966 ], [ -71.460372571999983, -38.184459568999955 ], [ -71.48849854499997, -38.191818572999978 ], [ -71.510834705999969, -38.209842695999953 ], [ -71.531825202999983, -38.204000668999981 ], [ -71.536121828999967, -38.212904458999958 ], [ -71.530532070999982, -38.226372333999961 ], [ -71.553663802999949, -38.246122346999982 ], [ -71.572803219999969, -38.239035269999931 ], [ -71.580485860999943, -38.230884281999977 ], [ -71.608643046999987, -38.240887602999976 ], [ -71.609130392999987, -38.25041009499995 ], [ -71.618878147999965, -38.259903131999977 ], [ -71.626128970999957, -38.260454963999962 ], [ -71.625311761999967, -38.267056196999931 ], [ -71.632954096999981, -38.274433003999945 ], [ -71.63394954499995, -38.295322195999972 ], [ -71.642985705999934, -38.313575460999971 ], [ -71.618960613999946, -38.324223744999983 ], [ -71.592853672999979, -38.377204744999972 ], [ -71.575400441999989, -38.383073101999969 ], [ -71.54868980699996, -38.381064521999974 ], [ -71.536284474999945, -38.367749042999947 ], [ -71.521920111999975, -38.363620897999965 ], [ -71.508517797999957, -38.371383076999962 ], [ -71.508664322999948, -38.380353997999975 ], [ -71.493618381999966, -38.381675215999962 ], [ -71.487380664999989, -38.389646505999963 ], [ -71.477693632999944, -38.388009560999933 ], [ -71.480279973999984, -38.402055133999966 ], [ -71.46416719299998, -38.415321731999938 ], [ -71.484815676999972, -38.435588768999935 ], [ -71.478715438999984, -38.444219006999958 ], [ -71.460200920999966, -38.451677651999944 ], [ -71.46194270999996, -38.456937449999941 ], [ -71.449234042999933, -38.472519089999935 ], [ -71.464062883999986, -38.488254231999974 ], [ -71.459334793999972, -38.495916880999971 ], [ -71.462606034999965, -38.501371080999945 ], [ -71.45802820199998, -38.504748983999946 ], [ -71.459676558999945, -38.519907258999979 ], [ -71.469477156999972, -38.530077809999966 ], [ -71.482258318999982, -38.533495079999966 ], [ -71.490277816999935, -38.541853272999958 ], [ -71.497498631999974, -38.540593755999964 ], [ -71.511363765999988, -38.550916150999967 ], [ -71.533711162999964, -38.54862 ], [ -71.558956998999975, -38.557305312999972 ], [ -71.587202733999959, -38.573417310999957 ], [ -71.590922672999966, -38.59320254499994 ] ] ] } },
{ "type": "Feature", "properties": { "comuna_id": "31580391B39166439121842", "comuna": "Yungay", "region": "Región de Ñuble" }, "geometry": { "type": "Polygon", "coordinates": [ [ [ -72.062016237999956, -37.193503269999951 ], [ -72.063113217999955, -37.184847438999952 ], [ -72.053362815999947, -37.174885649999965 ], [ -72.066250385999979, -37.167863849999947 ], [ -72.035790842999972, -37.165615126999967 ], [ -72.011812792999933, -37.176911029999928 ], [ -72.007646791999946, -37.183105977999958 ], [ -71.997908496999969, -37.183551197999975 ], [ -71.99848308199995, -37.188228417999937 ], [ -71.990572226999973, -37.193223663999959 ], [ -71.977467407999939, -37.187964260999934 ], [ -71.976192172999959, -37.191439070999934 ], [ -71.945560135999983, -37.192497088999971 ], [ -71.91121893199994, -37.181474136999952 ], [ -71.889873287999933, -37.182568694999929 ], [ -71.880082751999964, -37.170687442999963 ], [ -71.868900751999945, -37.169351508999966 ], [ -71.86627683599994, -37.163200015999962 ], [ -71.850091162999945, -37.161950439999941 ], [ -71.840996030999975, -37.137612847999947 ], [ -71.84427726499996, -37.128989026999932 ], [ -71.827094097999975, -37.124947487999975 ], [ -71.79705265299998, -37.108654731999934 ], [ -71.752137424999944, -37.115162502999965 ], [ -71.747988486999986, -37.120914346999939 ], [ -71.728258789999984, -37.12749800499995 ], [ -71.709598634999963, -37.12671066799993 ], [ -71.687050908999936, -37.144395029999941 ], [ -71.677918964999947, -37.144905036999944 ], [ -71.653459107999936, -37.131111156999964 ], [ -71.619865906999962, -37.133625747999929 ], [ -71.581336711999938, -37.124397254999963 ], [ -71.562545756999953, -37.133863143999974 ], [ -71.556082568999955, -37.130598433999978 ], [ -71.556367381999962, -37.10107262799994 ], [ -71.541227399999968, -37.08375155899995 ], [ -71.54027623099995, -37.063705125999945 ], [ -71.545892144999982, -37.058900287999961 ], [ -71.540870469999959, -37.041113305999943 ], [ -71.554475176999972, -37.014173443999937 ], [ -71.569072690999974, -37.014310250999984 ], [ -71.581270420999942, -37.000446045999979 ], [ -71.59535542499998, -36.997251177999942 ], [ -71.596947192999949, -37.005357330999971 ], [ -71.616493123999987, -37.006280827999944 ], [ -71.631231002999982, -37.018693424999981 ], [ -71.662380066999958, -37.022534406999966 ], [ -71.668818214999988, -37.030117256999972 ], [ -71.692663401999937, -37.037015642999961 ], [ -71.713965791999954, -37.037882977999971 ], [ -71.739871499999936, -37.04618504299998 ], [ -71.757965442999989, -37.045365897999943 ], [ -71.780869892999988, -37.053721104999966 ], [ -71.83223566199996, -37.054010481999967 ], [ -71.839634670999942, -37.060348714999975 ], [ -71.845956677999936, -37.058048326999938 ], [ -71.873657764999962, -37.066567456999962 ], [ -71.91452469799998, -37.059812689999944 ], [ -71.920357531999969, -37.054314655999974 ], [ -71.942803517999948, -37.055882534999967 ], [ -71.948040302999971, -37.049822482999957 ], [ -71.956314318999944, -37.049927189999948 ], [ -71.958030209999947, -37.044650286999968 ], [ -71.975702575999946, -37.052671664999934 ], [ -71.989523688999952, -37.037065206999955 ], [ -72.038208649999945, -37.040628373999937 ], [ -72.053984172999947, -37.048174966999966 ], [ -72.055465630999947, -37.044054209999956 ], [ -72.085380018999956, -37.045403456999964 ], [ -72.096344976999944, -37.035354784999981 ], [ -72.115285100999984, -37.040363194999941 ], [ -72.124287354999979, -37.036252130999969 ], [ -72.131865562999963, -37.04268710599996 ], [ -72.133334334999972, -37.034768146999966 ], [ -72.143395189999978, -37.038496724999959 ], [ -72.163578208999979, -37.033471916999929 ], [ -72.172706374999962, -37.036267703999954 ], [ -72.189578468999969, -37.026791784999944 ], [ -72.194730125999968, -37.027301886999965 ], [ -72.192226820999963, -37.034858798999949 ], [ -72.182196810999983, -37.046332529999972 ], [ -72.187237226999969, -37.053143362999947 ], [ -72.228498867999974, -37.07981469799995 ], [ -72.227146582999978, -37.083410873999981 ], [ -72.231642616999977, -37.080893388999982 ], [ -72.243807174999972, -37.085479316999965 ], [ -72.243237352999984, -37.089413185999945 ], [ -72.261394684999971, -37.092647684999974 ], [ -72.257004623999933, -37.106043670999952 ], [ -72.271515897999961, -37.12053177599995 ], [ -72.261620375999939, -37.123324816999968 ], [ -72.265322345999948, -37.14818575399994 ], [ -72.268539123999972, -37.146927375999951 ], [ -72.268925914999954, -37.154626314999973 ], [ -72.280005566999989, -37.155341048999958 ], [ -72.274436174999948, -37.194753135999974 ], [ -72.25309707699995, -37.192561084999966 ], [ -72.243969553999989, -37.182211224999946 ], [ -72.237571352999964, -37.186356605999947 ], [ -72.207533717999979, -37.187006603999976 ], [ -72.186354454999957, -37.195992006999973 ], [ -72.160340689999941, -37.197412448999955 ], [ -72.136424136999949, -37.179490559999977 ], [ -72.119166303999975, -37.178606619999982 ], [ -72.109707527999944, -37.179784066999957 ], [ -72.103887694999969, -37.187033705999966 ], [ -72.085597038999936, -37.185332690999985 ], [ -72.062016237999956, -37.193503269999951 ] ] ] } },
{ "type": "Feature", "properties": { "comuna_id": "31580391B5440550087990", "comuna": "Cabrero", "region": "Región del Bío-Bío" }, "geometry": { "type": "Polygon", "coordinates": [ [ [ -72.270993705999956, -37.195454397999981 ], [ -72.274436174999948, -37.194753135999974 ], [ -72.280005566999989, -37.155341048999958 ], [ -72.268925914999954, -37.154626314999973 ], [ -72.268539123999972, -37.146927375999951 ], [ -72.265322345999948, -37.14818575399994 ], [ -72.261620375999939, -37.123324816999968 ], [ -72.271515897999961, -37.12053177599995 ], [ -72.257004623999933, -37.106043670999952 ], [ -72.261394684999971, -37.092647684999974 ], [ -72.243237352999984, -37.089413185999945 ], [ -72.243807174999972, -37.085479316999965 ], [ -72.231642616999977, -37.080893388999982 ], [ -72.227146582999978, -37.083410873999981 ], [ -72.228498867999974, -37.07981469799995 ], [ -72.187237226999969, -37.053143362999947 ], [ -72.182196810999983, -37.046332529999972 ], [ -72.187960158999942, -37.043225012999983 ], [ -72.192079827999976, -37.030398850999973 ], [ -72.229320069999972, -37.009108448999939 ], [ -72.253081316999953, -37.000712477999969 ], [ -72.286367778999988, -36.998084391999953 ], [ -72.311309795999989, -36.982920563999983 ], [ -72.326035438999952, -36.981465130999936 ], [ -72.331709864999937, -36.97105973999993 ], [ -72.343307195999955, -36.970561468999961 ], [ -72.352782704999981, -36.938960854999948 ], [ -72.366202738999959, -36.938082007999981 ], [ -72.375322787999949, -36.917442051999956 ], [ -72.385351427999979, -36.911850295999955 ], [ -72.401691098999947, -36.918025247999935 ], [ -72.407628660999933, -36.928802311999959 ], [ -72.461549864999938, -36.927191868999955 ], [ -72.461232919999986, -36.918858291999982 ], [ -72.451364896999962, -36.908269890999975 ], [ -72.457287943999972, -36.904765109999971 ], [ -72.469766952999976, -36.913191797999957 ], [ -72.482316576999949, -36.896940065999956 ], [ -72.502278353999941, -36.895739356999968 ], [ -72.509536770999944, -36.903105872999959 ], [ -72.51409201499996, -36.924811609999949 ], [ -72.509868339999969, -36.932716625999944 ], [ -72.517414239999937, -36.943258326999967 ], [ -72.507185205999974, -36.966669219999972 ], [ -72.52268728699994, -36.990055880999932 ], [ -72.521663212999954, -37.012812511999982 ], [ -72.527870736999944, -37.030452503999982 ], [ -72.527057561999982, -37.05109566699997 ], [ -72.524161365999987, -37.058929807999959 ], [ -72.518811475999939, -37.058763845999977 ], [ -72.510673182999938, -37.069637421999971 ], [ -72.510822812999947, -37.080342255999938 ], [ -72.522808855999983, -37.096103 ], [ -72.532680045999939, -37.097908548999953 ], [ -72.50789642999996, -37.099908782999933 ], [ -72.486171801999944, -37.119537500999968 ], [ -72.470706326999959, -37.116175802999976 ], [ -72.511631375999968, -37.135407364999935 ], [ -72.489644661999989, -37.13840948099994 ], [ -72.466008542999987, -37.149850925999942 ], [ -72.442257590999986, -37.149520665999944 ], [ -72.441785031999984, -37.166587070999981 ], [ -72.451336852999987, -37.187875366999947 ], [ -72.430737832999966, -37.184364720999952 ], [ -72.422429826999974, -37.214499668999963 ], [ -72.404397033999942, -37.219696803999966 ], [ -72.384409160999951, -37.220605680999938 ], [ -72.358123623999973, -37.210574289999954 ], [ -72.319154207999986, -37.210831350999968 ], [ -72.302371775999973, -37.200018571999976 ], [ -72.280506247999938, -37.205617102999952 ], [ -72.270993705999956, -37.195454397999981 ] ] ] } },
{ "type": "Feature", "properties": { "comuna_id": "31580391B83997743137713", "comuna": "Antuco", "region": "Región del Bío-Bío" }, "geometry": { "type": "Polygon", "coordinates": [ [ [ -71.471363880999945, -37.473066398999947 ], [ -71.442646140999955, -37.463411849999943 ], [ -71.415597937999962, -37.462485367999932 ], [ -71.39260670799996, -37.502297 ], [ -71.393699426999945, -37.514770359999943 ], [ -71.361167476999981, -37.53763188399995 ], [ -71.352427259999956, -37.554594775999931 ], [ -71.330969256999936, -37.548208744999954 ], [ -71.314222326999982, -37.566452298999934 ], [ -71.281778444999986, -37.586250594999967 ], [ -71.279266201999974, -37.605558944999984 ], [ -71.261431706999986, -37.613816342999939 ], [ -71.256446479999966, -37.634944409999946 ], [ -71.247122422999951, -37.643902002999937 ], [ -71.242966265999939, -37.658417332999932 ], [ -71.232237268999938, -37.653524464999975 ], [ -71.223408745999961, -37.659076794999976 ], [ -71.200614987999984, -37.654371525999977 ], [ -71.207293285999981, -37.64831234899998 ], [ -71.198451034999948, -37.644536803999983 ], [ -71.192013375999977, -37.629177376999962 ], [ -71.176181158999952, -37.614612171999966 ], [ -71.146691656999963, -37.608993393999981 ], [ -71.125973467999984, -37.581850105999933 ], [ -71.127505897999981, -37.569735347999938 ], [ -71.133773404999943, -37.56273917599998 ], [ -71.133171601999948, -37.552421875999983 ], [ -71.149924237999983, -37.539342541999929 ], [ -71.132551775999957, -37.529176139999947 ], [ -71.122605135999947, -37.504708198999936 ], [ -71.124085894999951, -37.496703856999943 ], [ -71.117509678999966, -37.488686691999931 ], [ -71.119828819999952, -37.458320550999929 ], [ -71.141190286999972, -37.442090440999948 ], [ -71.152543204999972, -37.401483236999979 ], [ -71.158509851999952, -37.396808634999957 ], [ -71.181898984999975, -37.39612593499993 ], [ -71.199266697999974, -37.381169538999984 ], [ -71.201944841999989, -37.365458152999963 ], [ -71.190900221999982, -37.362338461999968 ], [ -71.186364576999949, -37.355769559999942 ], [ -71.195204312999977, -37.342663147999929 ], [ -71.207922832999941, -37.338446605999934 ], [ -71.206790445999957, -37.319272155999954 ], [ -71.216413906999946, -37.303807026999948 ], [ -71.214575466999975, -37.283871764999958 ], [ -71.220743028999948, -37.274905955999941 ], [ -71.187392503999945, -37.276276525999947 ], [ -71.184651363999933, -37.259601262999979 ], [ -71.174143663999985, -37.260400761999961 ], [ -71.172087809999937, -37.252120238999964 ], [ -71.162319565999951, -37.246932404999939 ], [ -71.155526761999965, -37.233960190999937 ], [ -71.169746420999957, -37.225108595999984 ], [ -71.141192887999978, -37.220083174999957 ], [ -71.114865043999941, -37.20673503699993 ], [ -71.126723087999949, -37.190659618999973 ], [ -71.135774743999946, -37.163079563999929 ], [ -71.134537601999966, -37.142266135999932 ], [ -71.095725349999952, -37.125556759999938 ], [ -71.092539747999979, -37.114871499999936 ], [ -71.096228782999958, -37.109609028999955 ], [ -71.114408225999966, -37.115766094999969 ], [ -71.155437306999943, -37.116071222999949 ], [ -71.188537832999941, -37.097755894999977 ], [ -71.243857669999954, -37.110573171999931 ], [ -71.270097380999971, -37.11151982399997 ], [ -71.282298556999933, -37.103020559999948 ], [ -71.303707512999949, -37.101934063999977 ], [ -71.329037427999936, -37.077320537999981 ], [ -71.354764995999972, -37.076131723999936 ], [ -71.367726614999981, -37.068557931999976 ], [ -71.384143858999948, -37.067114180999965 ], [ -71.394042979999938, -37.069132248999949 ], [ -71.395760482999947, -37.079599365999968 ], [ -71.410083146999966, -37.090332084999943 ], [ -71.417225198999972, -37.078191956999945 ], [ -71.45863376799997, -37.066211099999975 ], [ -71.461404312999946, -37.043576144999975 ], [ -71.474000358999945, -37.035306910999964 ], [ -71.480490918999976, -37.019413012999962 ], [ -71.508557190999966, -37.004682725999942 ], [ -71.535884185999976, -37.009092663999979 ], [ -71.551682737999954, -37.019612345999974 ], [ -71.540870469999959, -37.041113305999943 ], [ -71.545611292999979, -37.059845671999938 ], [ -71.530367813999987, -37.067982163999943 ], [ -71.513735703999942, -37.06739850699995 ], [ -71.514983087999951, -37.084814544999972 ], [ -71.502628418999961, -37.08845483999994 ], [ -71.484478109999941, -37.115438234999942 ], [ -71.497731116999944, -37.125566784999933 ], [ -71.498653975999957, -37.133799969999984 ], [ -71.505310671999951, -37.134483493999937 ], [ -71.51377451999997, -37.148460738999972 ], [ -71.506623958999967, -37.195220323999933 ], [ -71.511307521999981, -37.221489891999965 ], [ -71.523144939999952, -37.236771828999963 ], [ -71.508873181999945, -37.259765712999979 ], [ -71.511310513999945, -37.288212106999936 ], [ -71.523765924999964, -37.310909311999978 ], [ -71.537451406999935, -37.315160274999982 ], [ -71.545044669999982, -37.309735012999965 ], [ -71.548044671999946, -37.316179811999973 ], [ -71.563299492999988, -37.316223459999946 ], [ -71.572200503999966, -37.321484403999932 ], [ -71.588843302999976, -37.316332302999967 ], [ -71.620761091999952, -37.317938679999941 ], [ -71.635329653999975, -37.310001480999972 ], [ -71.671929103999958, -37.310283098999946 ], [ -71.686217189999979, -37.316772232999938 ], [ -71.704404045999979, -37.315414337999982 ], [ -71.735138665999955, -37.322949102999985 ], [ -71.752725631999965, -37.32090128699997 ], [ -71.788958291999961, -37.329956834999962 ], [ -71.810823768999967, -37.325177615999962 ], [ -71.852395156999933, -37.334330580999961 ], [ -71.878200826999944, -37.331200566999939 ], [ -71.909770797999954, -37.350530059999983 ], [ -71.924447222999959, -37.348561743999937 ], [ -71.907149778999951, -37.35379487199998 ], [ -71.885642632999975, -37.351845585999968 ], [ -71.872168707999947, -37.357547288999967 ], [ -71.824452646999987, -37.343342259999929 ], [ -71.791331495999941, -37.34385255199993 ], [ -71.788780188999965, -37.35624430699994 ], [ -71.763709291999987, -37.361268213999949 ], [ -71.752353180999933, -37.37177197799997 ], [ -71.712795985999946, -37.37921158499995 ], [ -71.689360781999937, -37.390287959999966 ], [ -71.66858272099995, -37.389320859999941 ], [ -71.666837359999988, -37.394591894999962 ], [ -71.641769993999958, -37.403472704999956 ], [ -71.617592477999949, -37.41994611299998 ], [ -71.614102152999976, -37.431797343999961 ], [ -71.600975133999953, -37.44688070899997 ], [ -71.57627094999998, -37.466591300999937 ], [ -71.56693086599995, -37.469928322999976 ], [ -71.54916088799996, -37.46145471799997 ], [ -71.498567351999952, -37.454281025999933 ], [ -71.463960295999982, -37.466582109999933 ], [ -71.471363880999945, -37.473066398999947 ] ] ] } },
{ "type": "Feature", "properties": { "comuna_id": "31580391B62831871713806", "comuna": "Quillón", "region": "Región de Ñuble" }, "geometry": { "type": "Polygon", "coordinates": [ [ [ -72.652547333999962, -36.921729077999942 ], [ -72.648277137999969, -36.918393623999975 ], [ -72.614387717999989, -36.920066574999964 ], [ -72.587979020999967, -36.92845002699994 ], [ -72.561693658999957, -36.927363834999937 ], [ -72.551453280999965, -36.931653609999955 ], [ -72.531763785999942, -36.927191554999979 ], [ -72.518937765999965, -36.93144370999994 ], [ -72.516952422999964, -36.93947710599997 ], [ -72.509868339999969, -36.932716625999944 ], [ -72.51409201499996, -36.924811609999949 ], [ -72.509536770999944, -36.903105872999959 ], [ -72.502278353999941, -36.895739356999968 ], [ -72.482316576999949, -36.896940065999956 ], [ -72.469766952999976, -36.913191797999957 ], [ -72.457287943999972, -36.904765109999971 ], [ -72.451364896999962, -36.908269890999975 ], [ -72.461232919999986, -36.918858291999982 ], [ -72.461549864999938, -36.927191868999955 ], [ -72.407628660999933, -36.928802311999959 ], [ -72.401691098999947, -36.918025247999935 ], [ -72.385351427999979, -36.911850295999955 ], [ -72.375968469999975, -36.898604589999934 ], [ -72.380971017999968, -36.858105449999982 ], [ -72.392604436999989, -36.849779672999944 ], [ -72.393919282999946, -36.839985398999943 ], [ -72.406158679999976, -36.829989517999934 ], [ -72.406028072999959, -36.819088368999985 ], [ -72.413278319999961, -36.818227742999966 ], [ -72.419188823999946, -36.805494186999965 ], [ -72.429767546999983, -36.801285130999929 ], [ -72.426665903999947, -36.781236580999973 ], [ -72.430363960999955, -36.770362875999979 ], [ -72.413989278999964, -36.758759295999937 ], [ -72.422603298999945, -36.745062172999951 ], [ -72.435293271999967, -36.73917292699997 ], [ -72.437935453999955, -36.72931925599994 ], [ -72.434096223999973, -36.722152696999956 ], [ -72.451946900999985, -36.702437495999959 ], [ -72.441727807999939, -36.688194146999933 ], [ -72.450029689999951, -36.681799274999946 ], [ -72.449937606999981, -36.674842840999929 ], [ -72.473603225999966, -36.687684598999965 ], [ -72.507203655999945, -36.689500213999963 ], [ -72.514676820999966, -36.701659956999947 ], [ -72.533679756999959, -36.709746033999977 ], [ -72.560545096999988, -36.698045096999977 ], [ -72.579496164999966, -36.698774553999954 ], [ -72.581933388999971, -36.709738023999932 ], [ -72.590636855999946, -36.714497245999951 ], [ -72.586491194999951, -36.726962518999983 ], [ -72.593508105999945, -36.731576310999969 ], [ -72.589926829999968, -36.740053981999949 ], [ -72.597333105999951, -36.744268548999969 ], [ -72.585460118999947, -36.748385635999966 ], [ -72.59638850999994, -36.755988278999951 ], [ -72.602709835999974, -36.76767892099997 ], [ -72.591623202999983, -36.792347377999931 ], [ -72.593773753999983, -36.81374574299997 ], [ -72.579433360999985, -36.822159037999938 ], [ -72.577135379999959, -36.831633358999966 ], [ -72.538447558999962, -36.849577044999933 ], [ -72.55646986499994, -36.847605859999931 ], [ -72.573146559999941, -36.865688371999966 ], [ -72.560435016999975, -36.882871739999985 ], [ -72.561101847999964, -36.890207534999945 ], [ -72.570830397999941, -36.893723292999937 ], [ -72.602493053999979, -36.892527406999932 ], [ -72.645173776999968, -36.883466848999944 ], [ -72.654132967999942, -36.892218826999965 ], [ -72.649821634999967, -36.90025983299995 ], [ -72.657779324999979, -36.910108084999933 ], [ -72.652547333999962, -36.921729077999942 ] ] ] } },
{ "type": "Feature", "properties": { "comuna_id": "31580391B79044384128192", "comuna": "Alto Biobío", "region": "Región del Bío-Bío" }, "geometry": { "type": "Polygon", "coordinates": [ [ [ -71.413142472999937, -38.107299142999977 ], [ -71.377882364999948, -38.085490688999982 ], [ -71.36773343699997, -38.089583826999956 ], [ -71.354638464999937, -38.084218864999968 ], [ -71.341602544999944, -38.091429112999947 ], [ -71.302453068999966, -38.090408440999965 ], [ -71.295703295999942, -38.108446707999974 ], [ -71.28289179099994, -38.110413393999977 ], [ -71.25883528199995, -38.097112083999946 ], [ -71.226438263999967, -38.102970186999983 ], [ -71.197249997999961, -38.10186 ], [ -71.192209998999942, -38.105810000999952 ], [ -71.180191708999985, -38.100495083999931 ], [ -71.17087872999997, -38.109145196999975 ], [ -71.152929737999955, -38.110734176999983 ], [ -71.134957611999937, -38.102176799999938 ], [ -71.120219220999957, -38.105583090999971 ], [ -71.10939529999996, -38.091619185999946 ], [ -71.095916765999959, -38.094986762999952 ], [ -71.086325353999939, -38.089655143999948 ], [ -71.04347299799997, -38.122615610999958 ], [ -71.023937622999938, -38.112883615999976 ], [ -70.991767308999954, -38.111360760999958 ], [ -70.983272633999945, -38.105245545999935 ], [ -70.992052844999932, -38.08340209499994 ], [ -71.013586966999981, -38.079142858999944 ], [ -71.026507440999978, -38.061796587999936 ], [ -71.04633998099996, -38.054884171999959 ], [ -71.05565583799995, -38.044616879999978 ], [ -71.051848699999937, -38.027104046999966 ], [ -71.063957368999979, -38.017157287999964 ], [ -71.058392217999938, -38.009281882999971 ], [ -71.060462348999977, -38.001548635999939 ], [ -71.051306369999963, -37.991713824999977 ], [ -71.058558965999964, -37.993998106999982 ], [ -71.067592026999932, -37.989225782999938 ], [ -71.067356977999964, -37.97761909899998 ], [ -71.061756961999947, -37.970469997999942 ], [ -71.077746582999964, -37.963625455999932 ], [ -71.09179527799995, -37.964645076999943 ], [ -71.114181247999966, -37.951738880999983 ], [ -71.108075625999959, -37.93342182899994 ], [ -71.113895710999941, -37.920272887999943 ], [ -71.099333409999986, -37.901655984999934 ], [ -71.105843614999969, -37.900513844999978 ], [ -71.107157076999954, -37.891091178999943 ], [ -71.12563913799994, -37.878804181999953 ], [ -71.127373113999965, -37.871259833999943 ], [ -71.140830754999968, -37.859211928999969 ], [ -71.158248318999938, -37.857683946999941 ], [ -71.170148064999978, -37.862010090999945 ], [ -71.183391417999985, -37.858352514999979 ], [ -71.165806032999967, -37.854028692999975 ], [ -71.159238720999952, -37.83992324999997 ], [ -71.130342544999962, -37.832385114999965 ], [ -71.125545552999938, -37.821934523999971 ], [ -71.153128264999964, -37.809942040999942 ], [ -71.15164348199994, -37.802575228999956 ], [ -71.158488210999963, -37.790157722999936 ], [ -71.170717240999977, -37.780474794999975 ], [ -71.156497581999986, -37.77093791599998 ], [ -71.155658269999947, -37.757017065999946 ], [ -71.18308409399998, -37.737110585999972 ], [ -71.189205053999956, -37.72284422499996 ], [ -71.188306215999944, -37.712631602999977 ], [ -71.209321615999954, -37.698354836999954 ], [ -71.211244284999964, -37.688081469999929 ], [ -71.200298698999973, -37.66985841199994 ], [ -71.200614987999984, -37.654371525999977 ], [ -71.223408745999961, -37.659076794999976 ], [ -71.232237268999938, -37.653524464999975 ], [ -71.242966265999939, -37.658417332999932 ], [ -71.247122422999951, -37.643902002999937 ], [ -71.256446479999966, -37.634944409999946 ], [ -71.261431706999986, -37.613816342999939 ], [ -71.279266201999974, -37.605558944999984 ], [ -71.281778444999986, -37.586250594999967 ], [ -71.314222326999982, -37.566452298999934 ], [ -71.331360561999986, -37.548117372999968 ], [ -71.351859396999942, -37.554901460999929 ], [ -71.359759580999935, -37.568224188999977 ], [ -71.381560319999949, -37.565177723999966 ], [ -71.389089253999941, -37.574751998999943 ], [ -71.388927895999984, -37.618362924999929 ], [ -71.380626920999987, -37.627193204999969 ], [ -71.38471334999997, -37.633640334999939 ], [ -71.405953325999974, -37.633276131999935 ], [ -71.416110256999957, -37.626866197999959 ], [ -71.449957294999933, -37.632530863999932 ], [ -71.459759255999984, -37.642171688999952 ], [ -71.47254456099995, -37.645974658999933 ], [ -71.496706892999953, -37.639588269999933 ], [ -71.500839237999969, -37.647264874999962 ], [ -71.515883226999961, -37.652832084999943 ], [ -71.516398471999935, -37.658912326999939 ], [ -71.523823543999981, -37.663398769999958 ], [ -71.524842250999939, -37.676902241999983 ], [ -71.546388108999963, -37.687283267999931 ], [ -71.572017152999933, -37.676977118999957 ], [ -71.582567027999971, -37.680503938999948 ], [ -71.593476941999938, -37.705151909999984 ], [ -71.602480840999988, -37.714554229999976 ], [ -71.603300762999936, -37.725186779999945 ], [ -71.612920016999965, -37.730884772999957 ], [ -71.603172495999956, -37.736907888999951 ], [ -71.599606236999989, -37.75379596199997 ], [ -71.623314754999967, -37.770207163999942 ], [ -71.636376320999943, -37.770511214999942 ], [ -71.646831108999947, -37.76321390499993 ], [ -71.658408476999966, -37.766693761999932 ], [ -71.654188381999973, -37.774346256999934 ], [ -71.66498, -37.79478 ], [ -71.680836116999956, -37.807450590999963 ], [ -71.674420806999933, -37.811898568999936 ], [ -71.680374520999976, -37.821703329999934 ], [ -71.677813654999966, -37.829066716999932 ], [ -71.691294507999942, -37.839403854999944 ], [ -71.671748732999959, -37.858328577999941 ], [ -71.675989511999944, -37.863510968999947 ], [ -71.673069563999945, -37.869131728999946 ], [ -71.656958743999951, -37.87073365699996 ], [ -71.64571536699998, -37.887559526999951 ], [ -71.634043426999938, -37.891564280999944 ], [ -71.625936318999948, -37.905210044999933 ], [ -71.607897330999947, -37.914968071999965 ], [ -71.600941428999988, -37.914286950999951 ], [ -71.604950326999983, -37.927563545999931 ], [ -71.585291304999942, -37.925358739999979 ], [ -71.568251160999978, -37.93168944599995 ], [ -71.571596955999951, -37.943439830999978 ], [ -71.567361929999947, -37.967152619999979 ], [ -71.554020603999959, -37.974294380999936 ], [ -71.55190104899998, -37.98401126899995 ], [ -71.523348145999933, -37.991723347999937 ], [ -71.499950507999984, -38.008436307999943 ], [ -71.488395924999963, -38.001669241999934 ], [ -71.483886008999946, -38.003847674999975 ], [ -71.479707661999953, -38.010371912999972 ], [ -71.478788669999972, -38.043761465999978 ], [ -71.470257789999948, -38.048177023999983 ], [ -71.452324818999955, -38.047794320999969 ], [ -71.439107948999947, -38.058223545999965 ], [ -71.441328529999964, -38.065764814999966 ], [ -71.428388861999963, -38.071146531999943 ], [ -71.413142472999937, -38.107299142999977 ] ] ] } },
{ "type": "Feature", "properties": { "comuna_id": "31580391B85497931091832", "comuna": "Carahue", "region": "Región de La Araucanía" }, "geometry": { "type": "Polygon", "coordinates": [ [ [ -73.058926336999946, -38.477533118999929 ], [ -73.069797411999957, -38.474981068999966 ], [ -73.095754970999963, -38.447898988999953 ], [ -73.115308139999968, -38.442461400999946 ], [ -73.123711302999936, -38.44906902699995 ], [ -73.12805691899996, -38.471054477999985 ], [ -73.135561295999935, -38.472058054999934 ], [ -73.139965721999943, -38.467641856999933 ], [ -73.142599948999987, -38.440165571999955 ], [ -73.135389789999977, -38.437484749999953 ], [ -73.144386716999975, -38.428245034999975 ], [ -73.150024646999952, -38.398660366999934 ], [ -73.183356823999986, -38.406840439999939 ], [ -73.204848935999962, -38.402446599999962 ], [ -73.210849461999942, -38.394640902999981 ], [ -73.228615120999962, -38.400607501999957 ], [ -73.225188402999947, -38.426786608999976 ], [ -73.238215693999962, -38.448613813999941 ], [ -73.275500787999988, -38.449909813999966 ], [ -73.284777962999954, -38.456370526999933 ], [ -73.283504151999978, -38.464470303999974 ], [ -73.274599027999955, -38.468517834999943 ], [ -73.274616592999962, -38.49005150499994 ], [ -73.306788440999981, -38.49229883199996 ], [ -73.321372814999961, -38.482362554999952 ], [ -73.322943530999964, -38.467025320999937 ], [ -73.314018373999943, -38.457376245999967 ], [ -73.320380012999976, -38.437592737999978 ], [ -73.335257640999941, -38.428139555999962 ], [ -73.348646391999978, -38.411561512999981 ], [ -73.365232176999939, -38.403463120999959 ], [ -73.378587553999978, -38.403674276999936 ], [ -73.382583491999981, -38.398680189999936 ], [ -73.389546967999934, -38.409960980999983 ], [ -73.417233899999985, -38.421013412999969 ], [ -73.421414979999952, -38.430353026999967 ], [ -73.43077485799995, -38.431348712999977 ], [ -73.437953257999936, -38.449463824999953 ], [ -73.469493659999955, -38.456101666999984 ], [ -73.473796951999987, -38.473077914999976 ], [ -73.494289776999949, -38.472148918999949 ], [ -73.503464570999938, -38.484271793999937 ], [ -73.518982063999943, -38.481561184999975 ], [ -73.511862356999984, -38.496419052999954 ], [ -73.517871641999989, -38.507765632999963 ], [ -73.501510307999979, -38.54997237799995 ], [ -73.504460707999954, -38.568041296999979 ], [ -73.498948054999971, -38.581235647999961 ], [ -73.503000606999933, -38.593606546999979 ], [ -73.481895450999957, -38.646629559999951 ], [ -73.488483163999945, -38.657525631999931 ], [ -73.427785090999976, -38.763101931999984 ], [ -73.414867079999965, -38.749036125999964 ], [ -73.401170429999979, -38.747809191999977 ], [ -73.381814104999989, -38.75401951799995 ], [ -73.361699500999975, -38.751575836999962 ], [ -73.352610591999962, -38.734273811999969 ], [ -73.357989397999972, -38.705582235999941 ], [ -73.34783364599997, -38.696952111999963 ], [ -73.312933982999937, -38.694717431999948 ], [ -73.271453849999943, -38.701676938999981 ], [ -73.26685972699994, -38.71542762699994 ], [ -73.242776578999951, -38.725624294999932 ], [ -73.263086389999955, -38.781876373999978 ], [ -73.248815343999979, -38.786400344999947 ], [ -73.246111713999937, -38.799051543999951 ], [ -73.22177327299994, -38.800207065999984 ], [ -73.225308354999981, -38.810825951999959 ], [ -73.172265520999986, -38.822524844999975 ], [ -73.178085566999982, -38.828206936999948 ], [ -73.175003053999944, -38.830982232999929 ], [ -73.17826864999995, -38.835503217999985 ], [ -73.17270369199997, -38.838007992999962 ], [ -73.177397621999944, -38.853482443999951 ], [ -73.194796031999942, -38.858993740999949 ], [ -73.18558730899997, -38.87012227699995 ], [ -73.184624332999988, -38.900974235999968 ], [ -73.177081707999946, -38.894667918999971 ], [ -73.168395253999961, -38.901298432999965 ], [ -73.154921759999979, -38.894837971999948 ], [ -73.13652611599997, -38.896671936999951 ], [ -73.131847920999974, -38.891899223999985 ], [ -73.095290828999964, -38.902017340999976 ], [ -73.103165695999962, -38.862826283999937 ], [ -73.099156782999955, -38.854703226999959 ], [ -73.092845780999937, -38.855617222999967 ], [ -73.086558882999952, -38.848265930999958 ], [ -73.088858001999938, -38.842661964999934 ], [ -73.098400451999964, -38.840581435999979 ], [ -73.100832112999967, -38.821485808999967 ], [ -73.09730424299994, -38.812041366999949 ], [ -73.075392103999945, -38.805066008999972 ], [ -73.076417625999966, -38.783459942999968 ], [ -73.069061351999949, -38.77874049299993 ], [ -73.064263848999985, -38.766325174999963 ], [ -73.067437059999975, -38.75660886199995 ], [ -73.078411418999963, -38.746674177999978 ], [ -73.081319982999958, -38.733089374999963 ], [ -73.096137590999945, -38.714891275999946 ], [ -73.079915017999951, -38.717212825999979 ], [ -73.070806129999937, -38.704089868999972 ], [ -73.078171761999954, -38.685769695999966 ], [ -73.101244486999974, -38.665857982999967 ], [ -73.094005157999959, -38.643806753999968 ], [ -73.103774617999989, -38.615668819999939 ], [ -73.100326477999943, -38.607611773999963 ], [ -73.122608395999976, -38.597046167999963 ], [ -73.12029814999994, -38.585977268999955 ], [ -73.126739370999985, -38.576310815999932 ], [ -73.125934520999976, -38.56862044099995 ], [ -73.098536942999942, -38.558685618999959 ], [ -73.094978732999948, -38.530930395999974 ], [ -73.099179490999973, -38.518927843999961 ], [ -73.086785620999933, -38.517178112999943 ], [ -73.065751500999966, -38.523732286999973 ], [ -73.051151924999942, -38.517660421999949 ], [ -73.055017112999963, -38.509751724999944 ], [ -73.049338175999935, -38.497725964999972 ], [ -73.062286386999972, -38.488553555999943 ], [ -73.058926336999946, -38.477533118999929 ] ] ] } },
{ "type": "Feature", "properties": { "comuna_id": "31580391B12986260037653", "comuna": "Toltén", "region": "Región de La Araucanía" }, "geometry": { "type": "Polygon", "coordinates": [ [ [ -72.996910700999933, -39.020203298999945 ], [ -73.044423335999966, -39.021353745999932 ], [ -73.07317558699998, -39.008825718999958 ], [ -73.078174667999974, -39.010471500999984 ], [ -73.10348894699996, -39.026184559999933 ], [ -73.110167214999933, -39.041054541999983 ], [ -73.122769911999967, -39.043985210999949 ], [ -73.120273502999964, -39.057290593999937 ], [ -73.138869306999936, -39.071413191999966 ], [ -73.142147704999957, -39.082948325999951 ], [ -73.162582755999949, -39.08894378399998 ], [ -73.180638285999976, -39.107698198999969 ], [ -73.183799917999977, -39.123855619999972 ], [ -73.161552190999942, -39.147438343999966 ], [ -73.168715927999983, -39.157179562999943 ], [ -73.168175109999936, -39.166297908999979 ], [ -73.181730997999978, -39.189228661999948 ], [ -73.20554194999994, -39.190264022999941 ], [ -73.212725764999959, -39.204436594999947 ], [ -73.22785265999994, -39.203796967999949 ], [ -73.233568274999982, -39.209481215999972 ], [ -73.215579214999934, -39.232778140999983 ], [ -73.22523141299996, -39.25599176999998 ], [ -73.221872609999934, -39.294171636999977 ], [ -73.232372670999951, -39.306542190999949 ], [ -73.220730997999965, -39.317945434999956 ], [ -73.207004793999943, -39.353745403999937 ], [ -73.204538692999961, -39.375736435999954 ], [ -73.222449673999961, -39.394237098999952 ], [ -73.233703698999989, -39.382848103999947 ], [ -73.24272326199997, -39.390273562999937 ], [ -73.22616273899996, -39.393182826999976 ], [ -73.201760213999989, -39.413096009999947 ], [ -73.179353686999946, -39.410820662999981 ], [ -73.17121634199998, -39.417864910999981 ], [ -73.159966821999944, -39.415900098999941 ], [ -73.145319551999933, -39.409786415999974 ], [ -73.132924536999951, -39.393335799999932 ], [ -73.099590783999986, -39.394733722999945 ], [ -73.086439690999953, -39.388730535999969 ], [ -73.071522266999978, -39.360798730999932 ], [ -73.062752169999953, -39.357865991999972 ], [ -73.04636943099996, -39.337394899999936 ], [ -73.03371961199997, -39.337061106999954 ], [ -73.027723533999961, -39.324243026999966 ], [ -73.031243012999937, -39.311667247999935 ], [ -73.023468894999951, -39.297997633999955 ], [ -73.011744670999974, -39.297010542999942 ], [ -73.005664705999948, -39.291650834999984 ], [ -72.990481881999983, -39.299846466999952 ], [ -72.977900166999973, -39.300454718999958 ], [ -72.95649569699998, -39.31634289699997 ], [ -72.946062903999973, -39.317266871999948 ], [ -72.919653333999975, -39.302234701999964 ], [ -72.908011175999945, -39.289426448999961 ], [ -72.86433216599994, -39.284698725999931 ], [ -72.858670951999954, -39.263578133999943 ], [ -72.852023130999953, -39.259878461999961 ], [ -72.854548521999959, -39.246969665999984 ], [ -72.861135436999973, -39.23998897599995 ], [ -72.864226615999939, -39.216636060999974 ], [ -72.887202007999974, -39.205596679999985 ], [ -72.877073784999936, -39.188524475999941 ], [ -72.886856804999979, -39.182970132999969 ], [ -72.894318134999935, -39.170667539999954 ], [ -72.910842454999965, -39.162924087999954 ], [ -72.923144255999944, -39.145952222999938 ], [ -72.942577773999972, -39.149780887999952 ], [ -72.969980648999979, -39.139353270999948 ], [ -72.975168407999945, -39.123319031999984 ], [ -72.987680198999954, -39.109939611999948 ], [ -72.983661978999976, -39.096723071999975 ], [ -72.987242962999971, -39.074560211999938 ], [ -72.978625156999954, -39.06683234999997 ], [ -72.977458785999943, -39.05463640399995 ], [ -72.984891195999978, -39.042029551999974 ], [ -72.976072354999985, -39.03236504299997 ], [ -72.979309753999985, -39.024630189999982 ], [ -72.987270477999971, -39.026794253999981 ], [ -72.996910700999933, -39.020203298999945 ] ] ] } },
{ "type": "Feature", "properties": { "comuna_id": "31580391B41893823803004", "comuna": "Loncoche", "region": "Región de La Araucanía" }, "geometry": { "type": "Polygon", "coordinates": [ [ [ -72.407723461999979, -39.214862794999931 ], [ -72.414137116999939, -39.231842876999963 ], [ -72.435525860999974, -39.226462269999956 ], [ -72.442742625999983, -39.243694661999939 ], [ -72.452805306999949, -39.241394406999973 ], [ -72.458576237999978, -39.258406505999972 ], [ -72.55790862899994, -39.234944535999944 ], [ -72.55554204699996, -39.238905593999959 ], [ -72.561842528999989, -39.239027632999978 ], [ -72.562673017999941, -39.246787998999935 ], [ -72.552907439999956, -39.251171595999949 ], [ -72.552794300999949, -39.265339346999951 ], [ -72.538657840999974, -39.277091083999949 ], [ -72.675459442999966, -39.244606493999981 ], [ -72.672266844999967, -39.252454497999963 ], [ -72.680596331999936, -39.250164044999963 ], [ -72.681358793999948, -39.254449309999984 ], [ -72.691900779999969, -39.256830581999964 ], [ -72.709973970999954, -39.252480150999929 ], [ -72.724723735999987, -39.265309823999985 ], [ -72.731905157999961, -39.263984373999961 ], [ -72.733557480999934, -39.268834434999974 ], [ -72.836356329999944, -39.25113117899997 ], [ -72.852911349999943, -39.290250107999952 ], [ -72.845380150999972, -39.295037105999938 ], [ -72.843084068999985, -39.306907133999971 ], [ -72.833530053999937, -39.310830498999962 ], [ -72.833578941999974, -39.315830128999949 ], [ -72.846469079999963, -39.332423597999934 ], [ -72.858237475999942, -39.334896187999959 ], [ -72.861373216999937, -39.34648526899997 ], [ -72.857053187999952, -39.356637617999979 ], [ -72.874840849999941, -39.371583555999962 ], [ -72.900213206999979, -39.381240928999944 ], [ -72.897256571999947, -39.432085908999966 ], [ -72.885318336999944, -39.42432406599994 ], [ -72.883505810999964, -39.412202795999974 ], [ -72.869095125999934, -39.41464801099994 ], [ -72.869274849999954, -39.398744669999985 ], [ -72.857496630999947, -39.397278576999952 ], [ -72.839264626999977, -39.413734398999964 ], [ -72.793218819999936, -39.404981145999955 ], [ -72.790736735999985, -39.416394096999966 ], [ -72.782471127999941, -39.422226649999971 ], [ -72.788175695999939, -39.424255829999936 ], [ -72.789486676999957, -39.432357585999966 ], [ -72.772819826999978, -39.427692148999938 ], [ -72.771279882999977, -39.432582711999942 ], [ -72.764706377999971, -39.431788648999941 ], [ -72.755208141999958, -39.43867157699998 ], [ -72.751344942999935, -39.435270830999968 ], [ -72.740342501999976, -39.441725447999943 ], [ -72.735421688999963, -39.437434870999937 ], [ -72.740393086999973, -39.435618339999962 ], [ -72.722064744999955, -39.426022071999967 ], [ -72.688684862999935, -39.432934796999973 ], [ -72.678476146999969, -39.440224210999929 ], [ -72.674507613999936, -39.451877170999978 ], [ -72.657956723999973, -39.460258119999935 ], [ -72.64269182399994, -39.457364308999956 ], [ -72.620564790999936, -39.444677166999952 ], [ -72.591920827999957, -39.450060236999946 ], [ -72.532362239999941, -39.433713264999938 ], [ -72.522076556999934, -39.47201985199996 ], [ -72.517097929999977, -39.47704848799998 ], [ -72.505664647999936, -39.47170028499994 ], [ -72.47408795399997, -39.479542569999978 ], [ -72.44785298499994, -39.479408702999933 ], [ -72.439908267999954, -39.47489180599996 ], [ -72.425790245999963, -39.481514174999973 ], [ -72.417410939999968, -39.480180085999962 ], [ -72.379606482999975, -39.504575055999965 ], [ -72.322378945999958, -39.508591276999937 ], [ -72.299607756999933, -39.49699781399994 ], [ -72.342255310999974, -39.477833139999973 ], [ -72.342575368999974, -39.469429199999979 ], [ -72.354700081999965, -39.460573383999929 ], [ -72.344456165999986, -39.450059578999969 ], [ -72.345955963999984, -39.441323970999974 ], [ -72.338440724999941, -39.421364848999929 ], [ -72.347061348999944, -39.42140773899996 ], [ -72.339625536999961, -39.399092906999954 ], [ -72.345197962999976, -39.394667870999967 ], [ -72.366282200999933, -39.393144804999963 ], [ -72.366793122999979, -39.38844146799994 ], [ -72.376263182999935, -39.386108496999952 ], [ -72.376915275999977, -39.376707985999985 ], [ -72.382663998999988, -39.372136091999948 ], [ -72.409608595999941, -39.372204565999937 ], [ -72.436800354999946, -39.36316622399994 ], [ -72.390316304999942, -39.358185517999971 ], [ -72.385814922999941, -39.350421362999953 ], [ -72.374063074999981, -39.351163949999943 ], [ -72.347892464999973, -39.336936125999955 ], [ -72.353312998999968, -39.33014116399994 ], [ -72.348307739999939, -39.308054113999958 ], [ -72.351009710999961, -39.300089980999985 ], [ -72.372773070999983, -39.293839964999961 ], [ -72.384349875999987, -39.282752864999964 ], [ -72.38805466599996, -39.287036340999975 ], [ -72.387993626999958, -39.276571066999963 ], [ -72.393509299999948, -39.269055382999966 ], [ -72.360579124999958, -39.264393798999947 ], [ -72.346867072999942, -39.229241481999964 ], [ -72.407723461999979, -39.214862794999931 ] ] ] } },
{ "type": "Feature", "properties": { "comuna_id": "31580391B50356741266789", "comuna": "Curarrehue", "region": "Región de La Araucanía" }, "geometry": { "type": "Polygon", "coordinates": [ [ [ -71.543592081999975, -39.063949639999976 ], [ -71.52132243799997, -39.07626999799993 ], [ -71.524246771999969, -39.089149310999971 ], [ -71.52054977399996, -39.099140843999976 ], [ -71.529247220999935, -39.110710150999978 ], [ -71.524665871999957, -39.117889097999978 ], [ -71.535839651999936, -39.129325921999964 ], [ -71.534807709999939, -39.138148017999981 ], [ -71.543359775999988, -39.144180723999966 ], [ -71.547212396999953, -39.16073900899994 ], [ -71.525372493999953, -39.184086770999954 ], [ -71.510145248999947, -39.178895962999945 ], [ -71.503447421999965, -39.185228123999934 ], [ -71.506376809999949, -39.194443336999939 ], [ -71.502168385999937, -39.196787534999942 ], [ -71.515515965999953, -39.20437992199993 ], [ -71.517936551999981, -39.227496992999932 ], [ -71.539108523999971, -39.229734493999956 ], [ -71.560435322999979, -39.242555023999955 ], [ -71.574409143999958, -39.239769229999979 ], [ -71.620434700999965, -39.247978083999953 ], [ -71.619559383999956, -39.258109441999977 ], [ -71.630948383999964, -39.263600534999966 ], [ -71.639741328999946, -39.260643066999933 ], [ -71.646033657999965, -39.272340421999957 ], [ -71.627595339999971, -39.287852267999938 ], [ -71.62998676999996, -39.310156763999942 ], [ -71.616357408999988, -39.31766631399995 ], [ -71.614995954999983, -39.328125467999939 ], [ -71.618889776999936, -39.327243320999969 ], [ -71.635598183999946, -39.346275686999945 ], [ -71.633496278999985, -39.350386347999972 ], [ -71.65355823699997, -39.35682542099994 ], [ -71.658318307999934, -39.352158627999984 ], [ -71.661179752999942, -39.355857471999968 ], [ -71.693147621999969, -39.351398493999966 ], [ -71.706371312999977, -39.34274463099996 ], [ -71.731316599999957, -39.343648490999954 ], [ -71.726135387999989, -39.339384182999936 ], [ -71.744286830999954, -39.334213156999965 ], [ -71.715594052999961, -39.365486521999969 ], [ -71.742503180999961, -39.36782633699994 ], [ -71.746024306999971, -39.375229618999981 ], [ -71.742659856999978, -39.39303426999993 ], [ -71.729901524999946, -39.396719279999957 ], [ -71.738911593999944, -39.412644043999933 ], [ -71.730027211999982, -39.414902877999964 ], [ -71.726976756999989, -39.427297492999969 ], [ -71.714417923999974, -39.438675006999972 ], [ -71.710440458999983, -39.451043161999962 ], [ -71.713481077999973, -39.472328786999981 ], [ -71.725826917999939, -39.483695329999932 ], [ -71.71530977599997, -39.497807634999958 ], [ -71.702121585999976, -39.504293396999969 ], [ -71.708088588999942, -39.534132930999931 ], [ -71.695649088999971, -39.551244800999939 ], [ -71.69605267299994, -39.563082875999953 ], [ -71.67339222399994, -39.563842763999958 ], [ -71.655481119999934, -39.587699835999956 ], [ -71.634978205999971, -39.585905125999943 ], [ -71.62364721199998, -39.59246767999997 ], [ -71.61105334299998, -39.613714602999949 ], [ -71.613967564999939, -39.624438117999944 ], [ -71.608368670999937, -39.628469324999969 ], [ -71.575289275999978, -39.635791048999977 ], [ -71.543212525999934, -39.623587255999951 ], [ -71.522817146999955, -39.626512822999985 ], [ -71.502608468999938, -39.637136548999933 ], [ -71.49650679399997, -39.618536288999962 ], [ -71.48062151299996, -39.609136228999944 ], [ -71.468223816999966, -39.587572534999936 ], [ -71.461065273999964, -39.583379225999977 ], [ -71.474680116999934, -39.573220403999983 ], [ -71.474242315999959, -39.56375062099994 ], [ -71.467276188999961, -39.557178132999979 ], [ -71.478997326999945, -39.550124573999938 ], [ -71.504849393999962, -39.558366181999929 ], [ -71.510872267999957, -39.547315217999937 ], [ -71.533632738999984, -39.53510541199995 ], [ -71.534199089999959, -39.527238993999958 ], [ -71.529699394999966, -39.518133539999951 ], [ -71.517755356999942, -39.510963322999942 ], [ -71.51696611899996, -39.50315782499996 ], [ -71.473111604999986, -39.492039406999936 ], [ -71.463082107999981, -39.471166751999931 ], [ -71.462652040999956, -39.45545354099994 ], [ -71.447722686999953, -39.450703386999976 ], [ -71.451179746999969, -39.424341154999979 ], [ -71.461286246999975, -39.423236981999935 ], [ -71.463972980999984, -39.416748405999954 ], [ -71.445995198999981, -39.409472086999983 ], [ -71.443947914999967, -39.402658475999942 ], [ -71.454889624999964, -39.390012855999942 ], [ -71.457519761999947, -39.371624984999983 ], [ -71.441481125999985, -39.368459874999985 ], [ -71.43310258799994, -39.372249232999934 ], [ -71.409602100999962, -39.351629146999983 ], [ -71.399449728999969, -39.349710074999962 ], [ -71.394546989999981, -39.339526164999938 ], [ -71.394597893999958, -39.322946529999967 ], [ -71.385365584999988, -39.318520732999957 ], [ -71.395151836999958, -39.302627664999932 ], [ -71.388879086999964, -39.288855197999965 ], [ -71.37365553799998, -39.282449240999938 ], [ -71.375202300999945, -39.268868932999965 ], [ -71.38844295499996, -39.265702677999968 ], [ -71.391293951999955, -39.258768850999957 ], [ -71.391923227999939, -39.249859925999942 ], [ -71.381909767999957, -39.237176237999961 ], [ -71.391823654999939, -39.216584218999969 ], [ -71.38219606399997, -39.216552733999947 ], [ -71.382192316999976, -39.209931505999975 ], [ -71.398569384999973, -39.186094542999967 ], [ -71.396413143999951, -39.175326932999951 ], [ -71.400981729999955, -39.166410478999978 ], [ -71.411718047999955, -39.163877212999978 ], [ -71.421198834999984, -39.151170448999949 ], [ -71.411383558999944, -39.141146970999955 ], [ -71.419684308999933, -39.125471081999933 ], [ -71.40732552999998, -39.097065108999971 ], [ -71.418054469999959, -39.070230208999931 ], [ -71.40754216199997, -39.052211456999942 ], [ -71.397165848999975, -39.04601252599997 ], [ -71.40148378799995, -39.037081462999936 ], [ -71.421524839999961, -39.025552349999941 ], [ -71.413938152999947, -39.008086732999971 ], [ -71.426224876999981, -39.002307500999962 ], [ -71.427291687999968, -38.992772521999939 ], [ -71.444546658999968, -38.97462464299997 ], [ -71.470314608999956, -38.971288833999949 ], [ -71.49053282999995, -38.974809411999956 ], [ -71.502518759999987, -38.986954088999937 ], [ -71.522858559999975, -38.991750151999952 ], [ -71.532439689999933, -39.001168827999948 ], [ -71.560258416999943, -39.002737018999937 ], [ -71.563749794999978, -39.008527835999985 ], [ -71.556954588999986, -39.021188190999965 ], [ -71.563422137999964, -39.029960654999968 ], [ -71.554034797999975, -39.037118349999957 ], [ -71.554049117999966, -39.042472827999973 ], [ -71.54530260599995, -39.045628093999937 ], [ -71.538995960999955, -39.058140204999972 ], [ -71.543592081999975, -39.063949639999976 ] ] ] } },
{ "type": "Feature", "properties": { "comuna_id": "31580391B60150034187879", "comuna": "Saavedra", "region": "Región de La Araucanía" }, "geometry": { "type": "Polygon", "coordinates": [ [ [ -73.182385892999946, -38.933933406999984 ], [ -73.18558730899997, -38.87012227699995 ], [ -73.194796031999942, -38.858993740999949 ], [ -73.177397621999944, -38.853482443999951 ], [ -73.17270369199997, -38.838007992999962 ], [ -73.17826864999995, -38.835503217999985 ], [ -73.175003053999944, -38.830982232999929 ], [ -73.178085566999982, -38.828206936999948 ], [ -73.172265520999986, -38.822524844999975 ], [ -73.225308354999981, -38.810825951999959 ], [ -73.22177327299994, -38.800207065999984 ], [ -73.246111713999937, -38.799051543999951 ], [ -73.248815343999979, -38.786400344999947 ], [ -73.263086389999955, -38.781876373999978 ], [ -73.242776578999951, -38.725624294999932 ], [ -73.26685972699994, -38.71542762699994 ], [ -73.270745400999942, -38.702036494999959 ], [ -73.312933982999937, -38.694717431999948 ], [ -73.34783364599997, -38.696952111999963 ], [ -73.357989397999972, -38.705582235999941 ], [ -73.352610591999962, -38.734273811999969 ], [ -73.361699500999975, -38.751575836999962 ], [ -73.381814104999989, -38.75401951799995 ], [ -73.402475700999958, -38.747723201999975 ], [ -73.417274956999961, -38.749722951999956 ], [ -73.423377921999986, -38.755085502999975 ], [ -73.427785090999976, -38.763101931999984 ], [ -73.416670795999948, -38.781505422999942 ], [ -73.407940270999973, -38.78720108899995 ], [ -73.41189124999994, -38.793400958999939 ], [ -73.377163523999968, -38.874321463999934 ], [ -73.330404372999965, -38.966489169999932 ], [ -73.324696392999954, -38.96636407099993 ], [ -73.327833778999945, -38.953211406999969 ], [ -73.30992871899997, -38.948794372999942 ], [ -73.288119729999949, -38.928214641999944 ], [ -73.25855390199996, -38.937728408999931 ], [ -73.249322753999934, -38.948914330999969 ], [ -73.221110495999937, -38.960842430999946 ], [ -73.209201958999984, -38.959066782999969 ], [ -73.182385892999946, -38.933933406999984 ] ] ] } },
{ "type": "Feature", "properties": { "comuna_id": "31580391B4653700532196", "comuna": "Tirúa", "region": "Región del Bío-Bío" }, "geometry": { "type": "Polygon", "coordinates": [ [ [ -73.277117858999986, -38.297359234999931 ], [ -73.285517307999953, -38.292922336999936 ], [ -73.27250003499995, -38.278682390999961 ], [ -73.261138039999935, -38.273648397999978 ], [ -73.253901817999974, -38.253819175999979 ], [ -73.232937332999938, -38.243335755999965 ], [ -73.242535158999942, -38.237449573999982 ], [ -73.251444030999949, -38.215868678999982 ], [ -73.278462222999963, -38.202920339999935 ], [ -73.293850148999979, -38.201453238999932 ], [ -73.325330039999983, -38.169177302999969 ], [ -73.317107796999949, -38.140079098999934 ], [ -73.327535355999942, -38.116933594999978 ], [ -73.354131303999964, -38.117948031999958 ], [ -73.377104825999936, -38.128708275999941 ], [ -73.389405519999968, -38.117308302999959 ], [ -73.414400585999942, -38.113224078999963 ], [ -73.420722158999979, -38.124914685999954 ], [ -73.426797654999973, -38.127723432999971 ], [ -73.434094530999971, -38.122113566999928 ], [ -73.441509102999987, -38.13095844299994 ], [ -73.446690930999978, -38.128723949999937 ], [ -73.446987927999942, -38.114707368999973 ], [ -73.452127902999962, -38.116344395999931 ], [ -73.45986874099998, -38.202247389999968 ], [ -73.467391194999948, -38.229348247999951 ], [ -73.478901704999942, -38.243933961999971 ], [ -73.489506697999957, -38.248509977999959 ], [ -73.490987237999946, -38.242138154999964 ], [ -73.493513374999964, -38.242882770999984 ], [ -73.514083466999978, -38.260880898999972 ], [ -73.51324436699997, -38.287089636999951 ], [ -73.494839959999979, -38.326807026999973 ], [ -73.499041826999985, -38.338433577999979 ], [ -73.509623369999986, -38.34648485799994 ], [ -73.507437957999969, -38.36783918499998 ], [ -73.529543838999984, -38.387282941999956 ], [ -73.522560293999959, -38.420367993999946 ], [ -73.527474884999947, -38.425991723999971 ], [ -73.521310593999942, -38.44483960499997 ], [ -73.525817708999966, -38.458178054999962 ], [ -73.517264330999978, -38.481180267999946 ], [ -73.503464570999938, -38.484271793999937 ], [ -73.494289776999949, -38.472148918999949 ], [ -73.473796951999987, -38.473077914999976 ], [ -73.469493659999955, -38.456101666999984 ], [ -73.437953257999936, -38.449463824999953 ], [ -73.43077485799995, -38.431348712999977 ], [ -73.421414979999952, -38.430353026999967 ], [ -73.417233899999985, -38.421013412999969 ], [ -73.389546967999934, -38.409960980999983 ], [ -73.382583491999981, -38.398680189999936 ], [ -73.378587553999978, -38.403674276999936 ], [ -73.365232176999939, -38.403463120999959 ], [ -73.348646391999978, -38.411561512999981 ], [ -73.335257640999941, -38.428139555999962 ], [ -73.320380012999976, -38.437592737999978 ], [ -73.314018373999943, -38.457376245999967 ], [ -73.322943530999964, -38.467025320999937 ], [ -73.321372814999961, -38.482362554999952 ], [ -73.306788440999981, -38.49229883199996 ], [ -73.274616592999962, -38.49005150499994 ], [ -73.274599027999955, -38.468517834999943 ], [ -73.283504151999978, -38.464470303999974 ], [ -73.288386580999941, -38.45092920299993 ], [ -73.272194204999948, -38.435406468999929 ], [ -73.279668164999975, -38.433892679999929 ], [ -73.286677860999987, -38.424878624999963 ], [ -73.299695478999979, -38.422919103999959 ], [ -73.300098269999978, -38.416874342999961 ], [ -73.308869283999968, -38.412103506999983 ], [ -73.310071866999976, -38.405218415999968 ], [ -73.300975831999949, -38.384330103999957 ], [ -73.309080052999946, -38.380784247999941 ], [ -73.307920776999936, -38.374712125999963 ], [ -73.341130323999948, -38.365927883999973 ], [ -73.323567138999977, -38.336268648999976 ], [ -73.277117858999986, -38.297359234999931 ] ] ] } },
{ "type": "Feature", "properties": { "comuna_id": "31580391B60486476389484", "comuna": "Hualpén", "region": "Región del Bío-Bío" }, "geometry": { "type": "Polygon", "coordinates": [ [ [ -73.06640364499998, -36.795549663999964 ], [ -73.074309552999978, -36.785113219999971 ], [ -73.152026762999981, -36.762419975999933 ], [ -73.173748201999956, -36.766191952999975 ], [ -73.176983729999961, -36.754547292999973 ], [ -73.184987477999982, -36.75300982899995 ], [ -73.189274348999959, -36.746287268999936 ], [ -73.19497346299994, -36.750560193999945 ], [ -73.189535532999969, -36.754013856999961 ], [ -73.199475887999938, -36.758547774999954 ], [ -73.195451121999952, -36.761404076999952 ], [ -73.216893353999978, -36.774079532999963 ], [ -73.213832887999956, -36.779811003999953 ], [ -73.221055310999986, -36.785723796999946 ], [ -73.192995599999961, -36.781231706999961 ], [ -73.194867277999947, -36.786128173999941 ], [ -73.188619998999968, -36.785230974999934 ], [ -73.188120332999972, -36.790599902999929 ], [ -73.178799334999951, -36.796802969999931 ], [ -73.180311758999949, -36.80386267199998 ], [ -73.173568214999989, -36.808485337999969 ], [ -73.174776831999964, -36.813724021999974 ], [ -73.16014839199994, -36.810737137999979 ], [ -73.090594988999953, -36.821629190999943 ], [ -73.06640364499998, -36.795549663999964 ] ] ] } },
{ "type": "Feature", "properties": { "comuna_id": "31580391B46581821310744", "comuna": "Talcahuano", "region": "Región del Bío-Bío" }, "geometry": { "type": "MultiPolygon", "coordinates": [ [ [ [ -73.135818276999942, -36.672291362999943 ], [ -73.137406642999963, -36.671526021999966 ], [ -73.137870669999984, -36.672209186999964 ], [ -73.136467289999985, -36.672688371999982 ], [ -73.135818276999942, -36.672291362999943 ] ] ], [ [ [ -73.042829336999944, -36.773632599999985 ], [ -73.047409659999971, -36.762651388999984 ], [ -73.036588473999984, -36.757028703999936 ], [ -73.03333668099998, -36.746718064999982 ], [ -73.009681522999983, -36.738629619999983 ], [ -73.090569810999966, -36.728724923999948 ], [ -73.107333606999987, -36.721114041999954 ], [ -73.108129958999939, -36.710369187999959 ], [ -73.112407208999969, -36.712394521999954 ], [ -73.113469692999956, -36.70651574599998 ], [ -73.10958175899998, -36.700259541999969 ], [ -73.104076375999966, -36.701751586999933 ], [ -73.10822408699994, -36.699854608999942 ], [ -73.103256782999949, -36.692129239999929 ], [ -73.10179676499996, -36.696827437999957 ], [ -73.095063459999949, -36.693904008999937 ], [ -73.103850228999988, -36.686591752999959 ], [ -73.097510501999977, -36.674145280999937 ], [ -73.097915226999987, -36.652326804999973 ], [ -73.090427726999962, -36.630002146999971 ], [ -73.100734827999986, -36.617555644999982 ], [ -73.11843539299997, -36.614929039999936 ], [ -73.119478452999942, -36.629904826999962 ], [ -73.133537366999974, -36.642531743999939 ], [ -73.125341842999944, -36.654138585999931 ], [ -73.127941085999964, -36.66061938699994 ], [ -73.134607883999934, -36.660780003999946 ], [ -73.130427845999975, -36.664505811999959 ], [ -73.132839175999948, -36.672856847999981 ], [ -73.138927053999964, -36.674722222999947 ], [ -73.134579178999957, -36.678461793999929 ], [ -73.140214439999966, -36.681271605999939 ], [ -73.137312178999935, -36.688427770999965 ], [ -73.144485909999958, -36.690317103999973 ], [ -73.136943296999959, -36.693557092999981 ], [ -73.148701521999953, -36.697284672999956 ], [ -73.162603, -36.712309350999931 ], [ -73.156908050999959, -36.710792623999964 ], [ -73.155723458999944, -36.719820433999985 ], [ -73.144868875999975, -36.722601550999968 ], [ -73.146417412999938, -36.733625046999975 ], [ -73.131512215999976, -36.724984913999947 ], [ -73.127001051999969, -36.731142300999977 ], [ -73.127981201999944, -36.740375694999955 ], [ -73.132649050999987, -36.739797259999932 ], [ -73.128386444999933, -36.741235714999959 ], [ -73.13194387599998, -36.748177363999957 ], [ -73.151780495999958, -36.762714444999972 ], [ -73.074309552999978, -36.785113219999971 ], [ -73.06640364499998, -36.795549663999964 ], [ -73.056874377999975, -36.777786916999958 ], [ -73.042829336999944, -36.773632599999985 ] ] ], [ [ [ -73.049085245999947, -36.604008724999971 ], [ -73.054125893999981, -36.611036080999952 ], [ -73.058256381999968, -36.608165122999935 ], [ -73.068247442999962, -36.622686087999966 ], [ -73.06918830799998, -36.631448940999974 ], [ -73.06453849899998, -36.635177190999968 ], [ -73.071347352999965, -36.647874971999954 ], [ -73.055268551999973, -36.643039079999937 ], [ -73.058820180999987, -36.633583332999933 ], [ -73.051321992999988, -36.628652126999953 ], [ -73.049085245999947, -36.604008724999971 ] ] ] ] } },
{ "type": "Feature", "properties": { "comuna_id": "31580391B50287550687647", "comuna": "Penco", "region": "Región del Bío-Bío" }, "geometry": { "type": "Polygon", "coordinates": [ [ [ -73.047409659999971, -36.762651388999984 ], [ -73.036588826999946, -36.779055267999979 ], [ -73.026933368999948, -36.775907221999944 ], [ -73.029179271999965, -36.786064351999983 ], [ -73.022999064999965, -36.786904489999984 ], [ -72.997172681999984, -36.774650265999981 ], [ -72.999541339999951, -36.78195280999995 ], [ -72.982035846999963, -36.772852589999957 ], [ -72.967464126999971, -36.772259213999973 ], [ -72.96378023799997, -36.767175338999948 ], [ -72.954735373999938, -36.77154232099997 ], [ -72.943419320999965, -36.763830737999967 ], [ -72.907171392999942, -36.797988905999944 ], [ -72.894372661999967, -36.790980428999944 ], [ -72.863710812999955, -36.794516590999933 ], [ -72.870861744999956, -36.775359702999936 ], [ -72.856669112999953, -36.749481774999936 ], [ -72.866143550999936, -36.74886803499993 ], [ -72.876734670999952, -36.738952645999973 ], [ -72.876533246999941, -36.725610658999983 ], [ -72.893007416999978, -36.706516411999985 ], [ -72.911467957999946, -36.720406612999966 ], [ -72.925323957999979, -36.712748966999982 ], [ -72.92294020099996, -36.708872277999944 ], [ -72.93212594299996, -36.700334525999949 ], [ -72.925174443999936, -36.699812469999983 ], [ -72.926524884999935, -36.694513745999984 ], [ -72.935046754999973, -36.700096840999947 ], [ -72.938860842999986, -36.694847927999945 ], [ -72.94617429799996, -36.699610909999933 ], [ -72.969728636999946, -36.69567769899993 ], [ -72.974030306999964, -36.690077931999951 ], [ -72.977525789999959, -36.710257607999949 ], [ -72.981450658999961, -36.712210482999978 ], [ -72.983817643999942, -36.70745179499994 ], [ -72.981564419999984, -36.71227837899994 ], [ -72.986510205999934, -36.713272745999973 ], [ -72.990102751999984, -36.706509338999979 ], [ -72.984661025999969, -36.719108056999971 ], [ -72.991994597999962, -36.724014643999965 ], [ -72.992016370999977, -36.732657424999957 ], [ -73.032364593999944, -36.745791405999967 ], [ -73.036588473999984, -36.757028703999936 ], [ -73.047409659999971, -36.762651388999984 ] ] ] } },
{ "type": "Feature", "properties": { "comuna_id": "31580391B81077277473147", "comuna": "San Carlos", "region": "Región de Ñuble" }, "geometry": { "type": "Polygon", "coordinates": [ [ [ -71.858472285999937, -36.516890972999931 ], [ -71.827741166999942, -36.505829105999965 ], [ -71.819821784999988, -36.507382414999938 ], [ -71.811681290999957, -36.498486480999929 ], [ -71.799659977999966, -36.49783047699998 ], [ -71.786970918999941, -36.49047956499993 ], [ -71.783326519999946, -36.480081723999945 ], [ -71.766570510999941, -36.479771422999931 ], [ -71.748553121999976, -36.485623204999968 ], [ -71.696325165999951, -36.483519411999964 ], [ -71.697900838999942, -36.490906184999972 ], [ -71.685221741999953, -36.494654895999929 ], [ -71.684884804999967, -36.517771237999966 ], [ -71.681010528999934, -36.523028201999978 ], [ -71.666065096999944, -36.493215453999937 ], [ -71.672922749999941, -36.487914788999944 ], [ -71.671243452999988, -36.472406257999978 ], [ -71.676634515999979, -36.469279802999949 ], [ -71.675020986999982, -36.464250152999966 ], [ -71.683954834999952, -36.461692081999956 ], [ -71.67568565199997, -36.446178557999929 ], [ -71.725899457999958, -36.418256038999971 ], [ -71.755200342999956, -36.421638279999968 ], [ -71.771731554999974, -36.414508721999937 ], [ -71.781674058999954, -36.410096273999955 ], [ -71.793312684999933, -36.394960705999949 ], [ -71.804535516999977, -36.407946992999939 ], [ -71.811484324999981, -36.406479614999967 ], [ -71.820691007999983, -36.416927744999953 ], [ -71.847598712999968, -36.408947152999929 ], [ -71.874499834999938, -36.389530406999938 ], [ -71.908637339999984, -36.339634435999983 ], [ -71.952071184999966, -36.297404563999976 ], [ -71.980755604999956, -36.299948462999964 ], [ -72.003471238999964, -36.290235884999959 ], [ -72.054068502999939, -36.29232424199995 ], [ -72.111419292999983, -36.283480104999967 ], [ -72.115180426999984, -36.275824763999935 ], [ -72.134909180999955, -36.26732401199996 ], [ -72.13797554699994, -36.246565781999948 ], [ -72.15276350299996, -36.24754797099996 ], [ -72.15428581599997, -36.235312165999972 ], [ -72.183320139999978, -36.228257110999948 ], [ -72.190957812999955, -36.21970302099993 ], [ -72.211115159999963, -36.215288849999979 ], [ -72.210898314999952, -36.210935140999936 ], [ -72.22353598899997, -36.215280082999982 ], [ -72.220471389999943, -36.207925658999955 ], [ -72.238087552999957, -36.207161633999931 ], [ -72.271600611999986, -36.256545667999944 ], [ -72.300613242999987, -36.28967197999998 ], [ -72.319629277999979, -36.279983842999968 ], [ -72.316632626999933, -36.301703570999962 ], [ -72.334312907999958, -36.336034687999984 ], [ -72.333436652999978, -36.343761143999984 ], [ -72.318291218999946, -36.35822890299994 ], [ -72.249452339999948, -36.350210530999959 ], [ -72.239520144999972, -36.352802093999969 ], [ -72.231059918999961, -36.365240918999973 ], [ -72.217579096999941, -36.362413233999973 ], [ -72.175698443999977, -36.36867085199998 ], [ -72.155252434999966, -36.379833019999978 ], [ -72.154111506999982, -36.390872246999947 ], [ -72.093956243999969, -36.40203443799993 ], [ -72.051388305999978, -36.419274507999944 ], [ -72.056471622999936, -36.427289470999938 ], [ -72.076696908999963, -36.432716076999952 ], [ -72.08278203499998, -36.439258629999983 ], [ -72.086920483999961, -36.452651738999975 ], [ -72.081577507999953, -36.454098188999978 ], [ -72.082811878999962, -36.457770342999936 ], [ -72.049379193999982, -36.453736169999956 ], [ -72.051853, -36.465915440999936 ], [ -72.061090496999952, -36.471234910999954 ], [ -72.073294548999968, -36.468827089999934 ], [ -72.075656877999961, -36.481482654999979 ], [ -72.059062340999958, -36.486648963999983 ], [ -72.078257342999962, -36.52148976999996 ], [ -72.06901561899997, -36.527169857999979 ], [ -72.093071316999954, -36.55110095799995 ], [ -72.08192766999997, -36.552257830999963 ], [ -72.082262389999983, -36.543662293999944 ], [ -72.055301179999958, -36.533080145999975 ], [ -72.044852340999967, -36.521948991999977 ], [ -72.016724214999954, -36.525158377999958 ], [ -71.991562926999961, -36.506643617999941 ], [ -71.959444455999972, -36.522852344999933 ], [ -71.951518479999947, -36.520074788999977 ], [ -71.935976702999938, -36.526161410999975 ], [ -71.906746527999985, -36.518348905999972 ], [ -71.889673589999973, -36.521290131999933 ], [ -71.858472285999937, -36.516890972999931 ] ] ] } },
{ "type": "Feature", "properties": { "comuna_id": "31580391B82368919646461", "comuna": "Tomé", "region": "Región del Bío-Bío" }, "geometry": { "type": "Polygon", "coordinates": [ [ [ -72.719578693999949, -36.655365776999929 ], [ -72.734984371999985, -36.64011312599996 ], [ -72.73371958499996, -36.617291618999957 ], [ -72.773334334999959, -36.624993349999954 ], [ -72.777129085999945, -36.624031423999952 ], [ -72.76455466699997, -36.605321541999956 ], [ -72.798250176999943, -36.605965154999978 ], [ -72.800936216999958, -36.571860757999957 ], [ -72.79778, -36.563569922999932 ], [ -72.826193345999968, -36.542174733999957 ], [ -72.823449632999939, -36.536735108999949 ], [ -72.827895114999933, -36.52562801299996 ], [ -72.82012, -36.513569923999967 ], [ -72.801172964999978, -36.510780488999956 ], [ -72.807931380999946, -36.506104991999962 ], [ -72.800229488999946, -36.496817485999941 ], [ -72.813524443999938, -36.481990249999967 ], [ -72.809755966999944, -36.459715242999948 ], [ -72.819504765999966, -36.45405475299998 ], [ -72.826150367999958, -36.461330445999977 ], [ -72.851837442999965, -36.459124717999941 ], [ -72.854052335999938, -36.46231249799996 ], [ -72.877824357999941, -36.454850957999952 ], [ -72.880493133999948, -36.445481750999932 ], [ -72.897613451999973, -36.44619357199997 ], [ -72.910293732999946, -36.477961524999955 ], [ -72.917546399999935, -36.480168961999937 ], [ -72.906767659999957, -36.484391495999944 ], [ -72.911731574999976, -36.495025035999959 ], [ -72.906505885999934, -36.498669559999939 ], [ -72.92368481699998, -36.511973692999959 ], [ -72.928508233999935, -36.522571505999963 ], [ -72.932650388999946, -36.520520499999975 ], [ -72.930555768999966, -36.525634016999959 ], [ -72.937316997999972, -36.530569298999978 ], [ -72.934449254999947, -36.540926352999975 ], [ -72.932421781999949, -36.541658436999967 ], [ -72.931622051999966, -36.543204616999958 ], [ -72.931740643999944, -36.543393928999933 ], [ -72.949919623999961, -36.547537573999932 ], [ -72.954972666999936, -36.556773018999934 ], [ -72.958505717999969, -36.530519196999933 ], [ -72.953740513999946, -36.527865434999967 ], [ -72.95329925599998, -36.523411177999947 ], [ -72.95818111799997, -36.526709671999981 ], [ -72.966120061999959, -36.521732437999958 ], [ -72.975749624999935, -36.525993188999962 ], [ -72.978709969999954, -36.559661174999974 ], [ -72.991969135999966, -36.575041453999972 ], [ -73.001975312999946, -36.578705828999944 ], [ -72.981661734999989, -36.587181119999968 ], [ -72.976762320999967, -36.59788494299994 ], [ -72.980435241999942, -36.609026658999937 ], [ -72.966338552999957, -36.612235877999979 ], [ -72.955999370999962, -36.62685227999998 ], [ -72.964189558999976, -36.64825603099996 ], [ -72.98472580899994, -36.671233957999959 ], [ -72.970980398999984, -36.694712073999938 ], [ -72.94617429799996, -36.699610909999933 ], [ -72.938860842999986, -36.694847927999945 ], [ -72.936394783999958, -36.700178775999973 ], [ -72.926524884999935, -36.694513745999984 ], [ -72.925174443999936, -36.699812469999983 ], [ -72.93212594299996, -36.700334525999949 ], [ -72.92294020099996, -36.708872277999944 ], [ -72.925323957999979, -36.712748966999982 ], [ -72.911467957999946, -36.720406612999966 ], [ -72.893007416999978, -36.706516411999985 ], [ -72.876533246999941, -36.725610658999983 ], [ -72.876734670999952, -36.738952645999973 ], [ -72.865869131999943, -36.748944197999947 ], [ -72.85662253199996, -36.745970555999975 ], [ -72.844869330999984, -36.751341483999965 ], [ -72.832881811999982, -36.749082321999936 ], [ -72.827688376999959, -36.741718882999976 ], [ -72.813683716999947, -36.737411185999974 ], [ -72.803952091999975, -36.741666158999976 ], [ -72.789384403999975, -36.736781892999943 ], [ -72.779928131999952, -36.741779010999949 ], [ -72.752821883999957, -36.728530903999967 ], [ -72.737151832999984, -36.728792615999964 ], [ -72.733331293999981, -36.720906056999979 ], [ -72.705044050999959, -36.704812867999976 ], [ -72.712568208999983, -36.696729310999956 ], [ -72.710688105999964, -36.682669754999949 ], [ -72.716758454999933, -36.676072018999946 ], [ -72.719578693999949, -36.655365776999929 ] ] ] } },
{ "type": "Feature", "properties": { "comuna_id": "31580391B13536690151086", "comuna": "Arauco", "region": "Región del Bío-Bío" }, "geometry": { "type": "Polygon", "coordinates": [ [ [ -73.133259383999984, -37.356929971999932 ], [ -73.132707369999935, -37.351329088999933 ], [ -73.120075208999936, -37.348312710999949 ], [ -73.111926568999934, -37.332753922999984 ], [ -73.114627571999961, -37.324810594999974 ], [ -73.107757270999969, -37.310658496999963 ], [ -73.112286643999937, -37.305412177999983 ], [ -73.095929675999969, -37.288872806999962 ], [ -73.087768645999972, -37.259484664999945 ], [ -73.065677352999955, -37.255885511999963 ], [ -73.076829787999941, -37.251736629999982 ], [ -73.083817135999936, -37.238632855999981 ], [ -73.096642940999971, -37.235987288999979 ], [ -73.107918726999969, -37.242350733999956 ], [ -73.111994373999948, -37.228162130999976 ], [ -73.118608717999962, -37.224207179999951 ], [ -73.117962078999938, -37.217121837999969 ], [ -73.096048620999966, -37.209444936999944 ], [ -73.088667506999968, -37.211926109999979 ], [ -73.080170169999974, -37.202029753999966 ], [ -73.090800889999969, -37.192074608999974 ], [ -73.099036202999969, -37.162994160999972 ], [ -73.106814010999983, -37.162311107999983 ], [ -73.115901181999959, -37.153679200999932 ], [ -73.147766614999966, -37.151837611999952 ], [ -73.172533046999945, -37.160017384999946 ], [ -73.186650329999964, -37.152566142999945 ], [ -73.189273324999988, -37.165996396999958 ], [ -73.195559771999967, -37.172624393999968 ], [ -73.268580800999985, -37.223879911999973 ], [ -73.340569133999963, -37.241234009999971 ], [ -73.387530949999984, -37.244064705999961 ], [ -73.43012745599998, -37.238977359999978 ], [ -73.43856266399996, -37.230829957999958 ], [ -73.433929212999942, -37.226777643999981 ], [ -73.457092272999944, -37.204644493999979 ], [ -73.484875253999974, -37.20750438999994 ], [ -73.489688452999985, -37.202694203999954 ], [ -73.526623855999958, -37.208744976999981 ], [ -73.542779196999959, -37.204758563999974 ], [ -73.545543308999981, -37.199298368999962 ], [ -73.566732976999958, -37.191898171999981 ], [ -73.563291252999989, -37.170891259999962 ], [ -73.559207514999969, -37.167982446999929 ], [ -73.57158938799995, -37.165525573999957 ], [ -73.577184435999982, -37.15914745799995 ], [ -73.573162185999934, -37.150834345999954 ], [ -73.587317451999979, -37.145395010999948 ], [ -73.596329846999936, -37.158896875999972 ], [ -73.608983897999963, -37.16135057799994 ], [ -73.612074917999962, -37.172855827999967 ], [ -73.619953276999979, -37.175233367999965 ], [ -73.622616985999969, -37.18478255399998 ], [ -73.640115450999986, -37.192626853999968 ], [ -73.649587502999964, -37.202786437999976 ], [ -73.641141635999986, -37.202320289999932 ], [ -73.641814395999972, -37.209822362999944 ], [ -73.657039559999987, -37.229980787999978 ], [ -73.654367162999961, -37.234443815999953 ], [ -73.659250579999934, -37.23923162799997 ], [ -73.654001045999962, -37.242784406999931 ], [ -73.662104652999972, -37.250131861999932 ], [ -73.658563374999972, -37.256621873999961 ], [ -73.665429646999939, -37.263301848999959 ], [ -73.656855322999945, -37.27612553299997 ], [ -73.66966610999998, -37.284661591999964 ], [ -73.673252183999978, -37.293160879999959 ], [ -73.659129780999933, -37.291564058999938 ], [ -73.655736164999951, -37.299529362999976 ], [ -73.66301251799996, -37.303122508999934 ], [ -73.66480454799995, -37.313607170999944 ], [ -73.68398246299995, -37.335589188999961 ], [ -73.673632588999965, -37.336564234999969 ], [ -73.669799909999938, -37.344421238999985 ], [ -73.685145592999959, -37.367238688999976 ], [ -73.669470197999942, -37.358144741999979 ], [ -73.663133899999934, -37.365725511999983 ], [ -73.634844340999962, -37.37506448299996 ], [ -73.611420185999975, -37.404805517999932 ], [ -73.611277712999936, -37.417972995999946 ], [ -73.597694391999937, -37.439352849999977 ], [ -73.579866942999956, -37.450313966999943 ], [ -73.572709392999968, -37.44575763399996 ], [ -73.558263484999941, -37.451126960999943 ], [ -73.552596252999933, -37.447817507999957 ], [ -73.540763660999971, -37.450294717999952 ], [ -73.523376975999952, -37.438988367999968 ], [ -73.515872094999963, -37.423545169999954 ], [ -73.502269664999972, -37.422174887999972 ], [ -73.497013012999957, -37.400747381999963 ], [ -73.490055462999976, -37.396017037999968 ], [ -73.486596748999943, -37.384115921999978 ], [ -73.467886030999978, -37.385240703999955 ], [ -73.450207495999962, -37.379386193999949 ], [ -73.441255088999981, -37.362693655999976 ], [ -73.426646277999964, -37.367596996999964 ], [ -73.398354618999974, -37.328700828999956 ], [ -73.393442340999968, -37.329525983999929 ], [ -73.396613076999984, -37.335436441999946 ], [ -73.390110697999944, -37.355929148999962 ], [ -73.38018597699994, -37.346375020999972 ], [ -73.339602808999985, -37.35419849699997 ], [ -73.333799807999981, -37.345261989999983 ], [ -73.322554989999958, -37.346180052999955 ], [ -73.32303251999997, -37.350152331999936 ], [ -73.306492198999933, -37.359671206999963 ], [ -73.29554871299996, -37.345071538999946 ], [ -73.287152597999977, -37.346640645999969 ], [ -73.288535271999933, -37.338905301999944 ], [ -73.27900750799995, -37.329646852999929 ], [ -73.272846681999965, -37.340232766999975 ], [ -73.258762441999977, -37.334379707999972 ], [ -73.250353149999967, -37.338586268999961 ], [ -73.249211069999944, -37.349186427999939 ], [ -73.224772147999943, -37.357158849999962 ], [ -73.169802746999949, -37.353161786999976 ], [ -73.147801563999963, -37.355923964999931 ], [ -73.144777752999971, -37.359977193999953 ], [ -73.133259383999984, -37.356929971999932 ] ] ] } },
{ "type": "Feature", "properties": { "comuna_id": "31580391B50884012194685", "comuna": "Treguaco", "region": "Región de Ñuble" }, "geometry": { "type": "Polygon", "coordinates": [ [ [ -72.55203579199997, -36.416099466999981 ], [ -72.573175526999933, -36.426210012999945 ], [ -72.583008339999935, -36.420990626999981 ], [ -72.570436917999984, -36.411193963999949 ], [ -72.585064964999958, -36.386645269999974 ], [ -72.593034960999944, -36.39579499499996 ], [ -72.605044548999956, -36.39746189799996 ], [ -72.618447647999972, -36.407747919999963 ], [ -72.634963942999946, -36.406613571999969 ], [ -72.643989387999966, -36.393304184999977 ], [ -72.63895886399996, -36.381168416999969 ], [ -72.64601575599994, -36.37695905299995 ], [ -72.649595304999934, -36.359909779999953 ], [ -72.658766840999988, -36.354164003999983 ], [ -72.661443333999955, -36.327161918999934 ], [ -72.670743481999978, -36.333150343999932 ], [ -72.684932555999978, -36.32795983799997 ], [ -72.696034680999958, -36.342315736999979 ], [ -72.725726015999953, -36.347409210999956 ], [ -72.728901041999961, -36.353625448999935 ], [ -72.744358535999936, -36.356458652999947 ], [ -72.753229132999934, -36.350186837999956 ], [ -72.753284194999935, -36.343530382999973 ], [ -72.761289633999979, -36.348088162999943 ], [ -72.761188354999945, -36.339271307999979 ], [ -72.767389598999955, -36.33269032499993 ], [ -72.77375019699997, -36.335386939999978 ], [ -72.77578608999994, -36.33095874199995 ], [ -72.789655553999978, -36.330760940999937 ], [ -72.789271177999979, -36.334359160999952 ], [ -72.799706453999988, -36.33557936099993 ], [ -72.810093179999967, -36.35368443699997 ], [ -72.83564819999998, -36.350716165999984 ], [ -72.858297403999984, -36.360465226999963 ], [ -72.870575685999938, -36.385117661999971 ], [ -72.870628549999935, -36.389680442999975 ], [ -72.863536461999956, -36.389774634999981 ], [ -72.822389920999967, -36.38150042999996 ], [ -72.79331794899997, -36.398752011999932 ], [ -72.771568543999933, -36.398014178999972 ], [ -72.753876722999962, -36.407210289999966 ], [ -72.734407091999969, -36.405899781999949 ], [ -72.72843893299995, -36.420381021999958 ], [ -72.709942847999969, -36.421219875999952 ], [ -72.702365093999958, -36.426034502999983 ], [ -72.695071680999945, -36.441156102999969 ], [ -72.700108414999988, -36.454698624999935 ], [ -72.692804929999966, -36.461969678999935 ], [ -72.697142705999966, -36.471486481999932 ], [ -72.674462250999966, -36.501749503999974 ], [ -72.661894095999969, -36.505304224999975 ], [ -72.637242840999988, -36.523672148999935 ], [ -72.619229901999972, -36.522418989999949 ], [ -72.610243398999955, -36.529589145999978 ], [ -72.569051162999983, -36.537449008999943 ], [ -72.565268230999948, -36.532383201999949 ], [ -72.558188027999961, -36.53492414699997 ], [ -72.549116857999934, -36.530330602999982 ], [ -72.550678565999988, -36.517790378999962 ], [ -72.542015320999951, -36.508099534999928 ], [ -72.54365340399994, -36.499038894999956 ], [ -72.531632914999989, -36.492847911999945 ], [ -72.525327232999985, -36.478576745999931 ], [ -72.513333758999977, -36.475809769999955 ], [ -72.50488504499998, -36.453057655999942 ], [ -72.508370614999933, -36.435410585999932 ], [ -72.52950896699997, -36.435449879999965 ], [ -72.537116169999933, -36.429965093999954 ], [ -72.538221439999973, -36.420987819999937 ], [ -72.55203579199997, -36.416099466999981 ] ] ] } },
{ "type": "Feature", "properties": { "comuna_id": "31580391B7224910076786", "comuna": "Ranquil", "region": "Región de Ñuble" }, "geometry": { "type": "Polygon", "coordinates": [ [ [ -72.599514298999964, -36.731320990999961 ], [ -72.586524018999967, -36.727206645999956 ], [ -72.590116253999952, -36.712964916999965 ], [ -72.582085735999954, -36.709952792999957 ], [ -72.577125086999956, -36.697387968999976 ], [ -72.560545096999988, -36.698045096999977 ], [ -72.547752855999988, -36.706794319999972 ], [ -72.53269645599994, -36.709509466999975 ], [ -72.514676820999966, -36.701659956999947 ], [ -72.507203655999945, -36.689500213999963 ], [ -72.473603225999966, -36.687684598999965 ], [ -72.451979064999989, -36.677611923999962 ], [ -72.453278638999961, -36.665564982999967 ], [ -72.448656613999958, -36.659877240999947 ], [ -72.471547485999963, -36.64151289299997 ], [ -72.477142547999961, -36.631571805999954 ], [ -72.509778596999979, -36.614374588999965 ], [ -72.514570435999985, -36.606203168999969 ], [ -72.549106626999958, -36.595517523999945 ], [ -72.568122310999968, -36.569089087999942 ], [ -72.59119339199998, -36.569382069999961 ], [ -72.604912075999948, -36.545272896999961 ], [ -72.642863230999978, -36.568584184999963 ], [ -72.651890996999953, -36.597082274999934 ], [ -72.69580394999997, -36.61413082699994 ], [ -72.717165210999951, -36.61184278199994 ], [ -72.73371958499996, -36.617291618999957 ], [ -72.735286606999978, -36.637716996999984 ], [ -72.719578693999949, -36.655365776999929 ], [ -72.687997172999985, -36.654459214999974 ], [ -72.666189758999963, -36.669390962999955 ], [ -72.654299028999958, -36.666525637999939 ], [ -72.645928233999939, -36.681667952999931 ], [ -72.637402386999952, -36.686180927999942 ], [ -72.618852784999945, -36.689700070999947 ], [ -72.618099906999987, -36.70298037799995 ], [ -72.612011124999981, -36.704516706999982 ], [ -72.599514298999964, -36.731320990999961 ] ] ] } },
{ "type": "Feature", "properties": { "comuna_id": "31580391B99110030386836", "comuna": "Portezuelo", "region": "Región de Ñuble" }, "geometry": { "type": "Polygon", "coordinates": [ [ [ -72.395181459999947, -36.617305863999945 ], [ -72.386210957999936, -36.577002066999967 ], [ -72.376122495999937, -36.579867675999935 ], [ -72.361305794999964, -36.562071685999967 ], [ -72.364733497999964, -36.550188934999937 ], [ -72.357710856999972, -36.527690256999961 ], [ -72.362370587999976, -36.511258603999977 ], [ -72.353150268999968, -36.498769740999933 ], [ -72.358892569999966, -36.493998869999984 ], [ -72.359034982999958, -36.485086549999949 ], [ -72.36870380199997, -36.482412242999942 ], [ -72.371163727999942, -36.475880119999943 ], [ -72.392474380999943, -36.48417812699995 ], [ -72.409866300999965, -36.480572995999978 ], [ -72.415968714999963, -36.474535583999966 ], [ -72.421571474999951, -36.476485373999935 ], [ -72.425918010999965, -36.470631909999952 ], [ -72.471100787999944, -36.470463834999975 ], [ -72.492509083999948, -36.456739976999984 ], [ -72.490187399999968, -36.439186862999975 ], [ -72.508370614999933, -36.435410585999932 ], [ -72.504536325999936, -36.448471846999951 ], [ -72.507840894999958, -36.468821030999948 ], [ -72.516479444999959, -36.47768991199996 ], [ -72.525327232999985, -36.478576745999931 ], [ -72.531632914999989, -36.492847911999945 ], [ -72.54365340399994, -36.499038894999956 ], [ -72.542015320999951, -36.508099534999928 ], [ -72.550678565999988, -36.517790378999962 ], [ -72.549511419999988, -36.530676678999953 ], [ -72.558188027999961, -36.53492414699997 ], [ -72.565268230999948, -36.532383201999949 ], [ -72.569051162999983, -36.537449008999943 ], [ -72.610243398999955, -36.529589145999978 ], [ -72.619229901999972, -36.522418989999949 ], [ -72.628682442999946, -36.527242074999947 ], [ -72.613711707999983, -36.54191029499998 ], [ -72.605443217999948, -36.544189834999941 ], [ -72.59119339199998, -36.569382069999961 ], [ -72.568122310999968, -36.569089087999942 ], [ -72.549106626999958, -36.595517523999945 ], [ -72.516079236999985, -36.605265940999971 ], [ -72.509778596999979, -36.614374588999965 ], [ -72.477142547999961, -36.631571805999954 ], [ -72.467963107999935, -36.643672181999932 ], [ -72.433391714999971, -36.639956134999977 ], [ -72.408129378999945, -36.628740863999951 ], [ -72.395181459999947, -36.617305863999945 ] ] ] } },
{ "type": "Feature", "properties": { "comuna_id": "31580391B16992835619461", "comuna": "Cobquecura", "region": "Región de Ñuble" }, "geometry": { "type": "Polygon", "coordinates": [ [ [ -72.759629623999956, -36.005622671999959 ], [ -72.781168713999989, -36.016729631999965 ], [ -72.778025043999946, -36.040393249999966 ], [ -72.786739087999933, -36.04908514899995 ], [ -72.79142976299994, -36.07240020699993 ], [ -72.796717830999967, -36.078811448999943 ], [ -72.808051046999935, -36.078811831999928 ], [ -72.815050398999972, -36.093525249999971 ], [ -72.803883275999965, -36.143135770999947 ], [ -72.810873446999949, -36.17359728699995 ], [ -72.814453800999956, -36.179703511999946 ], [ -72.820156409999981, -36.179904473999954 ], [ -72.819486306999977, -36.19056083299995 ], [ -72.824071360999937, -36.195404846999963 ], [ -72.811067882999964, -36.245964923999964 ], [ -72.808761810999954, -36.276395739999941 ], [ -72.851874402999954, -36.359751396999968 ], [ -72.83564819999998, -36.350716165999984 ], [ -72.810093179999967, -36.35368443699997 ], [ -72.799706453999988, -36.33557936099993 ], [ -72.789271177999979, -36.334359160999952 ], [ -72.789655553999978, -36.330760940999937 ], [ -72.77578608999994, -36.33095874199995 ], [ -72.77375019699997, -36.335386939999978 ], [ -72.767389598999955, -36.33269032499993 ], [ -72.761188354999945, -36.339271307999979 ], [ -72.761289633999979, -36.348088162999943 ], [ -72.753284194999935, -36.343530382999973 ], [ -72.753229132999934, -36.350186837999956 ], [ -72.745854159999965, -36.356486844999949 ], [ -72.731044159999954, -36.354432261999932 ], [ -72.725726015999953, -36.347409210999956 ], [ -72.696034680999958, -36.342315736999979 ], [ -72.684932555999978, -36.32795983799997 ], [ -72.665564445999962, -36.331237686999941 ], [ -72.649539510999944, -36.314141606999954 ], [ -72.651524063999943, -36.306808084999943 ], [ -72.640751541999975, -36.310106149999967 ], [ -72.635241496999981, -36.303391112999975 ], [ -72.625657915999966, -36.302411648999964 ], [ -72.627516397999955, -36.288812840999981 ], [ -72.619643911999958, -36.266601977999983 ], [ -72.630617613999959, -36.257973805999939 ], [ -72.643806100999939, -36.256589531999964 ], [ -72.635252833999971, -36.237200651999956 ], [ -72.645194450999952, -36.21288633599994 ], [ -72.644233148999945, -36.190916090999963 ], [ -72.653963334999958, -36.192067086999941 ], [ -72.653842414999986, -36.185967464999976 ], [ -72.674076704999948, -36.171175409999933 ], [ -72.697815977999937, -36.16804727799996 ], [ -72.706838539999978, -36.147760533999929 ], [ -72.68741145599995, -36.136791898999945 ], [ -72.675721039999985, -36.143938215999981 ], [ -72.640076935999957, -36.136075489999939 ], [ -72.59363478299997, -36.109038040999963 ], [ -72.57284928699994, -36.112397331999944 ], [ -72.567465561999938, -36.118042953999975 ], [ -72.552639853999949, -36.111494832999938 ], [ -72.554208234999976, -36.10338825599996 ], [ -72.566166950999957, -36.103122596999981 ], [ -72.575577481999971, -36.090181573999985 ], [ -72.591881142999966, -36.090339239999935 ], [ -72.592458028999943, -36.062282922999941 ], [ -72.61411652399994, -36.052867797999966 ], [ -72.619971400999987, -36.055459694999968 ], [ -72.623920519999956, -36.046221897999942 ], [ -72.619949213999973, -36.036048290999929 ], [ -72.633430387999965, -36.031278739999948 ], [ -72.630585028999974, -36.025251459999936 ], [ -72.644532496999943, -36.015126355999939 ], [ -72.655276898999944, -36.04695232499995 ], [ -72.660296745999972, -36.036172559999955 ], [ -72.686573556999974, -36.018764705999956 ], [ -72.696209028999988, -36.022051604999945 ], [ -72.704666457999963, -36.017004192999934 ], [ -72.708226420999949, -36.023205915999938 ], [ -72.718445730999974, -36.024212462999969 ], [ -72.743483531999971, -36.007883790999983 ], [ -72.759629623999956, -36.005622671999959 ] ] ] } },
{ "type": "Feature", "properties": { "comuna_id": "31580391B56684381819369", "comuna": "Quirihue", "region": "Región de Ñuble" }, "geometry": { "type": "Polygon", "coordinates": [ [ [ -72.592983608999987, -36.065081195999937 ], [ -72.591881142999966, -36.090339239999935 ], [ -72.575577481999971, -36.090181573999985 ], [ -72.566166950999957, -36.103122596999981 ], [ -72.554208234999976, -36.10338825599996 ], [ -72.552905255999974, -36.111824723999973 ], [ -72.567465561999938, -36.118042953999975 ], [ -72.57284928699994, -36.112397331999944 ], [ -72.59363478299997, -36.109038040999963 ], [ -72.640076935999957, -36.136075489999939 ], [ -72.675721039999985, -36.143938215999981 ], [ -72.68741145599995, -36.136791898999945 ], [ -72.706838539999978, -36.147760533999929 ], [ -72.697815977999937, -36.16804727799996 ], [ -72.674076704999948, -36.171175409999933 ], [ -72.653842414999986, -36.185967464999976 ], [ -72.653963334999958, -36.192067086999941 ], [ -72.644718856999987, -36.190200007999977 ], [ -72.645194450999952, -36.21288633599994 ], [ -72.635252833999971, -36.237200651999956 ], [ -72.643806100999939, -36.256589531999964 ], [ -72.630617613999959, -36.257973805999939 ], [ -72.619643911999958, -36.266601977999983 ], [ -72.628847139999948, -36.296756182999957 ], [ -72.625388831999942, -36.302077413999939 ], [ -72.635241496999981, -36.303391112999975 ], [ -72.640751541999975, -36.310106149999967 ], [ -72.651524063999943, -36.306808084999943 ], [ -72.649539510999944, -36.314141606999954 ], [ -72.657367088999933, -36.318233862999932 ], [ -72.656312507999985, -36.323255910999933 ], [ -72.661443333999955, -36.327161918999934 ], [ -72.658766840999988, -36.354164003999983 ], [ -72.649595304999934, -36.359909779999953 ], [ -72.64601575599994, -36.37695905299995 ], [ -72.63895886399996, -36.381168416999969 ], [ -72.643989387999966, -36.393304184999977 ], [ -72.634963942999946, -36.406613571999969 ], [ -72.618447647999972, -36.407747919999963 ], [ -72.605044548999956, -36.39746189799996 ], [ -72.593034960999944, -36.39579499499996 ], [ -72.585064964999958, -36.386645269999974 ], [ -72.570436917999984, -36.411193963999949 ], [ -72.583204597999952, -36.420750233999968 ], [ -72.573175526999933, -36.426210012999945 ], [ -72.55203579199997, -36.416099466999981 ], [ -72.538689430999966, -36.401175658999932 ], [ -72.543199783999967, -36.393738765999956 ], [ -72.540713356999959, -36.371063718999949 ], [ -72.530336960999989, -36.370223181999961 ], [ -72.523602726999968, -36.361088740999946 ], [ -72.506637923999961, -36.359753401999967 ], [ -72.485626638999975, -36.347019300999932 ], [ -72.456922467999959, -36.354669078999962 ], [ -72.459326337999983, -36.334167407999985 ], [ -72.467101227999933, -36.331570276999969 ], [ -72.483329684999944, -36.294939308999972 ], [ -72.47673799599994, -36.29008229599998 ], [ -72.478047133999951, -36.282739982999942 ], [ -72.457800838999958, -36.279379648999964 ], [ -72.464541786999973, -36.27293924199995 ], [ -72.453019009999934, -36.266399038999964 ], [ -72.450919854999938, -36.256404486999941 ], [ -72.454871369999978, -36.254636537999943 ], [ -72.450910381999961, -36.245098007999957 ], [ -72.456907303999969, -36.240832144999956 ], [ -72.455189787999984, -36.237294264999946 ], [ -72.444927261999965, -36.23863001999996 ], [ -72.443593362999934, -36.245018418999962 ], [ -72.435121620999951, -36.248225659999946 ], [ -72.440524668999956, -36.228838218999954 ], [ -72.412597131999973, -36.227565965999929 ], [ -72.412202186999934, -36.207807660999947 ], [ -72.360116145999939, -36.21484484399997 ], [ -72.337787335999963, -36.205527272999973 ], [ -72.336394307999967, -36.180087111999967 ], [ -72.358706102999975, -36.157437447999939 ], [ -72.373376678999989, -36.169920282999954 ], [ -72.402188938999984, -36.175990387999946 ], [ -72.42154187999995, -36.169861991999937 ], [ -72.426366419999965, -36.157221756999945 ], [ -72.467776128999958, -36.147991369999943 ], [ -72.477912010999944, -36.15283166599994 ], [ -72.501762196999948, -36.143353687999934 ], [ -72.488492586999939, -36.125646484999947 ], [ -72.492779795999979, -36.107062557999939 ], [ -72.500659800999983, -36.100176777999934 ], [ -72.496996629999956, -36.09451220099993 ], [ -72.501443446999986, -36.085724720999963 ], [ -72.492711777999943, -36.086005887999931 ], [ -72.487251751999963, -36.079873432999932 ], [ -72.492741701999989, -36.072255069999983 ], [ -72.512112822999939, -36.080879089999939 ], [ -72.53061437599996, -36.069487110999944 ], [ -72.547968646999948, -36.077879324999969 ], [ -72.571859981999978, -36.074027881999939 ], [ -72.582762997999964, -36.07797353899997 ], [ -72.590586780999956, -36.072087984999939 ], [ -72.588514638999982, -36.065287944999966 ], [ -72.592983608999987, -36.065081195999937 ] ] ] } },
{ "type": "Feature", "properties": { "comuna_id": "31580391B11669363973022", "comuna": "Coelemu", "region": "Región de Ñuble" }, "geometry": { "type": "Polygon", "coordinates": [ [ [ -72.773334334999959, -36.624993349999954 ], [ -72.717165210999951, -36.61184278199994 ], [ -72.69580394999997, -36.61413082699994 ], [ -72.651890996999953, -36.597082274999934 ], [ -72.642863230999978, -36.568584184999963 ], [ -72.604923182999983, -36.544911707999972 ], [ -72.620303497999942, -36.537009809999972 ], [ -72.627882191999959, -36.524827664999975 ], [ -72.643137879999983, -36.520926418999977 ], [ -72.661894095999969, -36.505304224999975 ], [ -72.673236115999941, -36.502654037999946 ], [ -72.689525114999981, -36.485647448999941 ], [ -72.697142705999966, -36.471486481999932 ], [ -72.692804929999966, -36.461969678999935 ], [ -72.700108414999988, -36.454698624999935 ], [ -72.695071680999945, -36.441156102999969 ], [ -72.702365093999958, -36.426034502999983 ], [ -72.709942847999969, -36.421219875999952 ], [ -72.72843893299995, -36.420381021999958 ], [ -72.734407091999969, -36.405899781999949 ], [ -72.753876722999962, -36.407210289999966 ], [ -72.771568543999933, -36.398014178999972 ], [ -72.79331794899997, -36.398752011999932 ], [ -72.822389920999967, -36.38150042999996 ], [ -72.870628549999935, -36.389680442999975 ], [ -72.872450820999973, -36.427215807999971 ], [ -72.884406874999968, -36.437127780999958 ], [ -72.88394354199994, -36.444751834999977 ], [ -72.877001507999978, -36.448320773999967 ], [ -72.877824357999941, -36.454850957999952 ], [ -72.854052335999938, -36.46231249799996 ], [ -72.851837442999965, -36.459124717999941 ], [ -72.826150367999958, -36.461330445999977 ], [ -72.819504765999966, -36.45405475299998 ], [ -72.809755966999944, -36.459715242999948 ], [ -72.813524443999938, -36.481990249999967 ], [ -72.800229488999946, -36.496817485999941 ], [ -72.807931380999946, -36.506104991999962 ], [ -72.801172964999978, -36.510780488999956 ], [ -72.81424, -36.515649922999955 ], [ -72.81899, -36.512389922999944 ], [ -72.827874192999957, -36.52646606299993 ], [ -72.823449632999939, -36.536735108999949 ], [ -72.826096610999969, -36.542666568999948 ], [ -72.79778, -36.563569922999932 ], [ -72.800936216999958, -36.571860757999957 ], [ -72.798250176999943, -36.605965154999978 ], [ -72.76455466699997, -36.605321541999956 ], [ -72.777129085999945, -36.624031423999952 ], [ -72.773334334999959, -36.624993349999954 ] ] ] } },
{ "type": "Feature", "properties": { "comuna_id": "31580391B55888578542387", "comuna": "Ninhue", "region": "Región de Ñuble" }, "geometry": { "type": "Polygon", "coordinates": [ [ [ -72.27762132099997, -36.261486824999963 ], [ -72.29578765399998, -36.253233456999965 ], [ -72.313583201999961, -36.233045497999967 ], [ -72.345519770999942, -36.236886196999933 ], [ -72.351287169999978, -36.245215625999947 ], [ -72.372513028999947, -36.257174164999981 ], [ -72.389373730999978, -36.24844627899995 ], [ -72.386288474999958, -36.245012610999936 ], [ -72.391054439999948, -36.234085110999956 ], [ -72.41123221099997, -36.222996314999932 ], [ -72.418154935999951, -36.229655350999963 ], [ -72.440524668999956, -36.228838218999954 ], [ -72.435121620999951, -36.248225659999946 ], [ -72.443593362999934, -36.245018418999962 ], [ -72.444927261999965, -36.23863001999996 ], [ -72.455189787999984, -36.237294264999946 ], [ -72.456907303999969, -36.240832144999956 ], [ -72.450910381999961, -36.245098007999957 ], [ -72.454871369999978, -36.254636537999943 ], [ -72.450919854999938, -36.256404486999941 ], [ -72.453019009999934, -36.266399038999964 ], [ -72.464541786999973, -36.27293924199995 ], [ -72.457800838999958, -36.279379648999964 ], [ -72.478047133999951, -36.282739982999942 ], [ -72.47673799599994, -36.29008229599998 ], [ -72.483329684999944, -36.294939308999972 ], [ -72.467101227999933, -36.331570276999969 ], [ -72.459326337999983, -36.334167407999985 ], [ -72.456922467999959, -36.354669078999962 ], [ -72.485626638999975, -36.347019300999932 ], [ -72.506637923999961, -36.359753401999967 ], [ -72.523602726999968, -36.361088740999946 ], [ -72.530336960999989, -36.370223181999961 ], [ -72.540713356999959, -36.371063718999949 ], [ -72.543199783999967, -36.393738765999956 ], [ -72.538689430999966, -36.401175658999932 ], [ -72.55203579199997, -36.416099466999981 ], [ -72.538221439999973, -36.420987819999937 ], [ -72.537116169999933, -36.429965093999954 ], [ -72.52857344499995, -36.435846110999933 ], [ -72.493269019999957, -36.436718085999985 ], [ -72.488873599999977, -36.443178344999978 ], [ -72.492509083999948, -36.456739976999984 ], [ -72.471837508999954, -36.470241312999974 ], [ -72.425918010999965, -36.470631909999952 ], [ -72.421571474999951, -36.476485373999935 ], [ -72.415968714999963, -36.474535583999966 ], [ -72.409866300999965, -36.480572995999978 ], [ -72.392474380999943, -36.48417812699995 ], [ -72.375184450999939, -36.475915592999968 ], [ -72.363988222999978, -36.477626460999943 ], [ -72.370185594999953, -36.464592449999941 ], [ -72.368893686999968, -36.455798013999981 ], [ -72.361186392999969, -36.45328651799997 ], [ -72.363443118999953, -36.447325103999958 ], [ -72.348867461999987, -36.443535546999954 ], [ -72.337230098999953, -36.406461896999929 ], [ -72.302118743999984, -36.390078229999972 ], [ -72.297522431999937, -36.379813191999972 ], [ -72.297827233999953, -36.374367746999951 ], [ -72.333714560999965, -36.342879611999933 ], [ -72.334312907999958, -36.336034687999984 ], [ -72.316632626999933, -36.301703570999962 ], [ -72.319629277999979, -36.279983842999968 ], [ -72.300613242999987, -36.28967197999998 ], [ -72.27762132099997, -36.261486824999963 ] ] ] } },
{ "type": "Feature", "properties": { "comuna_id": "31580391B43277162248051", "comuna": "Santa Bárbara", "region": "Región del Bío-Bío" }, "geometry": { "type": "Polygon", "coordinates": [ [ [ -72.175321212999961, -37.66309131099996 ], [ -72.161896824999985, -37.664977633999968 ], [ -72.12637725999997, -37.651778688999968 ], [ -72.097217777999958, -37.653686561999962 ], [ -72.085507534999977, -37.647962071999984 ], [ -72.036630680999963, -37.679737771999953 ], [ -72.004370634999987, -37.671913184999937 ], [ -71.972335797999961, -37.689689281999961 ], [ -71.949063531999968, -37.685131546999969 ], [ -71.894029343999989, -37.715780940999935 ], [ -71.861031238999942, -37.704131031999964 ], [ -71.824645780999958, -37.708829419999972 ], [ -71.813954709999962, -37.714643285999955 ], [ -71.809064616999933, -37.729290779999928 ], [ -71.788821913999982, -37.740707381999982 ], [ -71.788055926999959, -37.747470343999964 ], [ -71.775100000999942, -37.751154846999952 ], [ -71.776206409999986, -37.763008903999946 ], [ -71.749170116999949, -37.764622274999965 ], [ -71.736140755999941, -37.772774966999975 ], [ -71.711963023999942, -37.772477218999938 ], [ -71.703634464999936, -37.779182909999975 ], [ -71.696142809999969, -37.804552366999985 ], [ -71.678350603999945, -37.807712340999956 ], [ -71.66498, -37.79478 ], [ -71.654188381999973, -37.774346256999934 ], [ -71.658408476999966, -37.766693761999932 ], [ -71.646831108999947, -37.76321390499993 ], [ -71.636376320999943, -37.770511214999942 ], [ -71.623314754999967, -37.770207163999942 ], [ -71.599606236999989, -37.75379596199997 ], [ -71.603172495999956, -37.736907888999951 ], [ -71.612920016999965, -37.730884772999957 ], [ -71.603300762999936, -37.725186779999945 ], [ -71.602480840999988, -37.714554229999976 ], [ -71.593476941999938, -37.705151909999984 ], [ -71.582567027999971, -37.680503938999948 ], [ -71.572017152999933, -37.676977118999957 ], [ -71.546388108999963, -37.687283267999931 ], [ -71.524842250999939, -37.676902241999983 ], [ -71.523823543999981, -37.663398769999958 ], [ -71.516398471999935, -37.658912326999939 ], [ -71.515883226999961, -37.652832084999943 ], [ -71.500839237999969, -37.647264874999962 ], [ -71.496706892999953, -37.639588269999933 ], [ -71.47254456099995, -37.645974658999933 ], [ -71.459759255999984, -37.642171688999952 ], [ -71.449957294999933, -37.632530863999932 ], [ -71.416110256999957, -37.626866197999959 ], [ -71.405953325999974, -37.633276131999935 ], [ -71.38471334999997, -37.633640334999939 ], [ -71.380626920999987, -37.627193204999969 ], [ -71.388927895999984, -37.618362924999929 ], [ -71.390885856999944, -37.578405174999943 ], [ -71.381560319999949, -37.565177723999966 ], [ -71.359759580999935, -37.568224188999977 ], [ -71.351731120999943, -37.55567008099996 ], [ -71.361167476999981, -37.53763188399995 ], [ -71.393699426999945, -37.514770359999943 ], [ -71.39260670799996, -37.502297 ], [ -71.407509970999968, -37.480868833999978 ], [ -71.409031316999972, -37.471019768999952 ], [ -71.420769431999986, -37.461088239999981 ], [ -71.471363880999945, -37.473066398999947 ], [ -71.467153833999987, -37.481646655999953 ], [ -71.475224256999979, -37.490869846999942 ], [ -71.475000121999983, -37.510886128999971 ], [ -71.470590348999963, -37.523682432999976 ], [ -71.463354349999975, -37.529299219999984 ], [ -71.462693798999965, -37.558716703999949 ], [ -71.475312066999948, -37.568477679999944 ], [ -71.487386212999979, -37.570877909999979 ], [ -71.500623554999947, -37.571116824999933 ], [ -71.536182976999953, -37.557281069999931 ], [ -71.550081627999987, -37.541170438999984 ], [ -71.566108633999988, -37.54598460099993 ], [ -71.594633291999969, -37.538040955999975 ], [ -71.611259312999948, -37.541862311999978 ], [ -71.636183647999985, -37.536201479999932 ], [ -71.655588172999956, -37.545677328999943 ], [ -71.676771148999933, -37.545586758999946 ], [ -71.703995288999977, -37.540570901999956 ], [ -71.710738021999987, -37.529335297999978 ], [ -71.737595303999967, -37.509623688999966 ], [ -71.772733874999972, -37.509693546999983 ], [ -71.79138777999998, -37.503449328999977 ], [ -71.819680011999935, -37.509706827999935 ], [ -71.84283736499998, -37.507664586999965 ], [ -71.867502978999937, -37.520829581999976 ], [ -71.875760463999939, -37.530452670999978 ], [ -71.876520650999964, -37.539358933999949 ], [ -71.898089674999937, -37.549796102999949 ], [ -71.917530977999945, -37.548226390999957 ], [ -71.950664505999953, -37.532491033999975 ], [ -71.972179645999972, -37.531571778999933 ], [ -71.980545018999976, -37.538676571999929 ], [ -71.989437256999963, -37.538321167999982 ], [ -71.994052178999937, -37.544959461999952 ], [ -72.027422675999958, -37.547877231999962 ], [ -72.047783551999942, -37.561815944999978 ], [ -72.069761847999985, -37.563123770999937 ], [ -72.084159486999965, -37.572800339999958 ], [ -72.096689566999942, -37.572248872999978 ], [ -72.112807278999981, -37.58132993299995 ], [ -72.124897351999948, -37.579489388999946 ], [ -72.147850699999935, -37.58527030099998 ], [ -72.156873553999958, -37.589958785999954 ], [ -72.156595356999958, -37.612145132999956 ], [ -72.166290087999982, -37.627195456999971 ], [ -72.175321212999961, -37.66309131099996 ] ] ] } },
{ "type": "Feature", "properties": { "comuna_id": "31580391B49920608464739", "comuna": "Villarrica", "region": "Región de La Araucanía" }, "geometry": { "type": "Polygon", "coordinates": [ [ [ -72.311080414999935, -39.061546915999941 ], [ -72.318767406999939, -39.059712074999936 ], [ -72.332130985999981, -39.094105167999942 ], [ -72.358127937999939, -39.088158376999957 ], [ -72.369420679999962, -39.119563171999971 ], [ -72.356318257999988, -39.121503859999962 ], [ -72.352670772999943, -39.131966740999985 ], [ -72.340809731999968, -39.142172844999948 ], [ -72.338831616999983, -39.147609656999975 ], [ -72.346286950999968, -39.149699360999932 ], [ -72.335311309999952, -39.15692486699993 ], [ -72.329157472999952, -39.170332345999952 ], [ -72.333496373999935, -39.189178960999982 ], [ -72.325934738999933, -39.191100658999972 ], [ -72.32947871999994, -39.199351397999976 ], [ -72.318280409999943, -39.21199863399994 ], [ -72.321546953999984, -39.217922760999954 ], [ -72.316489823999973, -39.229268447999971 ], [ -72.31052587299996, -39.227888849999943 ], [ -72.319861024999966, -39.238104666999959 ], [ -72.346867072999942, -39.229241481999964 ], [ -72.360579124999958, -39.264393798999947 ], [ -72.393509299999948, -39.269055382999966 ], [ -72.387993626999958, -39.276571066999963 ], [ -72.38805466599996, -39.287036340999975 ], [ -72.384349875999987, -39.282752864999964 ], [ -72.372773070999983, -39.293839964999961 ], [ -72.351009710999961, -39.300089980999985 ], [ -72.348307739999939, -39.308054113999958 ], [ -72.353312998999968, -39.33014116399994 ], [ -72.347892464999973, -39.336936125999955 ], [ -72.374063074999981, -39.351163949999943 ], [ -72.385814922999941, -39.350421362999953 ], [ -72.395623128999944, -39.359746553999969 ], [ -72.436777943999971, -39.362707541999953 ], [ -72.409608595999941, -39.372204565999937 ], [ -72.382663998999988, -39.372136091999948 ], [ -72.376915275999977, -39.376707985999985 ], [ -72.376263182999935, -39.386108496999952 ], [ -72.366793122999979, -39.38844146799994 ], [ -72.366282200999933, -39.393144804999963 ], [ -72.345197962999976, -39.394667870999967 ], [ -72.339625536999961, -39.399092906999954 ], [ -72.347061348999944, -39.42140773899996 ], [ -72.338440724999941, -39.421364848999929 ], [ -72.345955963999984, -39.441323970999974 ], [ -72.344456165999986, -39.450059578999969 ], [ -72.354700081999965, -39.460573383999929 ], [ -72.342575368999974, -39.469429199999979 ], [ -72.342255310999974, -39.477833139999973 ], [ -72.322842947999959, -39.483309143999975 ], [ -72.301065073999951, -39.497283000999971 ], [ -72.278779469999961, -39.489984541999945 ], [ -72.264260065999963, -39.470903888999942 ], [ -72.25351739599995, -39.472637483999961 ], [ -72.240828009999973, -39.46588513599994 ], [ -72.218569688999935, -39.467483605999973 ], [ -72.236670311999944, -39.471217452999952 ], [ -72.243048730999988, -39.48591573799996 ], [ -72.258283370999948, -39.491454682999972 ], [ -72.255050565999966, -39.500399207999976 ], [ -72.270257178999941, -39.511157348999973 ], [ -72.259018044999948, -39.51901742299998 ], [ -72.207479574999979, -39.530613873999982 ], [ -72.185099372999957, -39.521071047999953 ], [ -72.146919814999933, -39.520884606999971 ], [ -72.127006023999968, -39.510158212999954 ], [ -72.117813665999961, -39.510768235999933 ], [ -72.08929905399998, -39.49662150599994 ], [ -72.071566528999938, -39.47912142499996 ], [ -72.025298716999941, -39.458714326999939 ], [ -72.010232529999939, -39.446618908999938 ], [ -71.969749275999959, -39.443840799999975 ], [ -71.939271549999944, -39.420188398999983 ], [ -71.98636, -39.41304 ], [ -71.98541731499995, -39.387661966999929 ], [ -72.005487346999985, -39.37190001099998 ], [ -72.011872276999952, -39.352620649999949 ], [ -72.026760013999933, -39.340140409999947 ], [ -72.05926197399998, -39.329096970999956 ], [ -72.069361837999963, -39.315904011999976 ], [ -72.045885921999968, -39.207896704999939 ], [ -71.970606996999948, -39.196878011999956 ], [ -71.965834419999965, -39.193478855999956 ], [ -71.971055288999935, -39.184395592999977 ], [ -71.969001072999959, -39.179661351999982 ], [ -71.942622205999953, -39.177104887999974 ], [ -71.928801200999942, -39.158347654999943 ], [ -71.910164402999953, -39.160748767999962 ], [ -71.909346624999955, -39.15584182799995 ], [ -71.917087435999974, -39.148018401999934 ], [ -71.950667705999933, -39.133219008999959 ], [ -71.962142596999968, -39.120307539999942 ], [ -71.975624240999934, -39.120333249999931 ], [ -71.994932651999989, -39.130575766999982 ], [ -72.044615777999979, -39.141605684999945 ], [ -72.063154053999938, -39.125085701999978 ], [ -72.082232146999957, -39.126996402999964 ], [ -72.139085384999987, -39.102454213999977 ], [ -72.164631619999966, -39.100177534999943 ], [ -72.182760665999979, -39.105549756999949 ], [ -72.214820157999952, -39.096453688999929 ], [ -72.228327684999954, -39.10262913899993 ], [ -72.24084395899996, -39.099696176999942 ], [ -72.267095082999958, -39.111339932999954 ], [ -72.275140385999975, -39.092057156999942 ], [ -72.309703691999971, -39.071122596999942 ], [ -72.311080414999935, -39.061546915999941 ] ] ] } },
{ "type": "Feature", "properties": { "comuna_id": "31580391B29861417885239", "comuna": "Pucón", "region": "Región de La Araucanía" }, "geometry": { "type": "Polygon", "coordinates": [ [ [ -71.910164402999953, -39.160748767999962 ], [ -71.928801200999942, -39.158347654999943 ], [ -71.942622205999953, -39.177104887999974 ], [ -71.969001072999959, -39.179661351999982 ], [ -71.971055288999935, -39.184395592999977 ], [ -71.965834419999965, -39.193478855999956 ], [ -71.971580464999988, -39.197238024999933 ], [ -72.045885921999968, -39.207896704999939 ], [ -72.068776329999935, -39.318302112999959 ], [ -72.05926197399998, -39.329096970999956 ], [ -72.026760013999933, -39.340140409999947 ], [ -72.011872276999952, -39.352620649999949 ], [ -72.005487346999985, -39.37190001099998 ], [ -71.98541731499995, -39.387661966999929 ], [ -71.98636, -39.41304 ], [ -71.922497892999957, -39.421087800999942 ], [ -71.876746039999944, -39.435124170999984 ], [ -71.861375596999949, -39.435178600999961 ], [ -71.842186279999964, -39.469849343999954 ], [ -71.817265428999974, -39.477605019999942 ], [ -71.810957130999952, -39.489614365999955 ], [ -71.794327604999978, -39.490089308999984 ], [ -71.760799328999951, -39.508499016999963 ], [ -71.718775869999945, -39.493564330999959 ], [ -71.725761797999951, -39.482028415999935 ], [ -71.713481077999973, -39.472328786999981 ], [ -71.710335608999969, -39.453095455999971 ], [ -71.730027211999982, -39.414902877999964 ], [ -71.738911593999944, -39.412644043999933 ], [ -71.729901524999946, -39.396719279999957 ], [ -71.742659856999978, -39.39303426999993 ], [ -71.746024306999971, -39.375229618999981 ], [ -71.742503180999961, -39.36782633699994 ], [ -71.717921319999959, -39.366906233999941 ], [ -71.715768294999975, -39.363187270999958 ], [ -71.744578751999939, -39.334426487999963 ], [ -71.726135387999989, -39.339384182999936 ], [ -71.731316599999957, -39.343648490999954 ], [ -71.706371312999977, -39.34274463099996 ], [ -71.693147621999969, -39.351398493999966 ], [ -71.661179752999942, -39.355857471999968 ], [ -71.658318307999934, -39.352158627999984 ], [ -71.65355823699997, -39.35682542099994 ], [ -71.633496278999985, -39.350386347999972 ], [ -71.635598183999946, -39.346275686999945 ], [ -71.618889776999936, -39.327243320999969 ], [ -71.614995954999983, -39.328125467999939 ], [ -71.616357408999988, -39.31766631399995 ], [ -71.62998676999996, -39.310156763999942 ], [ -71.627595339999971, -39.287852267999938 ], [ -71.646033657999965, -39.272340421999957 ], [ -71.639741328999946, -39.260643066999933 ], [ -71.630948383999964, -39.263600534999966 ], [ -71.619559383999956, -39.258109441999977 ], [ -71.620086137999976, -39.247885559999929 ], [ -71.574409143999958, -39.239769229999979 ], [ -71.560435322999979, -39.242555023999955 ], [ -71.537268943999948, -39.22910328699993 ], [ -71.519961533999947, -39.229369340999938 ], [ -71.513586593999946, -39.213421911999944 ], [ -71.515228690999948, -39.203767429999971 ], [ -71.501778376999937, -39.19611698999995 ], [ -71.506376809999949, -39.194443336999939 ], [ -71.503447421999965, -39.185228123999934 ], [ -71.509486870999979, -39.179370321999954 ], [ -71.524540755999965, -39.184501133999959 ], [ -71.547212396999953, -39.16073900899994 ], [ -71.543359775999988, -39.144180723999966 ], [ -71.534807709999939, -39.138148017999981 ], [ -71.535839651999936, -39.129325921999964 ], [ -71.524665871999957, -39.117889097999978 ], [ -71.529247220999935, -39.110710150999978 ], [ -71.52054977399996, -39.099140843999976 ], [ -71.524246771999969, -39.089149310999971 ], [ -71.52132243799997, -39.07626999799993 ], [ -71.534175310999956, -39.067409220999934 ], [ -71.564472427999988, -39.066611123999962 ], [ -71.594774395999934, -39.077747772999942 ], [ -71.632189808999954, -39.080125009999961 ], [ -71.615663099999949, -39.106867453999939 ], [ -71.645571468999947, -39.115725321999946 ], [ -71.664223236999987, -39.127253989999929 ], [ -71.681038766999961, -39.116672600999948 ], [ -71.730333176999977, -39.108686335999948 ], [ -71.742478305999953, -39.100014681999937 ], [ -71.79673272399998, -39.126324426999929 ], [ -71.817439044999958, -39.126780316999941 ], [ -71.811224470999946, -39.136785434999979 ], [ -71.820089742999983, -39.150002284999971 ], [ -71.855727980999973, -39.147529906999978 ], [ -71.868227741999988, -39.161501053999984 ], [ -71.873726024999939, -39.182215664999944 ], [ -71.891438520999941, -39.185807240999964 ], [ -71.89783149699997, -39.18264361599995 ], [ -71.909683390999987, -39.170755677999978 ], [ -71.910164402999953, -39.160748767999962 ] ] ] } },
{ "type": "Feature", "properties": { "comuna_id": "31580391B26233725433929", "comuna": "Padre Las Casas", "region": "Región de La Araucanía" }, "geometry": { "type": "Polygon", "coordinates": [ [ [ -72.343885781999973, -38.850702637999973 ], [ -72.377382271999977, -38.850872766999942 ], [ -72.386138090999964, -38.842921458999967 ], [ -72.390521332999981, -38.849496248999969 ], [ -72.405417470999964, -38.848940785999957 ], [ -72.401475846999972, -38.855924533999939 ], [ -72.412962192999942, -38.855557555999951 ], [ -72.434320353999965, -38.842317072999947 ], [ -72.429976687999954, -38.819566503999965 ], [ -72.441469902999984, -38.823134355999969 ], [ -72.452218045999984, -38.820624360999943 ], [ -72.438338403999978, -38.810872557999971 ], [ -72.433874578999962, -38.812558773999967 ], [ -72.426668123999946, -38.800660482999945 ], [ -72.422589699999946, -38.802537955999981 ], [ -72.423832100999959, -38.79660905399993 ], [ -72.413076803999957, -38.789484838999954 ], [ -72.419762290999984, -38.786280965999936 ], [ -72.412439475999975, -38.77722480999995 ], [ -72.417417410999974, -38.774208100999942 ], [ -72.414227743999959, -38.766489375999981 ], [ -72.402548759999945, -38.761413384999969 ], [ -72.403424883999946, -38.754732652999962 ], [ -72.394791410999972, -38.75704460999998 ], [ -72.386393111999951, -38.752037697999981 ], [ -72.382630210999935, -38.746271865999972 ], [ -72.39337093499995, -38.74768039099996 ], [ -72.379049837999958, -38.73908867199998 ], [ -72.426859783999987, -38.726623050999933 ], [ -72.434752156999934, -38.720834006999951 ], [ -72.471739381999953, -38.727052961999959 ], [ -72.46712968199995, -38.714211234999937 ], [ -72.462383819999957, -38.715470031999985 ], [ -72.456336748999945, -38.703763035999941 ], [ -72.449085774999958, -38.70444813499995 ], [ -72.448833150999974, -38.700887069999965 ], [ -72.468459, -38.697741808999979 ], [ -72.493300622999982, -38.685007153999948 ], [ -72.510770080999976, -38.684675036999977 ], [ -72.517654827999934, -38.698140218999981 ], [ -72.537338612999974, -38.708709836999958 ], [ -72.547656051999979, -38.719958848999966 ], [ -72.550338869999962, -38.732412387999943 ], [ -72.604735490999985, -38.758141286999944 ], [ -72.647568718999935, -38.764734020999981 ], [ -72.664826744999971, -38.758841844999949 ], [ -72.668481076999967, -38.767835088999959 ], [ -72.681924515999981, -38.77462675299995 ], [ -72.688777321999964, -38.766279291999979 ], [ -72.718600981999941, -38.764898956999957 ], [ -72.726255335999952, -38.775934083999971 ], [ -72.753894634999938, -38.775321780999946 ], [ -72.79002090299997, -38.782184647999941 ], [ -72.80514777999997, -38.777316859999985 ], [ -72.81237512499996, -38.782307255999967 ], [ -72.821344179999983, -38.77676732499998 ], [ -72.840279374999966, -38.808833640999978 ], [ -72.814152040999943, -38.821274435999953 ], [ -72.804673690999948, -38.83326719799993 ], [ -72.790270899999939, -38.833415762999948 ], [ -72.787265463999972, -38.838997779999943 ], [ -72.775956984999937, -38.842230938999933 ], [ -72.739032170999963, -38.835967620999952 ], [ -72.721181883999975, -38.83818443399997 ], [ -72.720986107999977, -38.843557396999984 ], [ -72.714711088999934, -38.846189137999943 ], [ -72.706867511999974, -38.844170880999968 ], [ -72.710766347999936, -38.836930038999981 ], [ -72.704227784999944, -38.831815305999953 ], [ -72.684632471999976, -38.838036472999931 ], [ -72.670237704999977, -38.830880899999954 ], [ -72.656578846999935, -38.838209914999936 ], [ -72.648090280999952, -38.828983652999966 ], [ -72.640126021999947, -38.832321684999954 ], [ -72.636742158999937, -38.825814569999977 ], [ -72.632362228999966, -38.828633474999947 ], [ -72.634636973999989, -38.837155393999979 ], [ -72.624957570999982, -38.838889366999979 ], [ -72.621976878999988, -38.852749193999955 ], [ -72.601586267999949, -38.853175927999985 ], [ -72.602465137999957, -38.862895988999981 ], [ -72.586969093999983, -38.863609987999951 ], [ -72.57135875299997, -38.871362748999957 ], [ -72.564079381999989, -38.867964360999963 ], [ -72.566244550999954, -38.873068644999933 ], [ -72.558871202999967, -38.871885683999949 ], [ -72.558943617999944, -38.867819294999947 ], [ -72.552962939999986, -38.872010171999932 ], [ -72.550204254999983, -38.867752378999967 ], [ -72.542481286999987, -38.876490665999938 ], [ -72.538923583999974, -38.875080829999945 ], [ -72.543553924999969, -38.867688880999935 ], [ -72.514786603999937, -38.865676704999942 ], [ -72.509810992999974, -38.86765511699997 ], [ -72.514711900999941, -38.869606438999938 ], [ -72.510431706999952, -38.87742461199997 ], [ -72.45449883699996, -38.884267947999945 ], [ -72.433894172999942, -38.87944054999997 ], [ -72.401651727999933, -38.89059862199997 ], [ -72.383849889999965, -38.890490056999965 ], [ -72.37214081999997, -38.898123233999968 ], [ -72.35001, -38.89898 ], [ -72.333814806999953, -38.908127975999946 ], [ -72.322790379999958, -38.879874478999966 ], [ -72.329398989999959, -38.878334615999961 ], [ -72.325090193999984, -38.866520120999951 ], [ -72.338164710999934, -38.862910559999932 ], [ -72.343885781999973, -38.850702637999973 ] ] ] } },
{ "type": "Feature", "properties": { "comuna_id": "31580391B79467775584299", "comuna": "Melipeuco", "region": "Región de La Araucanía" }, "geometry": { "type": "Polygon", "coordinates": [ [ [ -71.590638101999957, -39.003780388999985 ], [ -71.531329500999959, -39.000765006999984 ], [ -71.522858559999975, -38.991750151999952 ], [ -71.502518759999987, -38.986954088999937 ], [ -71.48737874699998, -38.973696483999959 ], [ -71.470314608999956, -38.971288833999949 ], [ -71.432902586999944, -38.977318126999933 ], [ -71.432281031999935, -38.961791905999974 ], [ -71.43874178599998, -38.942194902999972 ], [ -71.433506970999986, -38.929136420999953 ], [ -71.424674412999934, -38.921388895999939 ], [ -71.413196201999938, -38.922949784999958 ], [ -71.393145315999959, -38.911020769999936 ], [ -71.408169892999979, -38.90404469899994 ], [ -71.408441764999964, -38.894029561999957 ], [ -71.414395796999941, -38.88846035399996 ], [ -71.404703690999952, -38.877542673999983 ], [ -71.41633699199997, -38.847242193999932 ], [ -71.396790324999984, -38.842649302999973 ], [ -71.38897682299995, -38.831624028999954 ], [ -71.394847160999973, -38.819687703999932 ], [ -71.408190065999975, -38.809975726999937 ], [ -71.408886381999935, -38.802005895999969 ], [ -71.427707189999978, -38.795057164999946 ], [ -71.43615644199997, -38.78170479299996 ], [ -71.464425630999983, -38.777638565999951 ], [ -71.477536368999949, -38.769712156999958 ], [ -71.479018636999967, -38.757227288999957 ], [ -71.493512604999978, -38.763148265999973 ], [ -71.513152872999967, -38.753238739999972 ], [ -71.50042283099998, -38.745781693999959 ], [ -71.495261228999937, -38.72944511399993 ], [ -71.505980622999971, -38.72699485499993 ], [ -71.51612595499995, -38.733844825999938 ], [ -71.526931540999954, -38.72370559899997 ], [ -71.528570893999984, -38.715615672999945 ], [ -71.535929262999957, -38.716591387999983 ], [ -71.534180443999958, -38.702772677999974 ], [ -71.51447120399996, -38.688922683999976 ], [ -71.491918181999949, -38.662633536999977 ], [ -71.511972888999935, -38.667267721999963 ], [ -71.515241185999969, -38.650691845999972 ], [ -71.531946749999975, -38.650394343999949 ], [ -71.547540664999985, -38.629013698999984 ], [ -71.565165788999934, -38.623848764999934 ], [ -71.585359711999956, -38.607398571999965 ], [ -71.590922672999966, -38.59320254499994 ], [ -71.602834747999964, -38.598022538999942 ], [ -71.635555629999942, -38.593187070999932 ], [ -71.641065112999968, -38.598513697999977 ], [ -71.684904821999964, -38.609002677999968 ], [ -71.686246106999988, -38.641509338999981 ], [ -71.690756562999979, -38.647374274999947 ], [ -71.681215105999968, -38.667421658999956 ], [ -71.704111712999975, -38.676714646999983 ], [ -71.730645395999943, -38.69688008199995 ], [ -71.725542927999982, -38.711517368999978 ], [ -71.728856116999964, -38.723103118999973 ], [ -71.758685224999965, -38.725850184999956 ], [ -71.788704591999988, -38.75285906199997 ], [ -71.79795726499998, -38.766478480999979 ], [ -71.794943502999956, -38.790739118999966 ], [ -71.801363231999972, -38.816527676999954 ], [ -71.828586170999984, -38.853971328999933 ], [ -71.829642969999952, -38.864013467999939 ], [ -71.848329566999951, -38.874769121999975 ], [ -71.854820873999984, -38.884631823999939 ], [ -71.828645134999988, -38.883493039999962 ], [ -71.82729835899994, -38.879165232999981 ], [ -71.815254806999974, -38.881780793999951 ], [ -71.809267244999944, -38.874312336999935 ], [ -71.803542428999947, -38.888337796999963 ], [ -71.790056924999988, -38.891090735999967 ], [ -71.770376644999942, -38.903320262999955 ], [ -71.757576752999967, -38.918559727999934 ], [ -71.760216105999973, -38.93102823199996 ], [ -71.753227274999972, -38.94586580899994 ], [ -71.734995105999985, -38.948380616999941 ], [ -71.722507202999964, -38.97489901199998 ], [ -71.711216060999959, -38.984128072999965 ], [ -71.715030487999968, -38.991623467999943 ], [ -71.684981728999958, -39.013332628999933 ], [ -71.658492928999976, -39.008243772999947 ], [ -71.631153838999978, -38.993902069999933 ], [ -71.602240268999935, -38.99569351599996 ], [ -71.590638101999957, -39.003780388999985 ] ] ] } },
{ "type": "Feature", "properties": { "comuna_id": "31580391B61593804571416", "comuna": "Pinto", "region": "Región de Ñuble" }, "geometry": { "type": "Polygon", "coordinates": [ [ [ -72.001068688999965, -36.749647952999965 ], [ -71.994023475999938, -36.745093468999983 ], [ -71.983437914999968, -36.747555729999931 ], [ -71.955479261999983, -36.776670043999957 ], [ -71.914263936999987, -36.787663836999968 ], [ -71.856171391999965, -36.811146384999972 ], [ -71.830918425999982, -36.831475055999931 ], [ -71.822326738999948, -36.832698968999978 ], [ -71.819666746999985, -36.824564310999961 ], [ -71.812815413999942, -36.824050860999932 ], [ -71.811062438999954, -36.815835000999982 ], [ -71.78232836899997, -36.822999598999957 ], [ -71.755414186999985, -36.817160615999967 ], [ -71.754917982999984, -36.822938159999978 ], [ -71.774855800999944, -36.830800791999934 ], [ -71.773556026999984, -36.83390147199998 ], [ -71.76231039399994, -36.828527977999954 ], [ -71.753180072999953, -36.832250536999936 ], [ -71.743160472999989, -36.826574069999936 ], [ -71.733152187999963, -36.829471185999978 ], [ -71.72793980299997, -36.836152357999936 ], [ -71.708154253999965, -36.843408494999949 ], [ -71.708528961999946, -36.851973442999963 ], [ -71.662493230999985, -36.872244987999977 ], [ -71.647485511999946, -36.873669338999946 ], [ -71.597573869999962, -36.910291019999931 ], [ -71.598392305999937, -36.940876209999942 ], [ -71.586801738999952, -36.953331101999936 ], [ -71.591946950999954, -36.966993069999944 ], [ -71.587604239999962, -36.972255938999979 ], [ -71.592979086999947, -36.979546168999946 ], [ -71.588183937999986, -36.986391576999949 ], [ -71.595452289999969, -36.991441451999947 ], [ -71.59535542499998, -36.997251177999942 ], [ -71.581270420999942, -37.000446045999979 ], [ -71.569072690999974, -37.014310250999984 ], [ -71.55489148199996, -37.013915167999983 ], [ -71.551682737999954, -37.019612345999974 ], [ -71.525191258999939, -37.006864745999962 ], [ -71.509468090999974, -37.004614510999943 ], [ -71.497094726999933, -37.008929455999976 ], [ -71.491818334999948, -37.015918186999954 ], [ -71.480024277999973, -37.019751669999948 ], [ -71.474000358999945, -37.035306910999964 ], [ -71.461404312999946, -37.043576144999975 ], [ -71.45863376799997, -37.066211099999975 ], [ -71.417225198999972, -37.078191956999945 ], [ -71.410083146999966, -37.090332084999943 ], [ -71.395760482999947, -37.079599365999968 ], [ -71.394042979999938, -37.069132248999949 ], [ -71.384143858999948, -37.067114180999965 ], [ -71.367726614999981, -37.068557931999976 ], [ -71.354764995999972, -37.076131723999936 ], [ -71.329037427999936, -37.077320537999981 ], [ -71.303707512999949, -37.101934063999977 ], [ -71.282298556999933, -37.103020559999948 ], [ -71.270097380999971, -37.11151982399997 ], [ -71.243857669999954, -37.110573171999931 ], [ -71.188537832999941, -37.097755894999977 ], [ -71.155437306999943, -37.116071222999949 ], [ -71.114408225999966, -37.115766094999969 ], [ -71.096189400999947, -37.109605000999977 ], [ -71.123261269999944, -37.089650639999945 ], [ -71.121091201999945, -37.072575627999981 ], [ -71.140907352999989, -37.069092095999963 ], [ -71.143991134999965, -37.061496857999941 ], [ -71.137195393999946, -37.052759475999949 ], [ -71.143077421999976, -37.031629862999978 ], [ -71.158210793999956, -37.008501501999945 ], [ -71.166662638999981, -37.005474827999933 ], [ -71.167176602999973, -36.997251409999933 ], [ -71.188020680999955, -36.996394803999976 ], [ -71.198382962999972, -36.987097734999963 ], [ -71.221532016999959, -36.982071567999981 ], [ -71.225305042999935, -36.97697143299996 ], [ -71.223405480999986, -36.965967008999939 ], [ -71.26038773199997, -36.942089021999948 ], [ -71.254912733999959, -36.93017974299994 ], [ -71.260668491999979, -36.914812578999943 ], [ -71.277854820999949, -36.90959496399995 ], [ -71.303028208999933, -36.922479061999979 ], [ -71.329339525999956, -36.919163099999935 ], [ -71.344929605999937, -36.911186911999948 ], [ -71.339943137999967, -36.897410987999933 ], [ -71.350587546999975, -36.894564819999971 ], [ -71.364266122999936, -36.877422562999982 ], [ -71.371889694999936, -36.875301452999963 ], [ -71.398764471999982, -36.850519272999975 ], [ -71.40622893799997, -36.831735768999977 ], [ -71.430504548999977, -36.812442644999976 ], [ -71.440677113999982, -36.813500354999974 ], [ -71.457380669999964, -36.826777414999981 ], [ -71.49152165299995, -36.824695639999959 ], [ -71.512372751999976, -36.830972560999953 ], [ -71.520201996999958, -36.838815699999941 ], [ -71.561740721999968, -36.845859707999978 ], [ -71.611256313999945, -36.830461106999962 ], [ -71.623176097999988, -36.815122819999942 ], [ -71.648177688999965, -36.801526983999963 ], [ -71.674067843999978, -36.796010406999983 ], [ -71.721616905999952, -36.798715153999979 ], [ -71.754646502999947, -36.792631149999977 ], [ -71.78099310999994, -36.772409989999971 ], [ -71.795080183999971, -36.767181529999959 ], [ -71.798159378999969, -36.75130196799995 ], [ -71.803960543999949, -36.74516407699997 ], [ -71.82183787699995, -36.740953198999932 ], [ -71.839969103999977, -36.718377589999932 ], [ -71.859637368999984, -36.713631665999969 ], [ -71.880036331999975, -36.69602944199994 ], [ -71.902263065999989, -36.691059459999963 ], [ -71.913625288999981, -36.676995580999971 ], [ -71.925405127999966, -36.675525378999964 ], [ -71.936937183999987, -36.665982645999975 ], [ -71.950732031999962, -36.68517156799993 ], [ -71.982627345999958, -36.671965450999949 ], [ -72.003647817999934, -36.704001475999974 ], [ -71.979344306999963, -36.720773035999969 ], [ -72.001068688999965, -36.749647952999965 ] ] ] } },
{ "type": "Feature", "properties": { "comuna_id": "31580391B25805905563941", "comuna": "San Ignacio", "region": "Región de Ñuble" }, "geometry": { "type": "Polygon", "coordinates": [ [ [ -72.202250825999954, -36.889594448999958 ], [ -72.191386401999978, -36.884278320999954 ], [ -72.150300300999959, -36.900298699999951 ], [ -72.118220444999963, -36.898497093999936 ], [ -72.094384283999943, -36.903362691999973 ], [ -72.084777157999952, -36.894201189999933 ], [ -72.045648028999949, -36.894154617999959 ], [ -72.030729141999984, -36.87625778499995 ], [ -72.022746889999951, -36.873382136999965 ], [ -72.023250679999933, -36.868385653999951 ], [ -72.014692824999941, -36.865401774999953 ], [ -71.982793510999954, -36.868173506999938 ], [ -71.972278092999943, -36.860874480999939 ], [ -71.956350420999968, -36.861470112999939 ], [ -71.932176657999946, -36.852743226999962 ], [ -71.894339981999963, -36.858618221999961 ], [ -71.858316859999945, -36.849866689999942 ], [ -71.833999723999966, -36.850333250999938 ], [ -71.800972505999937, -36.83971061799997 ], [ -71.787027198999965, -36.840871112999935 ], [ -71.754917982999984, -36.822938159999978 ], [ -71.755414186999985, -36.817160615999967 ], [ -71.78232836899997, -36.822999598999957 ], [ -71.811062438999954, -36.815835000999982 ], [ -71.812815413999942, -36.824050860999932 ], [ -71.819666746999985, -36.824564310999961 ], [ -71.822326738999948, -36.832698968999978 ], [ -71.830918425999982, -36.831475055999931 ], [ -71.856171391999965, -36.811146384999972 ], [ -71.914263936999987, -36.787663836999968 ], [ -71.955479261999983, -36.776670043999957 ], [ -71.983437914999968, -36.747555729999931 ], [ -71.994023475999938, -36.745093468999983 ], [ -71.999458450999953, -36.749993171999961 ], [ -72.032734457999936, -36.744137434999971 ], [ -72.047687390999954, -36.745113425999932 ], [ -72.055183524999961, -36.750453787999959 ], [ -72.075025497999945, -36.741184189999956 ], [ -72.110452571999986, -36.734043661999976 ], [ -72.113281733999941, -36.729448911999953 ], [ -72.127424760999986, -36.728367486999957 ], [ -72.134084478999966, -36.736951216999955 ], [ -72.108107338999957, -36.795299160999946 ], [ -72.146222469999941, -36.786981160999972 ], [ -72.150829275999968, -36.808978054999955 ], [ -72.165058246999934, -36.805959640999959 ], [ -72.178428151999981, -36.835560057999942 ], [ -72.172280545999968, -36.83661781099994 ], [ -72.173454301999982, -36.84070879099994 ], [ -72.180487362999941, -36.839844354999968 ], [ -72.202250825999954, -36.889594448999958 ] ] ] } },
{ "type": "Feature", "properties": { "comuna_id": "31580391B71174883000907", "comuna": "Pemuco", "region": "Región de Ñuble" }, "geometry": { "type": "Polygon", "coordinates": [ [ [ -72.380437425999958, -36.866714237999929 ], [ -72.375968469999975, -36.898604589999934 ], [ -72.385543535999943, -36.911632091999934 ], [ -72.375322787999949, -36.917442051999956 ], [ -72.366202738999959, -36.938082007999981 ], [ -72.352478226999949, -36.939362873999983 ], [ -72.343307195999955, -36.970561468999961 ], [ -72.331709864999937, -36.97105973999993 ], [ -72.326035438999952, -36.981465130999936 ], [ -72.311309795999989, -36.982920563999983 ], [ -72.287167232999934, -36.997830975999932 ], [ -72.253081316999953, -37.000712477999969 ], [ -72.172706374999962, -37.036267703999954 ], [ -72.163578208999979, -37.033471916999929 ], [ -72.143395189999978, -37.038496724999959 ], [ -72.133334334999972, -37.034768146999966 ], [ -72.131865562999963, -37.04268710599996 ], [ -72.124287354999979, -37.036252130999969 ], [ -72.115285100999984, -37.040363194999941 ], [ -72.096344976999944, -37.035354784999981 ], [ -72.085380018999956, -37.045403456999964 ], [ -72.055465630999947, -37.044054209999956 ], [ -72.053984172999947, -37.048174966999966 ], [ -72.038208649999945, -37.040628373999937 ], [ -71.989523688999952, -37.037065206999955 ], [ -71.975702575999946, -37.052671664999934 ], [ -71.958030209999947, -37.044650286999968 ], [ -71.956314318999944, -37.049927189999948 ], [ -71.948040302999971, -37.049822482999957 ], [ -71.942803517999948, -37.055882534999967 ], [ -71.920357531999969, -37.054314655999974 ], [ -71.91452469799998, -37.059812689999944 ], [ -71.873657764999962, -37.066567456999962 ], [ -71.845956677999936, -37.058048326999938 ], [ -71.839634670999942, -37.060348714999975 ], [ -71.83223566199996, -37.054010481999967 ], [ -71.780869892999988, -37.053721104999966 ], [ -71.757965442999989, -37.045365897999943 ], [ -71.739871499999936, -37.04618504299998 ], [ -71.713965791999954, -37.037882977999971 ], [ -71.692663401999937, -37.037015642999961 ], [ -71.668818214999988, -37.030117256999972 ], [ -71.662380066999958, -37.022534406999966 ], [ -71.631231002999982, -37.018693424999981 ], [ -71.616493123999987, -37.006280827999944 ], [ -71.596137260999967, -37.004857325999978 ], [ -71.593690577999951, -36.990105724999978 ], [ -71.604028043999961, -36.970907361999934 ], [ -71.613267791999988, -36.969036137999979 ], [ -71.620876049999936, -36.973145526999929 ], [ -71.631545476999975, -36.96829523599996 ], [ -71.639796041999944, -36.968691486999944 ], [ -71.661909007999952, -36.98494411799993 ], [ -71.669785674999957, -36.984561957999972 ], [ -71.691687327999944, -37.010876737999979 ], [ -71.711274187999948, -37.01466994599997 ], [ -71.742231803999971, -37.002256890999945 ], [ -71.789836542999979, -37.000973783999939 ], [ -71.824505592999969, -37.009336574999963 ], [ -71.869031469999982, -37.005100832999972 ], [ -71.903874987999984, -36.995743405999974 ], [ -71.924519180999937, -36.99872249799995 ], [ -71.958492448999948, -36.991980040999977 ], [ -71.965056359999949, -36.995383121999964 ], [ -71.966353879999986, -36.990262052999981 ], [ -71.976346234999937, -36.986511901999961 ], [ -72.000905000999978, -36.989496288999931 ], [ -72.037014590999945, -36.962568603999955 ], [ -72.056525927999985, -36.961882806999938 ], [ -72.06392849599996, -36.955753914999946 ], [ -72.079418239999939, -36.953730218999965 ], [ -72.085514677999981, -36.94685588599998 ], [ -72.095031998999957, -36.950432440999975 ], [ -72.100675034999938, -36.941039116999946 ], [ -72.127554500999963, -36.933584550999967 ], [ -72.131046498999979, -36.924112412999932 ], [ -72.156120620999957, -36.92375799499996 ], [ -72.160961454999949, -36.916937681999968 ], [ -72.173046262999947, -36.913905343999943 ], [ -72.173108757999955, -36.908355772999982 ], [ -72.198287607999987, -36.909637577999945 ], [ -72.204866032999973, -36.903155731999959 ], [ -72.208338075999961, -36.905643454999961 ], [ -72.243807380999954, -36.893056697999953 ], [ -72.273393235999947, -36.892082528999936 ], [ -72.302038417999938, -36.881145108999931 ], [ -72.309983404999969, -36.869966148999936 ], [ -72.319413451999935, -36.872476376999941 ], [ -72.325110403999986, -36.867206300999953 ], [ -72.363163260999954, -36.863501852999946 ], [ -72.369120791999933, -36.868460722999941 ], [ -72.380437425999958, -36.866714237999929 ] ] ] } },
{ "type": "Feature", "properties": { "comuna_id": "31580391B66532999212584", "comuna": "San Nicolás", "region": "Región de Ñuble" }, "geometry": { "type": "Polygon", "coordinates": [ [ [ -72.093071316999954, -36.55110095799995 ], [ -72.06901561899997, -36.527169857999979 ], [ -72.078257342999962, -36.52148976999996 ], [ -72.059062340999958, -36.486648963999983 ], [ -72.075656877999961, -36.481482654999979 ], [ -72.073294548999968, -36.468827089999934 ], [ -72.061090496999952, -36.471234910999954 ], [ -72.051853, -36.465915440999936 ], [ -72.049379193999982, -36.453736169999956 ], [ -72.082811878999962, -36.457770342999936 ], [ -72.081577507999953, -36.454098188999978 ], [ -72.086920483999961, -36.452651738999975 ], [ -72.08278203499998, -36.439258629999983 ], [ -72.076696908999963, -36.432716076999952 ], [ -72.056471622999936, -36.427289470999938 ], [ -72.051388305999978, -36.419274507999944 ], [ -72.093956243999969, -36.40203443799993 ], [ -72.154111506999982, -36.390872246999947 ], [ -72.155252434999966, -36.379833019999978 ], [ -72.175698443999977, -36.36867085199998 ], [ -72.217579096999941, -36.362413233999973 ], [ -72.231059918999961, -36.365240918999973 ], [ -72.239520144999972, -36.352802093999969 ], [ -72.249452339999948, -36.350210530999959 ], [ -72.316041466999934, -36.35883169799996 ], [ -72.297827233999953, -36.374367746999951 ], [ -72.297522431999937, -36.379813191999972 ], [ -72.302118743999984, -36.390078229999972 ], [ -72.337230098999953, -36.406461896999929 ], [ -72.348867461999987, -36.443535546999954 ], [ -72.363443118999953, -36.447325103999958 ], [ -72.361186392999969, -36.45328651799997 ], [ -72.368893686999968, -36.455798013999981 ], [ -72.370103163999943, -36.464904581999974 ], [ -72.363103631999934, -36.476024683999981 ], [ -72.370648754999934, -36.476197767999963 ], [ -72.369767091999961, -36.481108140999936 ], [ -72.359034982999958, -36.485086549999949 ], [ -72.358892569999966, -36.493998869999984 ], [ -72.353150268999968, -36.498769740999933 ], [ -72.362370587999976, -36.511258603999977 ], [ -72.357710856999972, -36.527690256999961 ], [ -72.364733497999964, -36.550188934999937 ], [ -72.361305794999964, -36.562071685999967 ], [ -72.376122495999937, -36.579867675999935 ], [ -72.386210957999936, -36.577002066999967 ], [ -72.395181459999947, -36.617305863999945 ], [ -72.388157206999949, -36.62257199499993 ], [ -72.34977801399998, -36.600997316999951 ], [ -72.342908586999954, -36.603963480999937 ], [ -72.316513069999985, -36.598630564999951 ], [ -72.310320121999951, -36.590177899999958 ], [ -72.291434731999971, -36.59946606699998 ], [ -72.267370653999933, -36.596197853999968 ], [ -72.255449666999937, -36.578444884999954 ], [ -72.243854639999938, -36.585593650999954 ], [ -72.224027174999947, -36.58362701599998 ], [ -72.21197400899996, -36.571022046999929 ], [ -72.20241871099995, -36.57203792599995 ], [ -72.197855179999976, -36.557624165999982 ], [ -72.188783374999957, -36.553500067999948 ], [ -72.176431610999941, -36.551825027999939 ], [ -72.166928459999951, -36.556320567999933 ], [ -72.13300019899998, -36.548308076999945 ], [ -72.107126316999938, -36.551116107999974 ], [ -72.101883955999938, -36.54655341299997 ], [ -72.093071316999954, -36.55110095799995 ] ] ] } },
{ "type": "Feature", "properties": { "comuna_id": "31580391B80350812734031", "comuna": "San Fabián", "region": "Región de Ñuble" }, "geometry": { "type": "Polygon", "coordinates": [ [ [ -71.681010528999934, -36.523028201999978 ], [ -71.657694982999942, -36.523639402999947 ], [ -71.632286050999937, -36.514245896999967 ], [ -71.618889555999942, -36.515459920999945 ], [ -71.613669141999935, -36.521251846999974 ], [ -71.604910598999936, -36.518904643999974 ], [ -71.592627621999952, -36.528233058999945 ], [ -71.596695341999975, -36.535167711999975 ], [ -71.594326312999954, -36.540678643999968 ], [ -71.58603494099998, -36.541108764999933 ], [ -71.588435740999955, -36.549664678999932 ], [ -71.569266848999973, -36.556838209999967 ], [ -71.561038479999979, -36.563800553999954 ], [ -71.565039786999989, -36.566872186999944 ], [ -71.554313241999978, -36.574143294999942 ], [ -71.544598545999975, -36.570619584999974 ], [ -71.533787546999974, -36.58236827199994 ], [ -71.519748279999988, -36.588252367999985 ], [ -71.520484906999968, -36.596856117999948 ], [ -71.503679512999952, -36.599748924999972 ], [ -71.496510270999977, -36.60659452699997 ], [ -71.485755969999957, -36.603798310999935 ], [ -71.47706276599996, -36.611598859999958 ], [ -71.466540562999967, -36.608903132999956 ], [ -71.463512555999955, -36.615631135999934 ], [ -71.452618560999952, -36.613304382999956 ], [ -71.447598495999955, -36.626027653999984 ], [ -71.43916306999995, -36.619100740999954 ], [ -71.439011110999957, -36.628822432999982 ], [ -71.426068905999955, -36.632391599999949 ], [ -71.421870241999954, -36.63874958599996 ], [ -71.403286665999985, -36.642718578999961 ], [ -71.395219962999988, -36.652823707999971 ], [ -71.347718484999973, -36.654279689999953 ], [ -71.332220273999951, -36.665127777999942 ], [ -71.320888210999954, -36.663512448999938 ], [ -71.291981900999986, -36.678279805999978 ], [ -71.289751928999976, -36.685155097999939 ], [ -71.281163963999973, -36.687557973999958 ], [ -71.278327101999935, -36.696987950999983 ], [ -71.283966035999981, -36.703866306999942 ], [ -71.279748336999944, -36.712524739999935 ], [ -71.262528065999959, -36.730916496999953 ], [ -71.266295781999986, -36.73609887799995 ], [ -71.265624367999976, -36.764587124999935 ], [ -71.255171540999982, -36.776115811999944 ], [ -71.255461717999935, -36.786458832999983 ], [ -71.249142872999983, -36.79060640199998 ], [ -71.254650863999984, -36.81324865299996 ], [ -71.248612323999964, -36.836852032999957 ], [ -71.234677587999954, -36.843789483999956 ], [ -71.223617848999936, -36.861690580999948 ], [ -71.202770563999934, -36.874354325999946 ], [ -71.205746700999953, -36.880400083999973 ], [ -71.195527357999936, -36.901180945999954 ], [ -71.164909076999948, -36.922276014999966 ], [ -71.154222817999937, -36.940803487999972 ], [ -71.135664607999956, -36.94135786399994 ], [ -71.128045330999953, -36.946937927999954 ], [ -71.111714979999988, -36.936814247999962 ], [ -71.088057054999979, -36.937776114999963 ], [ -71.088215667999975, -36.92860492899996 ], [ -71.095324351999977, -36.925082694999958 ], [ -71.104994885999986, -36.929184144999965 ], [ -71.113022652999973, -36.924992911999936 ], [ -71.121269769999969, -36.931956039999932 ], [ -71.144870441999956, -36.929009526999948 ], [ -71.150065650999977, -36.901553619999959 ], [ -71.140121015999966, -36.896244279999962 ], [ -71.129966851999939, -36.873779724999963 ], [ -71.120484762999979, -36.868956957999956 ], [ -71.122115751999957, -36.863591587999963 ], [ -71.138851219999935, -36.853484629999969 ], [ -71.162986227999966, -36.86142009799994 ], [ -71.179833612999971, -36.842739004999942 ], [ -71.164925530999938, -36.820236766999983 ], [ -71.151467553999964, -36.825976794999974 ], [ -71.13222768299994, -36.814221480999947 ], [ -71.128386401999933, -36.763936731999934 ], [ -71.119343449999974, -36.755119626999942 ], [ -71.120814487999951, -36.74104226399993 ], [ -71.111625278999952, -36.727706540999975 ], [ -71.112284723999949, -36.713796306999939 ], [ -71.119734033999976, -36.699504361999971 ], [ -71.11340904399998, -36.680068959999971 ], [ -71.086027099999967, -36.677819534999969 ], [ -71.078809712999941, -36.689788224999972 ], [ -71.07764478699994, -36.705140827999969 ], [ -71.06596783699996, -36.714556124999945 ], [ -71.054837777999978, -36.707349805999968 ], [ -71.013262156999986, -36.697467904999939 ], [ -71.007304605999934, -36.683561881999935 ], [ -71.013366538999946, -36.673527384999943 ], [ -71.01101423199998, -36.664732971999968 ], [ -71.027269744999955, -36.663484475999951 ], [ -71.028514575999964, -36.651229650999937 ], [ -71.040719784999965, -36.648744918999967 ], [ -71.045273014999964, -36.626379816999929 ], [ -71.057474148999972, -36.618217706999928 ], [ -71.048252007999963, -36.608074579999936 ], [ -71.046038980999981, -36.595582839999963 ], [ -71.046194214999957, -36.582800515999963 ], [ -71.054769872999941, -36.576418758999978 ], [ -71.05584504899997, -36.567026969999972 ], [ -71.040788556999985, -36.550095760999966 ], [ -71.050813128999948, -36.524416561999942 ], [ -71.035319000999948, -36.510118829999954 ], [ -71.039177675999952, -36.50018917999995 ], [ -71.035311065999963, -36.474235980999936 ], [ -71.060677250999959, -36.46337217699994 ], [ -71.059964216999958, -36.456245313999943 ], [ -71.068118688999959, -36.44786634899998 ], [ -71.058134051999957, -36.422055680999961 ], [ -71.064963514999988, -36.409174762999953 ], [ -71.059153045999949, -36.387559171999953 ], [ -71.081495747999952, -36.368605511999931 ], [ -71.099287218999962, -36.369821596999941 ], [ -71.114941989999977, -36.361898159999953 ], [ -71.138244277999945, -36.375954795999974 ], [ -71.155671587999962, -36.405564894999941 ], [ -71.163808126999982, -36.400532417999955 ], [ -71.180449514999964, -36.403577270999961 ], [ -71.192375637999987, -36.412873083999955 ], [ -71.196987141999955, -36.418620109999949 ], [ -71.197116563999941, -36.438375889999975 ], [ -71.208397101999935, -36.448355144999937 ], [ -71.220756697999946, -36.451067166999962 ], [ -71.229566431999956, -36.464567834999968 ], [ -71.247589593999976, -36.459329765999939 ], [ -71.262730186999988, -36.440039626999976 ], [ -71.281529239999941, -36.448355768999932 ], [ -71.285980197999947, -36.459066808999978 ], [ -71.293794694999974, -36.463901066999938 ], [ -71.295448807999946, -36.478501033999976 ], [ -71.306949454999938, -36.483578866999949 ], [ -71.308513276999975, -36.502560041999971 ], [ -71.320275930999969, -36.531977348999931 ], [ -71.335864975999982, -36.543564655999944 ], [ -71.344705098999952, -36.53569936699995 ], [ -71.346171433999984, -36.51984252099993 ], [ -71.352835494999965, -36.512523012999964 ], [ -71.394261402999973, -36.510089684999969 ], [ -71.409819211999945, -36.503223034999962 ], [ -71.430749714999934, -36.467004231999965 ], [ -71.432694663999939, -36.454168842999934 ], [ -71.438037355999938, -36.452250120999963 ], [ -71.43838190799994, -36.432953613999985 ], [ -71.448148745999958, -36.430177432999983 ], [ -71.467243172999986, -36.412059635999981 ], [ -71.502478378999967, -36.415488313999958 ], [ -71.516116719999957, -36.404795023999952 ], [ -71.522339393999971, -36.409164491999945 ], [ -71.544848169999966, -36.407288420999976 ], [ -71.548746665999943, -36.402933761999975 ], [ -71.571239563999939, -36.404341243999966 ], [ -71.582970881999984, -36.392541004999941 ], [ -71.597498121999934, -36.38975684299993 ], [ -71.627977112999986, -36.372026241999947 ], [ -71.640496842999937, -36.373838660999979 ], [ -71.639317177999942, -36.384250632999965 ], [ -71.629129845999955, -36.395909218999975 ], [ -71.67321782199997, -36.424214130999928 ], [ -71.689453509999964, -36.440823028999944 ], [ -71.67568565199997, -36.446178557999929 ], [ -71.683954834999952, -36.461692081999956 ], [ -71.675020986999982, -36.464250152999966 ], [ -71.676634515999979, -36.469279802999949 ], [ -71.671243452999988, -36.472406257999978 ], [ -71.672922749999941, -36.487914788999944 ], [ -71.666065096999944, -36.493215453999937 ], [ -71.681010528999934, -36.523028201999978 ] ] ] } },
{ "type": "Feature", "properties": { "comuna_id": "31580391B18076423610591", "comuna": "Ñiquén", "region": "Región de Ñuble" }, "geometry": { "type": "Polygon", "coordinates": [ [ [ -71.689453509999964, -36.440823028999944 ], [ -71.67321782199997, -36.424214130999928 ], [ -71.629129845999955, -36.395909218999975 ], [ -71.639317177999942, -36.384250632999965 ], [ -71.640496842999937, -36.373838660999979 ], [ -71.701041566999947, -36.353255928999943 ], [ -71.700841098999945, -36.348235467999984 ], [ -71.713447707999933, -36.345159280999951 ], [ -71.73992203499995, -36.319722481999975 ], [ -71.767880669999954, -36.30810411899995 ], [ -71.774081649999971, -36.297051627999963 ], [ -71.786307983999961, -36.292903439999975 ], [ -71.797017793999942, -36.275228408999965 ], [ -71.803284472999962, -36.273156192999977 ], [ -71.804598158999966, -36.262711852999985 ], [ -71.811560152999959, -36.254758853999931 ], [ -71.822982946999957, -36.256042294999929 ], [ -71.83380247599996, -36.251155170999937 ], [ -71.845075858999962, -36.255785626999966 ], [ -71.846849017999943, -36.247079185999951 ], [ -71.86353687899998, -36.245925390999957 ], [ -71.872534775999952, -36.257495892999941 ], [ -71.90909391699995, -36.268669340999963 ], [ -71.920750970999961, -36.259132488999967 ], [ -71.944417767999937, -36.258597004999956 ], [ -71.956454472999951, -36.250422128999958 ], [ -71.96384786699997, -36.252363938999963 ], [ -71.966183632999957, -36.259302655999932 ], [ -71.974298699999963, -36.258644945999947 ], [ -71.981030738999948, -36.251242119999972 ], [ -71.980072681999957, -36.240175016999956 ], [ -71.992239985999959, -36.241819739999983 ], [ -71.993226289999939, -36.231450375999941 ], [ -71.999281441999983, -36.227193933999956 ], [ -71.999708410999972, -36.216942202999974 ], [ -71.990646309999988, -36.212763987999949 ], [ -71.990618214999984, -36.208670333999976 ], [ -72.012523357999953, -36.198766315999933 ], [ -72.011564025999974, -36.191561890999935 ], [ -72.020442839999987, -36.189688358999945 ], [ -72.024583313999983, -36.18349316299998 ], [ -72.023519945999965, -36.174403841999947 ], [ -72.035956411999962, -36.176317016999974 ], [ -72.059282467999935, -36.156651633999957 ], [ -72.07275393599997, -36.156281065999963 ], [ -72.069158888999937, -36.149948051999957 ], [ -72.079091954999967, -36.140535316999944 ], [ -72.072445809999977, -36.137429906999955 ], [ -72.075195563999955, -36.131313576999958 ], [ -72.088253947999988, -36.130592522999962 ], [ -72.099073830999941, -36.137117820999947 ], [ -72.098446316999969, -36.125600617999964 ], [ -72.103156277999972, -36.123289584999952 ], [ -72.098620066999956, -36.156093222999971 ], [ -72.121911237999939, -36.186947562999933 ], [ -72.131309602999977, -36.191732444999957 ], [ -72.128101411999978, -36.198465453999972 ], [ -72.130793551999943, -36.217248728999948 ], [ -72.136310358999935, -36.221100172999968 ], [ -72.135039519999964, -36.229196243999979 ], [ -72.142424028999983, -36.239107292999961 ], [ -72.134804764999956, -36.252878909999936 ], [ -72.134190684999965, -36.267947018999962 ], [ -72.115180426999984, -36.275824763999935 ], [ -72.111419292999983, -36.283480104999967 ], [ -72.06972379299998, -36.290687102999982 ], [ -72.003471238999964, -36.290235884999959 ], [ -71.983785460999968, -36.299668695999969 ], [ -71.952071184999966, -36.297404563999976 ], [ -71.908637339999984, -36.339634435999983 ], [ -71.874499834999938, -36.389530406999938 ], [ -71.847598712999968, -36.408947152999929 ], [ -71.820691007999983, -36.416927744999953 ], [ -71.811484324999981, -36.406479614999967 ], [ -71.804535516999977, -36.407946992999939 ], [ -71.793312684999933, -36.394960705999949 ], [ -71.781674058999954, -36.410096273999955 ], [ -71.771731554999974, -36.414508721999937 ], [ -71.755200342999956, -36.421638279999968 ], [ -71.725899457999958, -36.418256038999971 ], [ -71.689453509999964, -36.440823028999944 ] ] ] } },
{ "type": "Feature", "properties": { "comuna_id": "31580391B10357599683701", "comuna": "El Carmen", "region": "Región de Ñuble" }, "geometry": { "type": "Polygon", "coordinates": [ [ [ -72.217267758999981, -36.901308851999943 ], [ -72.204288030999976, -36.903371818999972 ], [ -72.198287607999987, -36.909637577999945 ], [ -72.172820196999965, -36.908461587999966 ], [ -72.173046262999947, -36.913905343999943 ], [ -72.160961454999949, -36.916937681999968 ], [ -72.156120620999957, -36.92375799499996 ], [ -72.131046498999979, -36.924112412999932 ], [ -72.127554500999963, -36.933584550999967 ], [ -72.100675034999938, -36.941039116999946 ], [ -72.095031998999957, -36.950432440999975 ], [ -72.085514677999981, -36.94685588599998 ], [ -72.079418239999939, -36.953730218999965 ], [ -72.06392849599996, -36.955753914999946 ], [ -72.056525927999985, -36.961882806999938 ], [ -72.037014590999945, -36.962568603999955 ], [ -72.000905000999978, -36.989496288999931 ], [ -71.976002559999984, -36.986557138999956 ], [ -71.966353879999986, -36.990262052999981 ], [ -71.965056359999949, -36.995383121999964 ], [ -71.958492448999948, -36.991980040999977 ], [ -71.924519180999937, -36.99872249799995 ], [ -71.903874987999984, -36.995743405999974 ], [ -71.869031469999982, -37.005100832999972 ], [ -71.824505592999969, -37.009336574999963 ], [ -71.789836542999979, -37.000973783999939 ], [ -71.742231803999971, -37.002256890999945 ], [ -71.711274187999948, -37.01466994599997 ], [ -71.691687327999944, -37.010876737999979 ], [ -71.669785674999957, -36.984561957999972 ], [ -71.65628282199998, -36.982316802999947 ], [ -71.639796041999944, -36.968691486999944 ], [ -71.620327605999933, -36.973183995999932 ], [ -71.605024851999985, -36.97000326899996 ], [ -71.593690577999951, -36.990105724999978 ], [ -71.588183937999986, -36.986391576999949 ], [ -71.592979086999947, -36.979546168999946 ], [ -71.587604239999962, -36.972255938999979 ], [ -71.591946950999954, -36.966993069999944 ], [ -71.586801738999952, -36.953331101999936 ], [ -71.598392305999937, -36.940876209999942 ], [ -71.597542559999965, -36.91040598799998 ], [ -71.604532798999969, -36.901612624999984 ], [ -71.627314842999965, -36.891348059999984 ], [ -71.648328479999975, -36.873197624999932 ], [ -71.662493230999985, -36.872244987999977 ], [ -71.708528961999946, -36.851973442999963 ], [ -71.708154253999965, -36.843408494999949 ], [ -71.742497517999936, -36.826586273999965 ], [ -71.752387848999945, -36.832183182999984 ], [ -71.76863534599994, -36.830267693999929 ], [ -71.787774768999952, -36.841104349999966 ], [ -71.826584128999968, -36.845100593999973 ], [ -71.834419386999969, -36.850404368999932 ], [ -71.858316859999945, -36.849866689999942 ], [ -71.894339981999963, -36.858618221999961 ], [ -71.932176657999946, -36.852743226999962 ], [ -71.956350420999968, -36.861470112999939 ], [ -71.972278092999943, -36.860874480999939 ], [ -71.982793510999954, -36.868173506999938 ], [ -72.014385886999946, -36.865331834999949 ], [ -72.023250679999933, -36.868385653999951 ], [ -72.022746889999951, -36.873382136999965 ], [ -72.030729141999984, -36.87625778499995 ], [ -72.045648028999949, -36.894154617999959 ], [ -72.084777157999952, -36.894201189999933 ], [ -72.094384283999943, -36.903362691999973 ], [ -72.118220444999963, -36.898497093999936 ], [ -72.150300300999959, -36.900298699999951 ], [ -72.191386401999978, -36.884278320999954 ], [ -72.210332834999974, -36.891451160999964 ], [ -72.217267758999981, -36.901308851999943 ] ] ] } },
{ "type": "Feature", "properties": { "comuna_id": "31580391B16445347690273", "comuna": "Coihueco", "region": "Región de Ñuble" }, "geometry": { "type": "Polygon", "coordinates": [ [ [ -71.953300525999964, -36.656469343999959 ], [ -71.930317717999969, -36.668100949999939 ], [ -71.925405127999966, -36.675525378999964 ], [ -71.913625288999981, -36.676995580999971 ], [ -71.902263065999989, -36.691059459999963 ], [ -71.880036331999975, -36.69602944199994 ], [ -71.859637368999984, -36.713631665999969 ], [ -71.839969103999977, -36.718377589999932 ], [ -71.82183787699995, -36.740953198999932 ], [ -71.803960543999949, -36.74516407699997 ], [ -71.798159378999969, -36.75130196799995 ], [ -71.795080183999971, -36.767181529999959 ], [ -71.78099310999994, -36.772409989999971 ], [ -71.754646502999947, -36.792631149999977 ], [ -71.721616905999952, -36.798715153999979 ], [ -71.674067843999978, -36.796010406999983 ], [ -71.648177688999965, -36.801526983999963 ], [ -71.623176097999988, -36.815122819999942 ], [ -71.611256313999945, -36.830461106999962 ], [ -71.561740721999968, -36.845859707999978 ], [ -71.520201996999958, -36.838815699999941 ], [ -71.512372751999976, -36.830972560999953 ], [ -71.49152165299995, -36.824695639999959 ], [ -71.457380669999964, -36.826777414999981 ], [ -71.440677113999982, -36.813500354999974 ], [ -71.430504548999977, -36.812442644999976 ], [ -71.40622893799997, -36.831735768999977 ], [ -71.398764471999982, -36.850519272999975 ], [ -71.371889694999936, -36.875301452999963 ], [ -71.364266122999936, -36.877422562999982 ], [ -71.350587546999975, -36.894564819999971 ], [ -71.339943137999967, -36.897410987999933 ], [ -71.344929605999937, -36.911186911999948 ], [ -71.329339525999956, -36.919163099999935 ], [ -71.303028208999933, -36.922479061999979 ], [ -71.277854820999949, -36.90959496399995 ], [ -71.260668491999979, -36.914812578999943 ], [ -71.254912733999959, -36.93017974299994 ], [ -71.26038773199997, -36.942089021999948 ], [ -71.223405480999986, -36.965967008999939 ], [ -71.224076851999939, -36.97914389999994 ], [ -71.21906, -36.97335 ], [ -71.204124873999945, -36.974922547999938 ], [ -71.18562, -36.96816 ], [ -71.1744, -36.96786 ], [ -71.16832, -36.97688999899998 ], [ -71.147246236999933, -36.981375646999936 ], [ -71.12891486999996, -36.977492364999932 ], [ -71.127984066999943, -36.972420808999971 ], [ -71.116795667999952, -36.968212979999976 ], [ -71.10554557599994, -36.97078279699997 ], [ -71.088043880999976, -36.939409685999976 ], [ -71.111714979999988, -36.936814247999962 ], [ -71.128045330999953, -36.946937927999954 ], [ -71.135664607999956, -36.94135786399994 ], [ -71.154222817999937, -36.940803487999972 ], [ -71.164909076999948, -36.922276014999966 ], [ -71.195527357999936, -36.901180945999954 ], [ -71.205746700999953, -36.880400083999973 ], [ -71.202770563999934, -36.874354325999946 ], [ -71.223617848999936, -36.861690580999948 ], [ -71.234677587999954, -36.843789483999956 ], [ -71.248612323999964, -36.836852032999957 ], [ -71.254650863999984, -36.81324865299996 ], [ -71.249142872999983, -36.79060640199998 ], [ -71.255461717999935, -36.786458832999983 ], [ -71.255171540999982, -36.776115811999944 ], [ -71.265624367999976, -36.764587124999935 ], [ -71.266295781999986, -36.73609887799995 ], [ -71.262528065999959, -36.730916496999953 ], [ -71.279748336999944, -36.712524739999935 ], [ -71.283966035999981, -36.703866306999942 ], [ -71.278327101999935, -36.696987950999983 ], [ -71.281163963999973, -36.687557973999958 ], [ -71.289751928999976, -36.685155097999939 ], [ -71.291981900999986, -36.678279805999978 ], [ -71.320888210999954, -36.663512448999938 ], [ -71.332220273999951, -36.665127777999942 ], [ -71.347718484999973, -36.654279689999953 ], [ -71.395219962999988, -36.652823707999971 ], [ -71.403286665999985, -36.642718578999961 ], [ -71.421870241999954, -36.63874958599996 ], [ -71.426068905999955, -36.632391599999949 ], [ -71.439011110999957, -36.628822432999982 ], [ -71.43916306999995, -36.619100740999954 ], [ -71.447598495999955, -36.626027653999984 ], [ -71.452618560999952, -36.613304382999956 ], [ -71.463512555999955, -36.615631135999934 ], [ -71.466540562999967, -36.608903132999956 ], [ -71.47706276599996, -36.611598859999958 ], [ -71.485755969999957, -36.603798310999935 ], [ -71.496510270999977, -36.60659452699997 ], [ -71.503679512999952, -36.599748924999972 ], [ -71.520484906999968, -36.596856117999948 ], [ -71.519748279999988, -36.588252367999985 ], [ -71.533787546999974, -36.58236827199994 ], [ -71.544598545999975, -36.570619584999974 ], [ -71.554313241999978, -36.574143294999942 ], [ -71.565039786999989, -36.566872186999944 ], [ -71.561038479999979, -36.563800553999954 ], [ -71.569266848999973, -36.556838209999967 ], [ -71.588435740999955, -36.549664678999932 ], [ -71.58603494099998, -36.541108764999933 ], [ -71.594326312999954, -36.540678643999968 ], [ -71.596695341999975, -36.535167711999975 ], [ -71.592627621999952, -36.528233058999945 ], [ -71.604910598999936, -36.518904643999974 ], [ -71.613669141999935, -36.521251846999974 ], [ -71.618889555999942, -36.515459920999945 ], [ -71.632286050999937, -36.514245896999967 ], [ -71.657694982999942, -36.523639402999947 ], [ -71.681236660999957, -36.522962354999947 ], [ -71.685221741999953, -36.494654895999929 ], [ -71.697900838999942, -36.490906184999972 ], [ -71.696325165999951, -36.483519411999964 ], [ -71.748553121999976, -36.485623204999968 ], [ -71.783326519999946, -36.480081723999945 ], [ -71.787484006999989, -36.490922563999959 ], [ -71.812491590999969, -36.498889579999968 ], [ -71.819821784999988, -36.507382414999938 ], [ -71.856934327999966, -36.514232045999961 ], [ -71.861578519999966, -36.541818751999983 ], [ -71.872815523999975, -36.543173682999964 ], [ -71.877206292999972, -36.564815621999969 ], [ -71.891411635999987, -36.568256194999947 ], [ -71.911039366999944, -36.561023424999973 ], [ -71.950262375999955, -36.567467004999969 ], [ -71.961499391999951, -36.56584930899993 ], [ -71.970175254999958, -36.558697511999981 ], [ -71.976479142999949, -36.563560764999977 ], [ -71.998511958999984, -36.564356397999973 ], [ -72.013042861999963, -36.554911860999937 ], [ -72.024539975999971, -36.56927778599993 ], [ -72.035609339999951, -36.571766624999952 ], [ -72.021055277999949, -36.578608010999972 ], [ -72.028855643999975, -36.589863408999975 ], [ -72.023246452999956, -36.591322177999984 ], [ -72.029569222999953, -36.604499712999939 ], [ -72.000674621999963, -36.612377420999962 ], [ -71.998856320999948, -36.617984067999942 ], [ -71.992598962999978, -36.611445082999978 ], [ -71.994113314999936, -36.615275783999948 ], [ -71.989417470999967, -36.617948462999948 ], [ -71.993042658999968, -36.620685116999937 ], [ -71.979323990999944, -36.624746018999929 ], [ -71.982080111999949, -36.629533154999933 ], [ -71.978534919999959, -36.631364774999952 ], [ -71.976372786999946, -36.625599253999951 ], [ -71.957334222999975, -36.632770897999933 ], [ -71.950911681999969, -36.637312897999948 ], [ -71.953300525999964, -36.656469343999959 ] ] ] } }
]
}
